PKG /opt/real/r6/pybase/ctranslate2/__init__.py /home/ubuntu/w/base/install/lib/libctranslate2.so.4.8.2
========= COMPUTE-SANITIZER
SANCELL b5 [84] [-0.195126]
========= Uninitialized __global__ memory read of size 16 bytes
=========     at ctranslate2::ops::gather_rows_kernel(ctranslate2::ops::GatherRowsArgs, const int *, unsigned int)+0x280
=========     by thread (64,0,0) in block (38,1,0)
=========     Address 0xe27220a00
========= 
========= Uninitialized __global__ memory read of size 16 bytes
=========     at ctranslate2::ops::gather_rows_kernel(ctranslate2::ops::GatherRowsArgs, const int *, unsigned int)+0x280
=========     by thread (65,0,0) in block (38,1,0)
=========     Address 0xe27220a10
========= 
========= Uninitialized __global__ memory read of size 16 bytes
=========     at ctranslate2::ops::gather_rows_kernel(ctranslate2::ops::GatherRowsArgs, const int *, unsigned int)+0x280
=========     by thread (66,0,0) in block (38,1,0)
=========     Address 0xe27220a20
========= 
========= Uninitialized __global__ memory read of size 16 bytes
=========     at ctranslate2::ops::gather_rows_kernel(ctranslate2::ops::GatherRowsArgs, const int *, unsigned int)+0x280
=========     by thread (67,0,0) in block (38,1,0)
=========     Address 0xe27220a30
========= 
========= Uninitialized __global__ memory read of size 16 bytes
=========     at ctranslate2::ops::gather_rows_kernel(ctranslate2::ops::GatherRowsArgs, const int *, unsigned int)+0x280
=========     by thread (68,0,0) in block (38,1,0)
=========     Address 0xe27220a40
========= 
========= Uninitialized __global__ memory read of size 16 bytes
=========     at ctranslate2::ops::gather_rows_kernel(ctranslate2::ops::GatherRowsArgs, const int *, unsigned int)+0x280
=========     by thread (69,0,0) in block (38,1,0)
=========     Address 0xe27220a50
========= 
========= Uninitialized __global__ memory read of size 16 bytes
=========     at ctranslate2::ops::gather_rows_kernel(ctranslate2::ops::GatherRowsArgs, const int *, unsigned int)+0x280
=========     by thread (70,0,0) in block (38,1,0)
=========     Address 0xe27220a60
========= 
========= Uninitialized __global__ memory read of size 16 bytes
=========     at ctranslate2::ops::gather_rows_kernel(ctranslate2::ops::GatherRowsArgs, const int *, unsigned int)+0x280
=========     by thread (71,0,0) in block (38,1,0)
=========     Address 0xe27220a70
========= 
========= Uninitialized __global__ memory read of size 16 bytes
=========     at ctranslate2::ops::gather_rows_kernel(ctranslate2::ops::GatherRowsArgs, const int *, unsigned int)+0x280
=========     by thread (72,0,0) in block (38,1,0)
=========     Address 0xe27220a80
========= 
========= Uninitialized __global__ memory read of size 16 bytes
=========     at ctranslate2::ops::gather_rows_kernel(ctranslate2::ops::GatherRowsArgs, const int *, unsigned int)+0x280
=========     by thread (73,0,0) in block (38,1,0)
=========     Address 0xe27220a90
========= 
========= Uninitialized __global__ memory read of size 16 bytes
=========     at ctranslate2::ops::gather_rows_kernel(ctranslate2::ops::GatherRowsArgs, const int *, unsigned int)+0x280
=========     by thread (74,0,0) in block (38,1,0)
=========     Address 0xe27220aa0
========= 
========= Uninitialized __global__ memory read of size 16 bytes
=========     at ctranslate2::ops::gather_rows_kernel(ctranslate2::ops::GatherRowsArgs, const int *, unsigned int)+0x280
=========     by thread (75,0,0) in block (38,1,0)
=========     Address 0xe27220ab0
========= 
========= Uninitialized __global__ memory read of size 16 bytes
=========     at ctranslate2::ops::gather_rows_kernel(ctranslate2::ops::GatherRowsArgs, const int *, unsigned int)+0x280
=========     by thread (76,0,0) in block (38,1,0)
=========     Address 0xe27220ac0
========= 
========= Uninitialized __global__ memory read of size 16 bytes
=========     at ctranslate2::ops::gather_rows_kernel(ctranslate2::ops::GatherRowsArgs, const int *, unsigned int)+0x280
=========     by thread (77,0,0) in block (38,1,0)
=========     Address 0xe27220ad0
========= 
========= Uninitialized __global__ memory read of size 16 bytes
=========     at ctranslate2::ops::gather_rows_kernel(ctranslate2::ops::GatherRowsArgs, const int *, unsigned int)+0x280
=========     by thread (78,0,0) in block (38,1,0)
=========     Address 0xe27220ae0
========= 
========= Uninitialized __global__ memory read of size 16 bytes
=========     at ctranslate2::ops::gather_rows_kernel(ctranslate2::ops::GatherRowsArgs, const int *, unsigned int)+0x280
=========     by thread (79,0,0) in block (38,1,0)
=========     Address 0xe27220af0
========= 
========= Uninitialized __global__ memory read of size 16 bytes
=========     at ctranslate2::ops::gather_rows_kernel(ctranslate2::ops::GatherRowsArgs, const int *, unsigned int)+0x280
=========     by thread (80,0,0) in block (38,1,0)
=========     Address 0xe27220b00
========= 
========= Uninitialized __global__ memory read of size 16 bytes
=========     at ctranslate2::ops::gather_rows_kernel(ctranslate2::ops::GatherRowsArgs, const int *, unsigned int)+0x280
=========     by thread (81,0,0) in block (38,1,0)
=========     Address 0xe27220b10
========= 
========= Uninitialized __global__ memory read of size 16 bytes
=========     at ctranslate2::ops::gather_rows_kernel(ctranslate2::ops::GatherRowsArgs, const int *, unsigned int)+0x280
=========     by thread (82,0,0) in block (38,1,0)
=========     Address 0xe27220b20
========= 
========= Uninitialized __global__ memory read of size 16 bytes
=========     at ctranslate2::ops::gather_rows_kernel(ctranslate2::ops::GatherRowsArgs, const int *, unsigned int)+0x280
=========     by thread (83,0,0) in block (38,1,0)
=========     Address 0xe27220b30
========= 
========= Uninitialized __global__ memory read of size 16 bytes
=========     at ctranslate2::ops::gather_rows_kernel(ctranslate2::ops::GatherRowsArgs, const int *, unsigned int)+0x280
=========     by thread (84,0,0) in block (38,1,0)
=========     Address 0xe27220b40
========= 
========= Uninitialized __global__ memory read of size 16 bytes
=========     at ctranslate2::ops::gather_rows_kernel(ctranslate2::ops::GatherRowsArgs, const int *, unsigned int)+0x280
=========     by thread (85,0,0) in block (38,1,0)
=========     Address 0xe27220b50
========= 
========= Uninitialized __global__ memory read of size 16 bytes
=========     at ctranslate2::ops::gather_rows_kernel(ctranslate2::ops::GatherRowsArgs, const int *, unsigned int)+0x280
=========     by thread (86,0,0) in block (38,1,0)
=========     Address 0xe27220b60
========= 
========= Uninitialized __global__ memory read of size 16 bytes
=========     at ctranslate2::ops::gather_rows_kernel(ctranslate2::ops::GatherRowsArgs, const int *, unsigned int)+0x280
=========     by thread (87,0,0) in block (38,1,0)
=========     Address 0xe27220b70
========= 
========= Uninitialized __global__ memory read of size 16 bytes
=========     at ctranslate2::ops::gather_rows_kernel(ctranslate2::ops::GatherRowsArgs, const int *, unsigned int)+0x280
=========     by thread (88,0,0) in block (38,1,0)
=========     Address 0xe27220b80
========= 
========= Uninitialized __global__ memory read of size 16 bytes
=========     at ctranslate2::ops::gather_rows_kernel(ctranslate2::ops::GatherRowsArgs, const int *, unsigned int)+0x280
=========     by thread (89,0,0) in block (38,1,0)
=========     Address 0xe27220b90
========= 
========= Uninitialized __global__ memory read of size 16 bytes
=========     at ctranslate2::ops::gather_rows_kernel(ctranslate2::ops::GatherRowsArgs, const int *, unsigned int)+0x280
=========     by thread (90,0,0) in block (38,1,0)
=========     Address 0xe27220ba0
========= 
========= Uninitialized __global__ memory read of size 16 bytes
=========     at ctranslate2::ops::gather_rows_kernel(ctranslate2::ops::GatherRowsArgs, const int *, unsigned int)+0x280
=========     by thread (91,0,0) in block (38,1,0)
=========     Address 0xe27220bb0
========= 
========= Uninitialized __global__ memory read of size 16 bytes
=========     at ctranslate2::ops::gather_rows_kernel(ctranslate2::ops::GatherRowsArgs, const int *, unsigned int)+0x280
=========     by thread (92,0,0) in block (38,1,0)
=========     Address 0xe27220bc0
========= 
========= Uninitialized __global__ memory read of size 16 bytes
=========     at ctranslate2::ops::gather_rows_kernel(ctranslate2::ops::GatherRowsArgs, const int *, unsigned int)+0x280
=========     by thread (93,0,0) in block (38,1,0)
=========     Address 0xe27220bd0
========= 
========= Uninitialized __global__ memory read of size 16 bytes
=========     at ctranslate2::ops::gather_rows_kernel(ctranslate2::ops::GatherRowsArgs, const int *, unsigned int)+0x280
=========     by thread (94,0,0) in block (38,1,0)
=========     Address 0xe27220be0
========= 
========= Uninitialized __global__ memory read of size 16 bytes
=========     at ctranslate2::ops::gather_rows_kernel(ctranslate2::ops::GatherRowsArgs, const int *, unsigned int)+0x280
=========     by thread (95,0,0) in block (38,1,0)
=========     Address 0xe27220bf0
========= 
========= Uninitialized __global__ memory read of size 16 bytes
=========     at ctranslate2::ops::gather_rows_kernel(ctranslate2::ops::GatherRowsArgs, const int *, unsigned int)+0x280
=========     by thread (64,0,0) in block (121,2,0)
=========     Address 0xe27303a00
========= 
========= Uninitialized __global__ memory read of size 16 bytes
=========     at ctranslate2::ops::gather_rows_kernel(ctranslate2::ops::GatherRowsArgs, const int *, unsigned int)+0x280
=========     by thread (65,0,0) in block (121,2,0)
=========     Address 0xe27303a10
========= 
========= Uninitialized __global__ memory read of size 16 bytes
=========     at ctranslate2::ops::gather_rows_kernel(ctranslate2::ops::GatherRowsArgs, const int *, unsigned int)+0x280
=========     by thread (66,0,0) in block (121,2,0)
=========     Address 0xe27303a20
========= 
========= Uninitialized __global__ memory read of size 16 bytes
=========     at ctranslate2::ops::gather_rows_kernel(ctranslate2::ops::GatherRowsArgs, const int *, unsigned int)+0x280
=========     by thread (67,0,0) in block (121,2,0)
=========     Address 0xe27303a30
========= 
========= Uninitialized __global__ memory read of size 16 bytes
=========     at ctranslate2::ops::gather_rows_kernel(ctranslate2::ops::GatherRowsArgs, const int *, unsigned int)+0x280
=========     by thread (68,0,0) in block (121,2,0)
=========     Address 0xe27303a40
========= 
========= Uninitialized __global__ memory read of size 16 bytes
=========     at ctranslate2::ops::gather_rows_kernel(ctranslate2::ops::GatherRowsArgs, const int *, unsigned int)+0x280
=========     by thread (69,0,0) in block (121,2,0)
=========     Address 0xe27303a50
========= 
========= Uninitialized __global__ memory read of size 16 bytes
=========     at ctranslate2::ops::gather_rows_kernel(ctranslate2::ops::GatherRowsArgs, const int *, unsigned int)+0x280
=========     by thread (70,0,0) in block (121,2,0)
=========     Address 0xe27303a60
========= 
========= Uninitialized __global__ memory read of size 16 bytes
=========     at ctranslate2::ops::gather_rows_kernel(ctranslate2::ops::GatherRowsArgs, const int *, unsigned int)+0x280
=========     by thread (71,0,0) in block (121,2,0)
=========     Address 0xe27303a70
========= 
========= Uninitialized __global__ memory read of size 16 bytes
=========     at ctranslate2::ops::gather_rows_kernel(ctranslate2::ops::GatherRowsArgs, const int *, unsigned int)+0x280
=========     by thread (72,0,0) in block (121,2,0)
=========     Address 0xe27303a80
========= 
========= Uninitialized __global__ memory read of size 16 bytes
=========     at ctranslate2::ops::gather_rows_kernel(ctranslate2::ops::GatherRowsArgs, const int *, unsigned int)+0x280
=========     by thread (73,0,0) in block (121,2,0)
=========     Address 0xe27303a90
========= 
========= Uninitialized __global__ memory read of size 16 bytes
=========     at ctranslate2::ops::gather_rows_kernel(ctranslate2::ops::GatherRowsArgs, const int *, unsigned int)+0x280
=========     by thread (74,0,0) in block (121,2,0)
=========     Address 0xe27303aa0
========= 
========= Uninitialized __global__ memory read of size 16 bytes
=========     at ctranslate2::ops::gather_rows_kernel(ctranslate2::ops::GatherRowsArgs, const int *, unsigned int)+0x280
=========     by thread (75,0,0) in block (121,2,0)
=========     Address 0xe27303ab0
========= 
========= Uninitialized __global__ memory read of size 16 bytes
=========     at ctranslate2::ops::gather_rows_kernel(ctranslate2::ops::GatherRowsArgs, const int *, unsigned int)+0x280
=========     by thread (76,0,0) in block (121,2,0)
=========     Address 0xe27303ac0
========= 
========= Uninitialized __global__ memory read of size 16 bytes
=========     at ctranslate2::ops::gather_rows_kernel(ctranslate2::ops::GatherRowsArgs, const int *, unsigned int)+0x280
=========     by thread (77,0,0) in block (121,2,0)
=========     Address 0xe27303ad0
========= 
========= Uninitialized __global__ memory read of size 16 bytes
=========     at ctranslate2::ops::gather_rows_kernel(ctranslate2::ops::GatherRowsArgs, const int *, unsigned int)+0x280
=========     by thread (78,0,0) in block (121,2,0)
=========     Address 0xe27303ae0
========= 
========= Uninitialized __global__ memory read of size 16 bytes
=========     at ctranslate2::ops::gather_rows_kernel(ctranslate2::ops::GatherRowsArgs, const int *, unsigned int)+0x280
=========     by thread (79,0,0) in block (121,2,0)
=========     Address 0xe27303af0
========= 
========= Uninitialized __global__ memory read of size 16 bytes
=========     at ctranslate2::ops::gather_rows_kernel(ctranslate2::ops::GatherRowsArgs, const int *, unsigned int)+0x280
=========     by thread (80,0,0) in block (121,2,0)
=========     Address 0xe27303b00
========= 
========= Uninitialized __global__ memory read of size 16 bytes
=========     at ctranslate2::ops::gather_rows_kernel(ctranslate2::ops::GatherRowsArgs, const int *, unsigned int)+0x280
=========     by thread (81,0,0) in block (121,2,0)
=========     Address 0xe27303b10
========= 
========= Uninitialized __global__ memory read of size 16 bytes
=========     at ctranslate2::ops::gather_rows_kernel(ctranslate2::ops::GatherRowsArgs, const int *, unsigned int)+0x280
=========     by thread (82,0,0) in block (121,2,0)
=========     Address 0xe27303b20
========= 
========= Uninitialized __global__ memory read of size 16 bytes
=========     at ctranslate2::ops::gather_rows_kernel(ctranslate2::ops::GatherRowsArgs, const int *, unsigned int)+0x280
=========     by thread (83,0,0) in block (121,2,0)
=========     Address 0xe27303b30
========= 
========= Uninitialized __global__ memory read of size 16 bytes
=========     at ctranslate2::ops::gather_rows_kernel(ctranslate2::ops::GatherRowsArgs, const int *, unsigned int)+0x280
=========     by thread (84,0,0) in block (121,2,0)
=========     Address 0xe27303b40
========= 
========= Uninitialized __global__ memory read of size 16 bytes
=========     at ctranslate2::ops::gather_rows_kernel(ctranslate2::ops::GatherRowsArgs, const int *, unsigned int)+0x280
=========     by thread (85,0,0) in block (121,2,0)
=========     Address 0xe27303b50
========= 
========= Uninitialized __global__ memory read of size 16 bytes
=========     at ctranslate2::ops::gather_rows_kernel(ctranslate2::ops::GatherRowsArgs, const int *, unsigned int)+0x280
=========     by thread (86,0,0) in block (121,2,0)
=========     Address 0xe27303b60
========= 
========= Uninitialized __global__ memory read of size 16 bytes
=========     at ctranslate2::ops::gather_rows_kernel(ctranslate2::ops::GatherRowsArgs, const int *, unsigned int)+0x280
=========     by thread (87,0,0) in block (121,2,0)
=========     Address 0xe27303b70
========= 
========= Uninitialized __global__ memory read of size 16 bytes
=========     at ctranslate2::ops::gather_rows_kernel(ctranslate2::ops::GatherRowsArgs, const int *, unsigned int)+0x280
=========     by thread (88,0,0) in block (121,2,0)
=========     Address 0xe27303b80
========= 
========= Uninitialized __global__ memory read of size 16 bytes
=========     at ctranslate2::ops::gather_rows_kernel(ctranslate2::ops::GatherRowsArgs, const int *, unsigned int)+0x280
=========     by thread (89,0,0) in block (121,2,0)
=========     Address 0xe27303b90
========= 
========= Uninitialized __global__ memory read of size 16 bytes
=========     at ctranslate2::ops::gather_rows_kernel(ctranslate2::ops::GatherRowsArgs, const int *, unsigned int)+0x280
=========     by thread (90,0,0) in block (121,2,0)
=========     Address 0xe27303ba0
========= 
========= Uninitialized __global__ memory read of size 16 bytes
=========     at ctranslate2::ops::gather_rows_kernel(ctranslate2::ops::GatherRowsArgs, const int *, unsigned int)+0x280
=========     by thread (91,0,0) in block (121,2,0)
=========     Address 0xe27303bb0
========= 
========= Uninitialized __global__ memory read of size 16 bytes
=========     at ctranslate2::ops::gather_rows_kernel(ctranslate2::ops::GatherRowsArgs, const int *, unsigned int)+0x280
=========     by thread (92,0,0) in block (121,2,0)
=========     Address 0xe27303bc0
========= 
========= Uninitialized __global__ memory read of size 16 bytes
=========     at ctranslate2::ops::gather_rows_kernel(ctranslate2::ops::GatherRowsArgs, const int *, unsigned int)+0x280
=========     by thread (93,0,0) in block (121,2,0)
=========     Address 0xe27303bd0
========= 
========= Uninitialized __global__ memory read of size 16 bytes
=========     at ctranslate2::ops::gather_rows_kernel(ctranslate2::ops::GatherRowsArgs, const int *, unsigned int)+0x280
=========     by thread (94,0,0) in block (121,2,0)
=========     Address 0xe27303be0
========= 
========= Uninitialized __global__ memory read of size 16 bytes
=========     at ctranslate2::ops::gather_rows_kernel(ctranslate2::ops::GatherRowsArgs, const int *, unsigned int)+0x280
=========     by thread (95,0,0) in block (121,2,0)
=========     Address 0xe27303bf0
========= 
========= Uninitialized __global__ memory read of size 16 bytes
=========     at ctranslate2::ops::gather_rows_kernel(ctranslate2::ops::GatherRowsArgs, const int *, unsigned int)+0x280
=========     by thread (160,0,0) in block (121,2,0)
=========     Address 0xe27304000
========= 
========= Uninitialized __global__ memory read of size 16 bytes
=========     at ctranslate2::ops::gather_rows_kernel(ctranslate2::ops::GatherRowsArgs, const int *, unsigned int)+0x280
=========     by thread (161,0,0) in block (121,2,0)
=========     Address 0xe27304010
========= 
========= Uninitialized __global__ memory read of size 16 bytes
=========     at ctranslate2::ops::gather_rows_kernel(ctranslate2::ops::GatherRowsArgs, const int *, unsigned int)+0x280
=========     by thread (162,0,0) in block (121,2,0)
=========     Address 0xe27304020
========= 
========= Uninitialized __global__ memory read of size 16 bytes
=========     at ctranslate2::ops::gather_rows_kernel(ctranslate2::ops::GatherRowsArgs, const int *, unsigned int)+0x280
=========     by thread (163,0,0) in block (121,2,0)
=========     Address 0xe27304030
========= 
========= Uninitialized __global__ memory read of size 16 bytes
=========     at ctranslate2::ops::gather_rows_kernel(ctranslate2::ops::GatherRowsArgs, const int *, unsigned int)+0x280
=========     by thread (164,0,0) in block (121,2,0)
=========     Address 0xe27304040
========= 
========= Uninitialized __global__ memory read of size 16 bytes
=========     at ctranslate2::ops::gather_rows_kernel(ctranslate2::ops::GatherRowsArgs, const int *, unsigned int)+0x280
=========     by thread (165,0,0) in block (121,2,0)
=========     Address 0xe27304050
========= 
========= Uninitialized __global__ memory read of size 16 bytes
=========     at ctranslate2::ops::gather_rows_kernel(ctranslate2::ops::GatherRowsArgs, const int *, unsigned int)+0x280
=========     by thread (166,0,0) in block (121,2,0)
=========     Address 0xe27304060
========= 
========= Uninitialized __global__ memory read of size 16 bytes
=========     at ctranslate2::ops::gather_rows_kernel(ctranslate2::ops::GatherRowsArgs, const int *, unsigned int)+0x280
=========     by thread (167,0,0) in block (121,2,0)
=========     Address 0xe27304070
========= 
========= Uninitialized __global__ memory read of size 16 bytes
=========     at ctranslate2::ops::gather_rows_kernel(ctranslate2::ops::GatherRowsArgs, const int *, unsigned int)+0x280
=========     by thread (168,0,0) in block (121,2,0)
=========     Address 0xe27304080
========= 
========= Uninitialized __global__ memory read of size 16 bytes
=========     at ctranslate2::ops::gather_rows_kernel(ctranslate2::ops::GatherRowsArgs, const int *, unsigned int)+0x280
=========     by thread (169,0,0) in block (121,2,0)
=========     Address 0xe27304090
========= 
========= Uninitialized __global__ memory read of size 16 bytes
=========     at ctranslate2::ops::gather_rows_kernel(ctranslate2::ops::GatherRowsArgs, const int *, unsigned int)+0x280
=========     by thread (170,0,0) in block (121,2,0)
=========     Address 0xe273040a0
========= 
========= Uninitialized __global__ memory read of size 16 bytes
=========     at ctranslate2::ops::gather_rows_kernel(ctranslate2::ops::GatherRowsArgs, const int *, unsigned int)+0x280
=========     by thread (171,0,0) in block (121,2,0)
=========     Address 0xe273040b0
========= 
========= Uninitialized __global__ memory read of size 16 bytes
=========     at ctranslate2::ops::gather_rows_kernel(ctranslate2::ops::GatherRowsArgs, const int *, unsigned int)+0x280
=========     by thread (172,0,0) in block (121,2,0)
=========     Address 0xe273040c0
========= 
========= Uninitialized __global__ memory read of size 16 bytes
=========     at ctranslate2::ops::gather_rows_kernel(ctranslate2::ops::GatherRowsArgs, const int *, unsigned int)+0x280
=========     by thread (173,0,0) in block (121,2,0)
=========     Address 0xe273040d0
========= 
========= Uninitialized __global__ memory read of size 16 bytes
=========     at ctranslate2::ops::gather_rows_kernel(ctranslate2::ops::GatherRowsArgs, const int *, unsigned int)+0x280
=========     by thread (174,0,0) in block (121,2,0)
=========     Address 0xe273040e0
========= 
========= Uninitialized __global__ memory read of size 16 bytes
=========     at ctranslate2::ops::gather_rows_kernel(ctranslate2::ops::GatherRowsArgs, const int *, unsigned int)+0x280
=========     by thread (175,0,0) in block (121,2,0)
=========     Address 0xe273040f0
========= 
========= Uninitialized __global__ memory read of size 16 bytes
=========     at ctranslate2::ops::gather_rows_kernel(ctranslate2::ops::GatherRowsArgs, const int *, unsigned int)+0x280
=========     by thread (176,0,0) in block (121,2,0)
=========     Address 0xe27304100
========= 
========= Uninitialized __global__ memory read of size 16 bytes
=========     at ctranslate2::ops::gather_rows_kernel(ctranslate2::ops::GatherRowsArgs, const int *, unsigned int)+0x280
=========     by thread (177,0,0) in block (121,2,0)
=========     Address 0xe27304110
========= 
========= Uninitialized __global__ memory read of size 16 bytes
=========     at ctranslate2::ops::gather_rows_kernel(ctranslate2::ops::GatherRowsArgs, const int *, unsigned int)+0x280
=========     by thread (178,0,0) in block (121,2,0)
=========     Address 0xe27304120
========= 
========= Uninitialized __global__ memory read of size 16 bytes
=========     at ctranslate2::ops::gather_rows_kernel(ctranslate2::ops::GatherRowsArgs, const int *, unsigned int)+0x280
=========     by thread (179,0,0) in block (121,2,0)
=========     Address 0xe27304130
========= 
========= Uninitialized __global__ memory read of size 16 bytes
=========     at ctranslate2::ops::gather_rows_kernel(ctranslate2::ops::GatherRowsArgs, const int *, unsigned int)+0x280
=========     by thread (180,0,0) in block (121,2,0)
=========     Address 0xe27304140
========= 
========= Uninitialized __global__ memory read of size 16 bytes
=========     at ctranslate2::ops::gather_rows_kernel(ctranslate2::ops::GatherRowsArgs, const int *, unsigned int)+0x280
=========     by thread (181,0,0) in block (121,2,0)
=========     Address 0xe27304150
========= 
========= Uninitialized __global__ memory read of size 16 bytes
=========     at ctranslate2::ops::gather_rows_kernel(ctranslate2::ops::GatherRowsArgs, const int *, unsigned int)+0x280
=========     by thread (182,0,0) in block (121,2,0)
=========     Address 0xe27304160
========= 
========= Uninitialized __global__ memory read of size 16 bytes
=========     at ctranslate2::ops::gather_rows_kernel(ctranslate2::ops::GatherRowsArgs, const int *, unsigned int)+0x280
=========     by thread (183,0,0) in block (121,2,0)
=========     Address 0xe27304170
========= 
========= Uninitialized __global__ memory read of size 16 bytes
=========     at ctranslate2::ops::gather_rows_kernel(ctranslate2::ops::GatherRowsArgs, const int *, unsigned int)+0x280
=========     by thread (184,0,0) in block (121,2,0)
=========     Address 0xe27304180
========= 
========= Uninitialized __global__ memory read of size 16 bytes
=========     at ctranslate2::ops::gather_rows_kernel(ctranslate2::ops::GatherRowsArgs, const int *, unsigned int)+0x280
=========     by thread (185,0,0) in block (121,2,0)
=========     Address 0xe27304190
========= 
========= Uninitialized __global__ memory read of size 16 bytes
=========     at ctranslate2::ops::gather_rows_kernel(ctranslate2::ops::GatherRowsArgs, const int *, unsigned int)+0x280
=========     by thread (186,0,0) in block (121,2,0)
=========     Address 0xe273041a0
========= 
========= Uninitialized __global__ memory read of size 16 bytes
=========     at ctranslate2::ops::gather_rows_kernel(ctranslate2::ops::GatherRowsArgs, const int *, unsigned int)+0x280
=========     by thread (187,0,0) in block (121,2,0)
=========     Address 0xe273041b0
========= 
========= Uninitialized __global__ memory read of size 16 bytes
=========     at ctranslate2::ops::gather_rows_kernel(ctranslate2::ops::GatherRowsArgs, const int *, unsigned int)+0x280
=========     by thread (188,0,0) in block (121,2,0)
=========     Address 0xe273041c0
========= 
========= Uninitialized __global__ memory read of size 16 bytes
=========     at ctranslate2::ops::gather_rows_kernel(ctranslate2::ops::GatherRowsArgs, const int *, unsigned int)+0x280
=========     by thread (189,0,0) in block (121,2,0)
=========     Address 0xe273041d0
========= 
========= Uninitialized __global__ memory read of size 16 bytes
=========     at ctranslate2::ops::gather_rows_kernel(ctranslate2::ops::GatherRowsArgs, const int *, unsigned int)+0x280
=========     by thread (190,0,0) in block (121,2,0)
=========     Address 0xe273041e0
========= 
========= Uninitialized __global__ memory read of size 16 bytes
=========     at ctranslate2::ops::gather_rows_kernel(ctranslate2::ops::GatherRowsArgs, const int *, unsigned int)+0x280
=========     by thread (191,0,0) in block (121,2,0)
=========     Address 0xe273041f0
========= 
========= Uninitialized __global__ memory read of size 16 bytes
=========     at ctranslate2::ops::gather_rows_kernel(ctranslate2::ops::GatherRowsArgs, const int *, unsigned int)+0x280
=========     by thread (192,0,0) in block (38,1,0)
=========     Address 0xe27221200
========= 
========= Uninitialized __global__ memory read of size 16 bytes
=========     at ctranslate2::ops::gather_rows_kernel(ctranslate2::ops::GatherRowsArgs, const int *, unsigned int)+0x280
=========     by thread (193,0,0) in block (38,1,0)
=========     Address 0xe27221210
========= 
========= Uninitialized __global__ memory read of size 16 bytes
=========     at ctranslate2::ops::gather_rows_kernel(ctranslate2::ops::GatherRowsArgs, const int *, unsigned int)+0x280
=========     by thread (194,0,0) in block (38,1,0)
=========     Address 0xe27221220
========= 
========= Uninitialized __global__ memory read of size 16 bytes
=========     at ctranslate2::ops::gather_rows_kernel(ctranslate2::ops::GatherRowsArgs, const int *, unsigned int)+0x280
=========     by thread (195,0,0) in block (38,1,0)
=========     Address 0xe27221230
========= 
========= Uninitialized __global__ memory read of size 16 bytes
=========     at ctranslate2::ops::gather_rows_kernel(ctranslate2::ops::GatherRowsArgs, const int *, unsigned int)+0x280
=========     by thread (196,0,0) in block (38,1,0)
=========     Address 0xe27221240
========= 
========= Uninitialized __global__ memory read of size 16 bytes
=========     at ctranslate2::ops::gather_rows_kernel(ctranslate2::ops::GatherRowsArgs, const int *, unsigned int)+0x280
=========     by thread (197,0,0) in block (38,1,0)
=========     Address 0xe27221250
========= 
========= Uninitialized __global__ memory read of size 16 bytes
=========     at ctranslate2::ops::gather_rows_kernel(ctranslate2::ops::GatherRowsArgs, const int *, unsigned int)+0x280
=========     by thread (198,0,0) in block (38,1,0)
=========     Address 0xe27221260
========= 
========= Uninitialized __global__ memory read of size 16 bytes
=========     at ctranslate2::ops::gather_rows_kernel(ctranslate2::ops::GatherRowsArgs, const int *, unsigned int)+0x280
=========     by thread (199,0,0) in block (38,1,0)
=========     Address 0xe27221270
========= 
========= Uninitialized __global__ memory read of size 16 bytes
=========     at ctranslate2::ops::gather_rows_kernel(ctranslate2::ops::GatherRowsArgs, const int *, unsigned int)+0x280
=========     by thread (200,0,0) in block (38,1,0)
=========     Address 0xe27221280
========= 
========= Uninitialized __global__ memory read of size 16 bytes
=========     at ctranslate2::ops::gather_rows_kernel(ctranslate2::ops::GatherRowsArgs, const int *, unsigned int)+0x280
=========     by thread (201,0,0) in block (38,1,0)
=========     Address 0xe27221290
========= 
========= Uninitialized __global__ memory read of size 16 bytes
=========     at ctranslate2::ops::gather_rows_kernel(ctranslate2::ops::GatherRowsArgs, const int *, unsigned int)+0x280
=========     by thread (202,0,0) in block (38,1,0)
=========     Address 0xe272212a0
========= 
========= Uninitialized __global__ memory read of size 16 bytes
=========     at ctranslate2::ops::gather_rows_kernel(ctranslate2::ops::GatherRowsArgs, const int *, unsigned int)+0x280
=========     by thread (203,0,0) in block (38,1,0)
=========     Address 0xe272212b0
========= 
========= Uninitialized __global__ memory read of size 16 bytes
=========     at ctranslate2::ops::gather_rows_kernel(ctranslate2::ops::GatherRowsArgs, const int *, unsigned int)+0x280
=========     by thread (204,0,0) in block (38,1,0)
=========     Address 0xe272212c0
========= 
========= Uninitialized __global__ memory read of size 16 bytes
=========     at ctranslate2::ops::gather_rows_kernel(ctranslate2::ops::GatherRowsArgs, const int *, unsigned int)+0x280
=========     by thread (205,0,0) in block (38,1,0)
=========     Address 0xe272212d0
========= 
========= Uninitialized __global__ memory read of size 16 bytes
=========     at ctranslate2::ops::gather_rows_kernel(ctranslate2::ops::GatherRowsArgs, const int *, unsigned int)+0x280
=========     by thread (206,0,0) in block (38,1,0)
=========     Address 0xe272212e0
========= 
========= Uninitialized __global__ memory read of size 16 bytes
=========     at ctranslate2::ops::gather_rows_kernel(ctranslate2::ops::GatherRowsArgs, const int *, unsigned int)+0x280
=========     by thread (207,0,0) in block (38,1,0)
=========     Address 0xe272212f0
========= 
========= Uninitialized __global__ memory read of size 16 bytes
=========     at ctranslate2::ops::gather_rows_kernel(ctranslate2::ops::GatherRowsArgs, const int *, unsigned int)+0x280
=========     by thread (208,0,0) in block (38,1,0)
=========     Address 0xe27221300
========= 
========= Uninitialized __global__ memory read of size 16 bytes
=========     at ctranslate2::ops::gather_rows_kernel(ctranslate2::ops::GatherRowsArgs, const int *, unsigned int)+0x280
=========     by thread (209,0,0) in block (38,1,0)
=========     Address 0xe27221310
========= 
========= Uninitialized __global__ memory read of size 16 bytes
=========     at ctranslate2::ops::gather_rows_kernel(ctranslate2::ops::GatherRowsArgs, const int *, unsigned int)+0x280
=========     by thread (210,0,0) in block (38,1,0)
=========     Address 0xe27221320
========= 
========= Uninitialized __global__ memory read of size 16 bytes
=========     at ctranslate2::ops::gather_rows_kernel(ctranslate2::ops::GatherRowsArgs, const int *, unsigned int)+0x280
=========     by thread (211,0,0) in block (38,1,0)
=========     Address 0xe27221330
========= 
========= Uninitialized __global__ memory read of size 16 bytes
=========     at ctranslate2::ops::gather_rows_kernel(ctranslate2::ops::GatherRowsArgs, const int *, unsigned int)+0x280
=========     by thread (212,0,0) in block (38,1,0)
=========     Address 0xe27221340
========= 
========= Uninitialized __global__ memory read of size 16 bytes
=========     at ctranslate2::ops::gather_rows_kernel(ctranslate2::ops::GatherRowsArgs, const int *, unsigned int)+0x280
=========     by thread (213,0,0) in block (38,1,0)
=========     Address 0xe27221350
========= 
========= Uninitialized __global__ memory read of size 16 bytes
=========     at ctranslate2::ops::gather_rows_kernel(ctranslate2::ops::GatherRowsArgs, const int *, unsigned int)+0x280
=========     by thread (214,0,0) in block (38,1,0)
=========     Address 0xe27221360
========= 
========= Uninitialized __global__ memory read of size 16 bytes
=========     at ctranslate2::ops::gather_rows_kernel(ctranslate2::ops::GatherRowsArgs, const int *, unsigned int)+0x280
=========     by thread (215,0,0) in block (38,1,0)
=========     Address 0xe27221370
========= 
========= Uninitialized __global__ memory read of size 16 bytes
=========     at ctranslate2::ops::gather_rows_kernel(ctranslate2::ops::GatherRowsArgs, const int *, unsigned int)+0x280
=========     by thread (216,0,0) in block (38,1,0)
=========     Address 0xe27221380
========= 
========= Uninitialized __global__ memory read of size 16 bytes
=========     at ctranslate2::ops::gather_rows_kernel(ctranslate2::ops::GatherRowsArgs, const int *, unsigned int)+0x280
=========     by thread (217,0,0) in block (38,1,0)
=========     Address 0xe27221390
========= 
========= Uninitialized __global__ memory read of size 16 bytes
=========     at ctranslate2::ops::gather_rows_kernel(ctranslate2::ops::GatherRowsArgs, const int *, unsigned int)+0x280
=========     by thread (218,0,0) in block (38,1,0)
=========     Address 0xe272213a0
========= 
========= Uninitialized __global__ memory read of size 16 bytes
=========     at ctranslate2::ops::gather_rows_kernel(ctranslate2::ops::GatherRowsArgs, const int *, unsigned int)+0x280
=========     by thread (219,0,0) in block (38,1,0)
=========     Address 0xe272213b0
========= 
========= Uninitialized __global__ memory read of size 16 bytes
=========     at ctranslate2::ops::gather_rows_kernel(ctranslate2::ops::GatherRowsArgs, const int *, unsigned int)+0x280
=========     by thread (220,0,0) in block (38,1,0)
=========     Address 0xe272213c0
========= 
========= Uninitialized __global__ memory read of size 16 bytes
=========     at ctranslate2::ops::gather_rows_kernel(ctranslate2::ops::GatherRowsArgs, const int *, unsigned int)+0x280
=========     by thread (221,0,0) in block (38,1,0)
=========     Address 0xe272213d0
========= 
========= Uninitialized __global__ memory read of size 16 bytes
=========     at ctranslate2::ops::gather_rows_kernel(ctranslate2::ops::GatherRowsArgs, const int *, unsigned int)+0x280
=========     by thread (222,0,0) in block (38,1,0)
=========     Address 0xe272213e0
========= 
========= Uninitialized __global__ memory read of size 16 bytes
=========     at ctranslate2::ops::gather_rows_kernel(ctranslate2::ops::GatherRowsArgs, const int *, unsigned int)+0x280
=========     by thread (223,0,0) in block (38,1,0)
=========     Address 0xe272213f0
========= 
========= Uninitialized __global__ memory read of size 16 bytes
=========     at ctranslate2::ops::gather_rows_kernel(ctranslate2::ops::GatherRowsArgs, const int *, unsigned int)+0x280
=========     by thread (96,0,0) in block (199,1,0)
=========     Address 0xe27201c00
========= 
========= Uninitialized __global__ memory read of size 16 bytes
=========     at ctranslate2::ops::gather_rows_kernel(ctranslate2::ops::GatherRowsArgs, const int *, unsigned int)+0x280
=========     by thread (97,0,0) in block (199,1,0)
=========     Address 0xe27201c10
========= 
========= Uninitialized __global__ memory read of size 16 bytes
=========     at ctranslate2::ops::gather_rows_kernel(ctranslate2::ops::GatherRowsArgs, const int *, unsigned int)+0x280
=========     by thread (98,0,0) in block (199,1,0)
=========     Address 0xe27201c20
========= 
========= Uninitialized __global__ memory read of size 16 bytes
=========     at ctranslate2::ops::gather_rows_kernel(ctranslate2::ops::GatherRowsArgs, const int *, unsigned int)+0x280
=========     by thread (99,0,0) in block (199,1,0)
=========     Address 0xe27201c30
========= 
========= Uninitialized __global__ memory read of size 16 bytes
=========     at ctranslate2::ops::gather_rows_kernel(ctranslate2::ops::GatherRowsArgs, const int *, unsigned int)+0x280
=========     by thread (100,0,0) in block (199,1,0)
=========     Address 0xe27201c40
========= 
========= Uninitialized __global__ memory read of size 16 bytes
=========     at ctranslate2::ops::gather_rows_kernel(ctranslate2::ops::GatherRowsArgs, const int *, unsigned int)+0x280
=========     by thread (101,0,0) in block (199,1,0)
=========     Address 0xe27201c50
========= 
========= Uninitialized __global__ memory read of size 16 bytes
=========     at ctranslate2::ops::gather_rows_kernel(ctranslate2::ops::GatherRowsArgs, const int *, unsigned int)+0x280
=========     by thread (102,0,0) in block (199,1,0)
=========     Address 0xe27201c60
========= 
========= Uninitialized __global__ memory read of size 16 bytes
=========     at ctranslate2::ops::gather_rows_kernel(ctranslate2::ops::GatherRowsArgs, const int *, unsigned int)+0x280
=========     by thread (103,0,0) in block (199,1,0)
=========     Address 0xe27201c70
========= 
========= Uninitialized __global__ memory read of size 16 bytes
=========     at ctranslate2::ops::gather_rows_kernel(ctranslate2::ops::GatherRowsArgs, const int *, unsigned int)+0x280
=========     by thread (104,0,0) in block (199,1,0)
=========     Address 0xe27201c80
========= 
========= Uninitialized __global__ memory read of size 16 bytes
=========     at ctranslate2::ops::gather_rows_kernel(ctranslate2::ops::GatherRowsArgs, const int *, unsigned int)+0x280
=========     by thread (105,0,0) in block (199,1,0)
=========     Address 0xe27201c90
========= 
========= Uninitialized __global__ memory read of size 16 bytes
=========     at ctranslate2::ops::gather_rows_kernel(ctranslate2::ops::GatherRowsArgs, const int *, unsigned int)+0x280
=========     by thread (106,0,0) in block (199,1,0)
=========     Address 0xe27201ca0
========= 
========= Uninitialized __global__ memory read of size 16 bytes
=========     at ctranslate2::ops::gather_rows_kernel(ctranslate2::ops::GatherRowsArgs, const int *, unsigned int)+0x280
=========     by thread (107,0,0) in block (199,1,0)
=========     Address 0xe27201cb0
========= 
========= Uninitialized __global__ memory read of size 16 bytes
=========     at ctranslate2::ops::gather_rows_kernel(ctranslate2::ops::GatherRowsArgs, const int *, unsigned int)+0x280
=========     by thread (108,0,0) in block (199,1,0)
=========     Address 0xe27201cc0
========= 
========= Uninitialized __global__ memory read of size 16 bytes
=========     at ctranslate2::ops::gather_rows_kernel(ctranslate2::ops::GatherRowsArgs, const int *, unsigned int)+0x280
=========     by thread (109,0,0) in block (199,1,0)
=========     Address 0xe27201cd0
========= 
========= Uninitialized __global__ memory read of size 16 bytes
=========     at ctranslate2::ops::gather_rows_kernel(ctranslate2::ops::GatherRowsArgs, const int *, unsigned int)+0x280
=========     by thread (110,0,0) in block (199,1,0)
=========     Address 0xe27201ce0
========= 
========= Uninitialized __global__ memory read of size 16 bytes
=========     at ctranslate2::ops::gather_rows_kernel(ctranslate2::ops::GatherRowsArgs, const int *, unsigned int)+0x280
=========     by thread (111,0,0) in block (199,1,0)
=========     Address 0xe27201cf0
========= 
========= Uninitialized __global__ memory read of size 16 bytes
=========     at ctranslate2::ops::gather_rows_kernel(ctranslate2::ops::GatherRowsArgs, const int *, unsigned int)+0x280
=========     by thread (112,0,0) in block (199,1,0)
=========     Address 0xe27201d00
========= 
========= Uninitialized __global__ memory read of size 16 bytes
=========     at ctranslate2::ops::gather_rows_kernel(ctranslate2::ops::GatherRowsArgs, const int *, unsigned int)+0x280
=========     by thread (113,0,0) in block (199,1,0)
=========     Address 0xe27201d10
========= 
========= Uninitialized __global__ memory read of size 16 bytes
=========     at ctranslate2::ops::gather_rows_kernel(ctranslate2::ops::GatherRowsArgs, const int *, unsigned int)+0x280
=========     by thread (128,0,0) in block (94,2,0)
=========     Address 0xe27318e00
========= 
========= Uninitialized __global__ memory read of size 16 bytes
=========     at ctranslate2::ops::gather_rows_kernel(ctranslate2::ops::GatherRowsArgs, const int *, unsigned int)+0x280
=========     by thread (114,0,0) in block (199,1,0)
=========     Address 0xe27201d20
========= 
========= Uninitialized __global__ memory read of size 16 bytes
=========     at ctranslate2::ops::gather_rows_kernel(ctranslate2::ops::GatherRowsArgs, const int *, unsigned int)+0x280
=========     by thread (129,0,0) in block (94,2,0)
=========     Address 0xe27318e10
========= 
========= Uninitialized __global__ memory read of size 16 bytes
=========     at ctranslate2::ops::gather_rows_kernel(ctranslate2::ops::GatherRowsArgs, const int *, unsigned int)+0x280
=========     by thread (130,0,0) in block (94,2,0)
=========     Address 0xe27318e20
========= 
========= Uninitialized __global__ memory read of size 16 bytes
=========     at ctranslate2::ops::gather_rows_kernel(ctranslate2::ops::GatherRowsArgs, const int *, unsigned int)+0x280
=========     by thread (131,0,0) in block (94,2,0)
=========     Address 0xe27318e30
========= 
========= Uninitialized __global__ memory read of size 16 bytes
=========     at ctranslate2::ops::gather_rows_kernel(ctranslate2::ops::GatherRowsArgs, const int *, unsigned int)+0x280
=========     by thread (132,0,0) in block (94,2,0)
=========     Address 0xe27318e40
========= 
========= Uninitialized __global__ memory read of size 16 bytes
=========     at ctranslate2::ops::gather_rows_kernel(ctranslate2::ops::GatherRowsArgs, const int *, unsigned int)+0x280
=========     by thread (133,0,0) in block (94,2,0)
=========     Address 0xe27318e50
========= 
========= Uninitialized __global__ memory read of size 16 bytes
=========     at ctranslate2::ops::gather_rows_kernel(ctranslate2::ops::GatherRowsArgs, const int *, unsigned int)+0x280
=========     by thread (134,0,0) in block (94,2,0)
=========     Address 0xe27318e60
========= 
========= Uninitialized __global__ memory read of size 16 bytes
=========     at ctranslate2::ops::gather_rows_kernel(ctranslate2::ops::GatherRowsArgs, const int *, unsigned int)+0x280
=========     by thread (135,0,0) in block (94,2,0)
=========     Address 0xe27318e70
========= 
========= Uninitialized __global__ memory read of size 16 bytes
=========     at ctranslate2::ops::gather_rows_kernel(ctranslate2::ops::GatherRowsArgs, const int *, unsigned int)+0x280
=========     by thread (136,0,0) in block (94,2,0)
=========     Address 0xe27318e80
========= 
========= Uninitialized __global__ memory read of size 16 bytes
=========     at ctranslate2::ops::gather_rows_kernel(ctranslate2::ops::GatherRowsArgs, const int *, unsigned int)+0x280
=========     by thread (115,0,0) in block (199,1,0)
=========     Address 0xe27201d30
========= 
========= Uninitialized __global__ memory read of size 16 bytes
=========     at ctranslate2::ops::gather_rows_kernel(ctranslate2::ops::GatherRowsArgs, const int *, unsigned int)+0x280
=========     by thread (137,0,0) in block (94,2,0)
=========     Address 0xe27318e90
========= 
========= Uninitialized __global__ memory read of size 16 bytes
=========     at ctranslate2::ops::gather_rows_kernel(ctranslate2::ops::GatherRowsArgs, const int *, unsigned int)+0x280
=========     by thread (138,0,0) in block (94,2,0)
=========     Address 0xe27318ea0
========= 
========= Uninitialized __global__ memory read of size 16 bytes
=========     at ctranslate2::ops::gather_rows_kernel(ctranslate2::ops::GatherRowsArgs, const int *, unsigned int)+0x280
=========     by thread (139,0,0) in block (94,2,0)
=========     Address 0xe27318eb0
========= 
========= Uninitialized __global__ memory read of size 16 bytes
=========     at ctranslate2::ops::gather_rows_kernel(ctranslate2::ops::GatherRowsArgs, const int *, unsigned int)+0x280
=========     by thread (140,0,0) in block (94,2,0)
=========     Address 0xe27318ec0
========= 
========= Uninitialized __global__ memory read of size 16 bytes
=========     at ctranslate2::ops::gather_rows_kernel(ctranslate2::ops::GatherRowsArgs, const int *, unsigned int)+0x280
=========     by thread (141,0,0) in block (94,2,0)
=========     Address 0xe27318ed0
========= 
========= Uninitialized __global__ memory read of size 16 bytes
=========     at ctranslate2::ops::gather_rows_kernel(ctranslate2::ops::GatherRowsArgs, const int *, unsigned int)+0x280
=========     by thread (142,0,0) in block (94,2,0)
=========     Address 0xe27318ee0
========= 
========= Uninitialized __global__ memory read of size 16 bytes
=========     at ctranslate2::ops::gather_rows_kernel(ctranslate2::ops::GatherRowsArgs, const int *, unsigned int)+0x280
=========     by thread (143,0,0) in block (94,2,0)
=========     Address 0xe27318ef0
========= 
========= Uninitialized __global__ memory read of size 16 bytes
=========     at ctranslate2::ops::gather_rows_kernel(ctranslate2::ops::GatherRowsArgs, const int *, unsigned int)+0x280
=========     by thread (144,0,0) in block (94,2,0)
=========     Address 0xe27318f00
========= 
========= Uninitialized __global__ memory read of size 16 bytes
=========     at ctranslate2::ops::gather_rows_kernel(ctranslate2::ops::GatherRowsArgs, const int *, unsigned int)+0x280
=========     by thread (145,0,0) in block (94,2,0)
=========     Address 0xe27318f10
========= 
========= Uninitialized __global__ memory read of size 16 bytes
=========     at ctranslate2::ops::gather_rows_kernel(ctranslate2::ops::GatherRowsArgs, const int *, unsigned int)+0x280
=========     by thread (146,0,0) in block (94,2,0)
=========     Address 0xe27318f20
========= 
========= Uninitialized __global__ memory read of size 16 bytes
=========     at ctranslate2::ops::gather_rows_kernel(ctranslate2::ops::GatherRowsArgs, const int *, unsigned int)+0x280
=========     by thread (147,0,0) in block (94,2,0)
=========     Address 0xe27318f30
========= 
========= Uninitialized __global__ memory read of size 16 bytes
=========     at ctranslate2::ops::gather_rows_kernel(ctranslate2::ops::GatherRowsArgs, const int *, unsigned int)+0x280
=========     by thread (148,0,0) in block (94,2,0)
=========     Address 0xe27318f40
========= 
========= Uninitialized __global__ memory read of size 16 bytes
=========     at ctranslate2::ops::gather_rows_kernel(ctranslate2::ops::GatherRowsArgs, const int *, unsigned int)+0x280
=========     by thread (149,0,0) in block (94,2,0)
=========     Address 0xe27318f50
========= 
========= Uninitialized __global__ memory read of size 16 bytes
=========     at ctranslate2::ops::gather_rows_kernel(ctranslate2::ops::GatherRowsArgs, const int *, unsigned int)+0x280
=========     by thread (150,0,0) in block (94,2,0)
=========     Address 0xe27318f60
========= 
========= Uninitialized __global__ memory read of size 16 bytes
=========     at ctranslate2::ops::gather_rows_kernel(ctranslate2::ops::GatherRowsArgs, const int *, unsigned int)+0x280
=========     by thread (151,0,0) in block (94,2,0)
=========     Address 0xe27318f70
========= 
========= Uninitialized __global__ memory read of size 16 bytes
=========     at ctranslate2::ops::gather_rows_kernel(ctranslate2::ops::GatherRowsArgs, const int *, unsigned int)+0x280
=========     by thread (116,0,0) in block (199,1,0)
=========     Address 0xe27201d40
========= 
========= Uninitialized __global__ memory read of size 16 bytes
=========     at ctranslate2::ops::gather_rows_kernel(ctranslate2::ops::GatherRowsArgs, const int *, unsigned int)+0x280
=========     by thread (152,0,0) in block (94,2,0)
=========     Address 0xe27318f80
========= 
========= Uninitialized __global__ memory read of size 16 bytes
=========     at ctranslate2::ops::gather_rows_kernel(ctranslate2::ops::GatherRowsArgs, const int *, unsigned int)+0x280
=========     by thread (153,0,0) in block (94,2,0)
=========     Address 0xe27318f90
========= 
========= Uninitialized __global__ memory read of size 16 bytes
=========     at ctranslate2::ops::gather_rows_kernel(ctranslate2::ops::GatherRowsArgs, const int *, unsigned int)+0x280
=========     by thread (154,0,0) in block (94,2,0)
=========     Address 0xe27318fa0
========= 
========= Uninitialized __global__ memory read of size 16 bytes
=========     at ctranslate2::ops::gather_rows_kernel(ctranslate2::ops::GatherRowsArgs, const int *, unsigned int)+0x280
=========     by thread (155,0,0) in block (94,2,0)
=========     Address 0xe27318fb0
========= 
========= Uninitialized __global__ memory read of size 16 bytes
=========     at ctranslate2::ops::gather_rows_kernel(ctranslate2::ops::GatherRowsArgs, const int *, unsigned int)+0x280
=========     by thread (156,0,0) in block (94,2,0)
=========     Address 0xe27318fc0
========= 
========= Uninitialized __global__ memory read of size 16 bytes
=========     at ctranslate2::ops::gather_rows_kernel(ctranslate2::ops::GatherRowsArgs, const int *, unsigned int)+0x280
=========     by thread (117,0,0) in block (199,1,0)
=========     Address 0xe27201d50
========= 
========= Uninitialized __global__ memory read of size 16 bytes
=========     at ctranslate2::ops::gather_rows_kernel(ctranslate2::ops::GatherRowsArgs, const int *, unsigned int)+0x280
=========     by thread (157,0,0) in block (94,2,0)
=========     Address 0xe27318fd0
========= 
========= Uninitialized __global__ memory read of size 16 bytes
=========     at ctranslate2::ops::gather_rows_kernel(ctranslate2::ops::GatherRowsArgs, const int *, unsigned int)+0x280
=========     by thread (158,0,0) in block (94,2,0)
=========     Address 0xe27318fe0
========= 
========= Uninitialized __global__ memory read of size 16 bytes
=========     at ctranslate2::ops::gather_rows_kernel(ctranslate2::ops::GatherRowsArgs, const int *, unsigned int)+0x280
=========     by thread (159,0,0) in block (94,2,0)
=========     Address 0xe27318ff0
========= 
========= Uninitialized __global__ memory read of size 16 bytes
=========     at ctranslate2::ops::gather_rows_kernel(ctranslate2::ops::GatherRowsArgs, const int *, unsigned int)+0x280
=========     by thread (118,0,0) in block (199,1,0)
=========     Address 0xe27201d60
========= 
========= Uninitialized __global__ memory read of size 16 bytes
=========     at ctranslate2::ops::gather_rows_kernel(ctranslate2::ops::GatherRowsArgs, const int *, unsigned int)+0x280
=========     by thread (119,0,0) in block (199,1,0)
=========     Address 0xe27201d70
========= 
========= Uninitialized __global__ memory read of size 16 bytes
=========     at ctranslate2::ops::gather_rows_kernel(ctranslate2::ops::GatherRowsArgs, const int *, unsigned int)+0x280
=========     by thread (120,0,0) in block (199,1,0)
=========     Address 0xe27201d80
========= 
========= Uninitialized __global__ memory read of size 16 bytes
=========     at ctranslate2::ops::gather_rows_kernel(ctranslate2::ops::GatherRowsArgs, const int *, unsigned int)+0x280
=========     by thread (121,0,0) in block (199,1,0)
=========     Address 0xe27201d90
========= 
========= Uninitialized __global__ memory read of size 16 bytes
=========     at ctranslate2::ops::gather_rows_kernel(ctranslate2::ops::GatherRowsArgs, const int *, unsigned int)+0x280
=========     by thread (122,0,0) in block (199,1,0)
=========     Address 0xe27201da0
========= 
========= Uninitialized __global__ memory read of size 16 bytes
=========     at ctranslate2::ops::gather_rows_kernel(ctranslate2::ops::GatherRowsArgs, const int *, unsigned int)+0x280
=========     by thread (123,0,0) in block (199,1,0)
=========     Address 0xe27201db0
========= 
========= Uninitialized __global__ memory read of size 16 bytes
=========     at ctranslate2::ops::gather_rows_kernel(ctranslate2::ops::GatherRowsArgs, const int *, unsigned int)+0x280
=========     by thread (124,0,0) in block (199,1,0)
=========     Address 0xe27201dc0
========= 
========= Uninitialized __global__ memory read of size 16 bytes
=========     at ctranslate2::ops::gather_rows_kernel(ctranslate2::ops::GatherRowsArgs, const int *, unsigned int)+0x280
=========     by thread (125,0,0) in block (199,1,0)
=========     Address 0xe27201dd0
========= 
========= Uninitialized __global__ memory read of size 16 bytes
=========     at ctranslate2::ops::gather_rows_kernel(ctranslate2::ops::GatherRowsArgs, const int *, unsigned int)+0x280
=========     by thread (126,0,0) in block (199,1,0)
=========     Address 0xe27201de0
========= 
========= Uninitialized __global__ memory read of size 16 bytes
=========     at ctranslate2::ops::gather_rows_kernel(ctranslate2::ops::GatherRowsArgs, const int *, unsigned int)+0x280
=========     by thread (127,0,0) in block (199,1,0)
=========     Address 0xe27201df0
========= 
========= Uninitialized __global__ memory read of size 16 bytes
=========     at ctranslate2::ops::gather_rows_kernel(ctranslate2::ops::GatherRowsArgs, const int *, unsigned int)+0x280
=========     by thread (192,0,0) in block (121,2,0)
=========     Address 0xe27304200
========= 
========= Uninitialized __global__ memory read of size 16 bytes
=========     at ctranslate2::ops::gather_rows_kernel(ctranslate2::ops::GatherRowsArgs, const int *, unsigned int)+0x280
=========     by thread (193,0,0) in block (121,2,0)
=========     Address 0xe27304210
========= 
========= Uninitialized __global__ memory read of size 16 bytes
=========     at ctranslate2::ops::gather_rows_kernel(ctranslate2::ops::GatherRowsArgs, const int *, unsigned int)+0x280
=========     by thread (194,0,0) in block (121,2,0)
=========     Address 0xe27304220
========= 
========= Uninitialized __global__ memory read of size 16 bytes
=========     at ctranslate2::ops::gather_rows_kernel(ctranslate2::ops::GatherRowsArgs, const int *, unsigned int)+0x280
=========     by thread (195,0,0) in block (121,2,0)
=========     Address 0xe27304230
========= 
========= Uninitialized __global__ memory read of size 16 bytes
=========     at ctranslate2::ops::gather_rows_kernel(ctranslate2::ops::GatherRowsArgs, const int *, unsigned int)+0x280
=========     by thread (196,0,0) in block (121,2,0)
=========     Address 0xe27304240
========= 
========= Uninitialized __global__ memory read of size 16 bytes
=========     at ctranslate2::ops::gather_rows_kernel(ctranslate2::ops::GatherRowsArgs, const int *, unsigned int)+0x280
=========     by thread (197,0,0) in block (121,2,0)
=========     Address 0xe27304250
========= 
========= Uninitialized __global__ memory read of size 16 bytes
=========     at ctranslate2::ops::gather_rows_kernel(ctranslate2::ops::GatherRowsArgs, const int *, unsigned int)+0x280
=========     by thread (198,0,0) in block (121,2,0)
=========     Address 0xe27304260
========= 
========= Uninitialized __global__ memory read of size 16 bytes
=========     at ctranslate2::ops::gather_rows_kernel(ctranslate2::ops::GatherRowsArgs, const int *, unsigned int)+0x280
=========     by thread (199,0,0) in block (121,2,0)
=========     Address 0xe27304270
========= 
========= Uninitialized __global__ memory read of size 16 bytes
=========     at ctranslate2::ops::gather_rows_kernel(ctranslate2::ops::GatherRowsArgs, const int *, unsigned int)+0x280
=========     by thread (200,0,0) in block (121,2,0)
=========     Address 0xe27304280
========= 
========= Uninitialized __global__ memory read of size 16 bytes
=========     at ctranslate2::ops::gather_rows_kernel(ctranslate2::ops::GatherRowsArgs, const int *, unsigned int)+0x280
=========     by thread (201,0,0) in block (121,2,0)
=========     Address 0xe27304290
========= 
========= Uninitialized __global__ memory read of size 16 bytes
=========     at ctranslate2::ops::gather_rows_kernel(ctranslate2::ops::GatherRowsArgs, const int *, unsigned int)+0x280
=========     by thread (202,0,0) in block (121,2,0)
=========     Address 0xe273042a0
========= 
========= Uninitialized __global__ memory read of size 16 bytes
=========     at ctranslate2::ops::gather_rows_kernel(ctranslate2::ops::GatherRowsArgs, const int *, unsigned int)+0x280
=========     by thread (203,0,0) in block (121,2,0)
=========     Address 0xe273042b0
========= 
========= Uninitialized __global__ memory read of size 16 bytes
=========     at ctranslate2::ops::gather_rows_kernel(ctranslate2::ops::GatherRowsArgs, const int *, unsigned int)+0x280
=========     by thread (204,0,0) in block (121,2,0)
=========     Address 0xe273042c0
========= 
========= Uninitialized __global__ memory read of size 16 bytes
=========     at ctranslate2::ops::gather_rows_kernel(ctranslate2::ops::GatherRowsArgs, const int *, unsigned int)+0x280
=========     by thread (205,0,0) in block (121,2,0)
=========     Address 0xe273042d0
========= 
========= Uninitialized __global__ memory read of size 16 bytes
=========     at ctranslate2::ops::gather_rows_kernel(ctranslate2::ops::GatherRowsArgs, const int *, unsigned int)+0x280
=========     by thread (206,0,0) in block (121,2,0)
=========     Address 0xe273042e0
========= 
========= Uninitialized __global__ memory read of size 16 bytes
=========     at ctranslate2::ops::gather_rows_kernel(ctranslate2::ops::GatherRowsArgs, const int *, unsigned int)+0x280
=========     by thread (207,0,0) in block (121,2,0)
=========     Address 0xe273042f0
========= 
========= Uninitialized __global__ memory read of size 16 bytes
=========     at ctranslate2::ops::gather_rows_kernel(ctranslate2::ops::GatherRowsArgs, const int *, unsigned int)+0x280
=========     by thread (208,0,0) in block (121,2,0)
=========     Address 0xe27304300
========= 
========= Uninitialized __global__ memory read of size 16 bytes
=========     at ctranslate2::ops::gather_rows_kernel(ctranslate2::ops::GatherRowsArgs, const int *, unsigned int)+0x280
=========     by thread (209,0,0) in block (121,2,0)
=========     Address 0xe27304310
========= 
========= Uninitialized __global__ memory read of size 16 bytes
=========     at ctranslate2::ops::gather_rows_kernel(ctranslate2::ops::GatherRowsArgs, const int *, unsigned int)+0x280
=========     by thread (210,0,0) in block (121,2,0)
=========     Address 0xe27304320
========= 
========= Uninitialized __global__ memory read of size 16 bytes
=========     at ctranslate2::ops::gather_rows_kernel(ctranslate2::ops::GatherRowsArgs, const int *, unsigned int)+0x280
=========     by thread (211,0,0) in block (121,2,0)
=========     Address 0xe27304330
========= 
========= Uninitialized __global__ memory read of size 16 bytes
=========     at ctranslate2::ops::gather_rows_kernel(ctranslate2::ops::GatherRowsArgs, const int *, unsigned int)+0x280
=========     by thread (212,0,0) in block (121,2,0)
=========     Address 0xe27304340
========= 
========= Uninitialized __global__ memory read of size 16 bytes
=========     at ctranslate2::ops::gather_rows_kernel(ctranslate2::ops::GatherRowsArgs, const int *, unsigned int)+0x280
=========     by thread (213,0,0) in block (121,2,0)
=========     Address 0xe27304350
========= 
========= Uninitialized __global__ memory read of size 16 bytes
=========     at ctranslate2::ops::gather_rows_kernel(ctranslate2::ops::GatherRowsArgs, const int *, unsigned int)+0x280
=========     by thread (214,0,0) in block (121,2,0)
=========     Address 0xe27304360
========= 
========= Uninitialized __global__ memory read of size 16 bytes
=========     at ctranslate2::ops::gather_rows_kernel(ctranslate2::ops::GatherRowsArgs, const int *, unsigned int)+0x280
=========     by thread (215,0,0) in block (121,2,0)
=========     Address 0xe27304370
========= 
========= Uninitialized __global__ memory read of size 16 bytes
=========     at ctranslate2::ops::gather_rows_kernel(ctranslate2::ops::GatherRowsArgs, const int *, unsigned int)+0x280
=========     by thread (216,0,0) in block (121,2,0)
=========     Address 0xe27304380
========= 
========= Uninitialized __global__ memory read of size 16 bytes
=========     at ctranslate2::ops::gather_rows_kernel(ctranslate2::ops::GatherRowsArgs, const int *, unsigned int)+0x280
=========     by thread (217,0,0) in block (121,2,0)
=========     Address 0xe27304390
========= 
========= Uninitialized __global__ memory read of size 16 bytes
=========     at ctranslate2::ops::gather_rows_kernel(ctranslate2::ops::GatherRowsArgs, const int *, unsigned int)+0x280
=========     by thread (218,0,0) in block (121,2,0)
=========     Address 0xe273043a0
========= 
========= Uninitialized __global__ memory read of size 16 bytes
=========     at ctranslate2::ops::gather_rows_kernel(ctranslate2::ops::GatherRowsArgs, const int *, unsigned int)+0x280
=========     by thread (219,0,0) in block (121,2,0)
=========     Address 0xe273043b0
========= 
========= Uninitialized __global__ memory read of size 16 bytes
=========     at ctranslate2::ops::gather_rows_kernel(ctranslate2::ops::GatherRowsArgs, const int *, unsigned int)+0x280
=========     by thread (220,0,0) in block (121,2,0)
=========     Address 0xe273043c0
========= 
========= Uninitialized __global__ memory read of size 16 bytes
=========     at ctranslate2::ops::gather_rows_kernel(ctranslate2::ops::GatherRowsArgs, const int *, unsigned int)+0x280
=========     by thread (221,0,0) in block (121,2,0)
=========     Address 0xe273043d0
========= 
========= Uninitialized __global__ memory read of size 16 bytes
=========     at ctranslate2::ops::gather_rows_kernel(ctranslate2::ops::GatherRowsArgs, const int *, unsigned int)+0x280
=========     by thread (222,0,0) in block (121,2,0)
=========     Address 0xe273043e0
========= 
========= Uninitialized __global__ memory read of size 16 bytes
=========     at ctranslate2::ops::gather_rows_kernel(ctranslate2::ops::GatherRowsArgs, const int *, unsigned int)+0x280
=========     by thread (223,0,0) in block (121,2,0)
=========     Address 0xe273043f0
========= 
========= Uninitialized __global__ memory read of size 16 bytes
=========     at ctranslate2::ops::gather_rows_kernel(ctranslate2::ops::GatherRowsArgs, const int *, unsigned int)+0x280
=========     by thread (0,0,0) in block (39,1,0)
=========     Address 0xe27221600
========= 
========= Uninitialized __global__ memory read of size 16 bytes
=========     at ctranslate2::ops::gather_rows_kernel(ctranslate2::ops::GatherRowsArgs, const int *, unsigned int)+0x280
=========     by thread (1,0,0) in block (39,1,0)
=========     Address 0xe27221610
========= 
========= Uninitialized __global__ memory read of size 16 bytes
=========     at ctranslate2::ops::gather_rows_kernel(ctranslate2::ops::GatherRowsArgs, const int *, unsigned int)+0x280
=========     by thread (2,0,0) in block (39,1,0)
=========     Address 0xe27221620
========= 
========= Uninitialized __global__ memory read of size 16 bytes
=========     at ctranslate2::ops::gather_rows_kernel(ctranslate2::ops::GatherRowsArgs, const int *, unsigned int)+0x280
=========     by thread (3,0,0) in block (39,1,0)
=========     Address 0xe27221630
========= 
========= Uninitialized __global__ memory read of size 16 bytes
=========     at ctranslate2::ops::gather_rows_kernel(ctranslate2::ops::GatherRowsArgs, const int *, unsigned int)+0x280
=========     by thread (4,0,0) in block (39,1,0)
=========     Address 0xe27221640
========= 
========= Uninitialized __global__ memory read of size 16 bytes
=========     at ctranslate2::ops::gather_rows_kernel(ctranslate2::ops::GatherRowsArgs, const int *, unsigned int)+0x280
=========     by thread (5,0,0) in block (39,1,0)
=========     Address 0xe27221650
========= 
========= Uninitialized __global__ memory read of size 16 bytes
=========     at ctranslate2::ops::gather_rows_kernel(ctranslate2::ops::GatherRowsArgs, const int *, unsigned int)+0x280
=========     by thread (6,0,0) in block (39,1,0)
=========     Address 0xe27221660
========= 
========= Uninitialized __global__ memory read of size 16 bytes
=========     at ctranslate2::ops::gather_rows_kernel(ctranslate2::ops::GatherRowsArgs, const int *, unsigned int)+0x280
=========     by thread (7,0,0) in block (39,1,0)
=========     Address 0xe27221670
========= 
========= Uninitialized __global__ memory read of size 16 bytes
=========     at ctranslate2::ops::gather_rows_kernel(ctranslate2::ops::GatherRowsArgs, const int *, unsigned int)+0x280
=========     by thread (8,0,0) in block (39,1,0)
=========     Address 0xe27221680
========= 
========= Uninitialized __global__ memory read of size 16 bytes
=========     at ctranslate2::ops::gather_rows_kernel(ctranslate2::ops::GatherRowsArgs, const int *, unsigned int)+0x280
=========     by thread (9,0,0) in block (39,1,0)
=========     Address 0xe27221690
========= 
========= Uninitialized __global__ memory read of size 16 bytes
=========     at ctranslate2::ops::gather_rows_kernel(ctranslate2::ops::GatherRowsArgs, const int *, unsigned int)+0x280
=========     by thread (10,0,0) in block (39,1,0)
=========     Address 0xe272216a0
========= 
========= Uninitialized __global__ memory read of size 16 bytes
=========     at ctranslate2::ops::gather_rows_kernel(ctranslate2::ops::GatherRowsArgs, const int *, unsigned int)+0x280
=========     by thread (11,0,0) in block (39,1,0)
=========     Address 0xe272216b0
========= 
========= Uninitialized __global__ memory read of size 16 bytes
=========     at ctranslate2::ops::gather_rows_kernel(ctranslate2::ops::GatherRowsArgs, const int *, unsigned int)+0x280
=========     by thread (12,0,0) in block (39,1,0)
=========     Address 0xe272216c0
========= 
========= Uninitialized __global__ memory read of size 16 bytes
=========     at ctranslate2::ops::gather_rows_kernel(ctranslate2::ops::GatherRowsArgs, const int *, unsigned int)+0x280
=========     by thread (13,0,0) in block (39,1,0)
=========     Address 0xe272216d0
========= 
========= Uninitialized __global__ memory read of size 16 bytes
=========     at ctranslate2::ops::gather_rows_kernel(ctranslate2::ops::GatherRowsArgs, const int *, unsigned int)+0x280
=========     by thread (14,0,0) in block (39,1,0)
=========     Address 0xe272216e0
========= 
========= Uninitialized __global__ memory read of size 16 bytes
=========     at ctranslate2::ops::gather_rows_kernel(ctranslate2::ops::GatherRowsArgs, const int *, unsigned int)+0x280
=========     by thread (15,0,0) in block (39,1,0)
=========     Address 0xe272216f0
========= 
========= Uninitialized __global__ memory read of size 16 bytes
=========     at ctranslate2::ops::gather_rows_kernel(ctranslate2::ops::GatherRowsArgs, const int *, unsigned int)+0x280
=========     by thread (16,0,0) in block (39,1,0)
=========     Address 0xe27221700
========= 
========= Uninitialized __global__ memory read of size 16 bytes
=========     at ctranslate2::ops::gather_rows_kernel(ctranslate2::ops::GatherRowsArgs, const int *, unsigned int)+0x280
=========     by thread (17,0,0) in block (39,1,0)
=========     Address 0xe27221710
========= 
========= Uninitialized __global__ memory read of size 16 bytes
=========     at ctranslate2::ops::gather_rows_kernel(ctranslate2::ops::GatherRowsArgs, const int *, unsigned int)+0x280
=========     by thread (18,0,0) in block (39,1,0)
=========     Address 0xe27221720
========= 
========= Uninitialized __global__ memory read of size 16 bytes
=========     at ctranslate2::ops::gather_rows_kernel(ctranslate2::ops::GatherRowsArgs, const int *, unsigned int)+0x280
=========     by thread (19,0,0) in block (39,1,0)
=========     Address 0xe27221730
========= 
========= Uninitialized __global__ memory read of size 16 bytes
=========     at ctranslate2::ops::gather_rows_kernel(ctranslate2::ops::GatherRowsArgs, const int *, unsigned int)+0x280
=========     by thread (20,0,0) in block (39,1,0)
=========     Address 0xe27221740
========= 
========= Uninitialized __global__ memory read of size 16 bytes
=========     at ctranslate2::ops::gather_rows_kernel(ctranslate2::ops::GatherRowsArgs, const int *, unsigned int)+0x280
=========     by thread (21,0,0) in block (39,1,0)
=========     Address 0xe27221750
========= 
========= Uninitialized __global__ memory read of size 16 bytes
=========     at ctranslate2::ops::gather_rows_kernel(ctranslate2::ops::GatherRowsArgs, const int *, unsigned int)+0x280
=========     by thread (22,0,0) in block (39,1,0)
=========     Address 0xe27221760
========= 
========= Uninitialized __global__ memory read of size 16 bytes
=========     at ctranslate2::ops::gather_rows_kernel(ctranslate2::ops::GatherRowsArgs, const int *, unsigned int)+0x280
=========     by thread (23,0,0) in block (39,1,0)
=========     Address 0xe27221770
========= 
========= Uninitialized __global__ memory read of size 16 bytes
=========     at ctranslate2::ops::gather_rows_kernel(ctranslate2::ops::GatherRowsArgs, const int *, unsigned int)+0x280
=========     by thread (24,0,0) in block (39,1,0)
=========     Address 0xe27221780
========= 
========= Uninitialized __global__ memory read of size 16 bytes
=========     at ctranslate2::ops::gather_rows_kernel(ctranslate2::ops::GatherRowsArgs, const int *, unsigned int)+0x280
=========     by thread (25,0,0) in block (39,1,0)
=========     Address 0xe27221790
========= 
========= Uninitialized __global__ memory read of size 16 bytes
=========     at ctranslate2::ops::gather_rows_kernel(ctranslate2::ops::GatherRowsArgs, const int *, unsigned int)+0x280
=========     by thread (26,0,0) in block (39,1,0)
=========     Address 0xe272217a0
========= 
========= Uninitialized __global__ memory read of size 16 bytes
=========     at ctranslate2::ops::gather_rows_kernel(ctranslate2::ops::GatherRowsArgs, const int *, unsigned int)+0x280
=========     by thread (27,0,0) in block (39,1,0)
=========     Address 0xe272217b0
========= 
========= Uninitialized __global__ memory read of size 16 bytes
=========     at ctranslate2::ops::gather_rows_kernel(ctranslate2::ops::GatherRowsArgs, const int *, unsigned int)+0x280
=========     by thread (28,0,0) in block (39,1,0)
=========     Address 0xe272217c0
========= 
========= Uninitialized __global__ memory read of size 16 bytes
=========     at ctranslate2::ops::gather_rows_kernel(ctranslate2::ops::GatherRowsArgs, const int *, unsigned int)+0x280
=========     by thread (29,0,0) in block (39,1,0)
=========     Address 0xe272217d0
========= 
========= Uninitialized __global__ memory read of size 16 bytes
=========     at ctranslate2::ops::gather_rows_kernel(ctranslate2::ops::GatherRowsArgs, const int *, unsigned int)+0x280
=========     by thread (30,0,0) in block (39,1,0)
=========     Address 0xe272217e0
========= 
========= Uninitialized __global__ memory read of size 16 bytes
=========     at ctranslate2::ops::gather_rows_kernel(ctranslate2::ops::GatherRowsArgs, const int *, unsigned int)+0x280
=========     by thread (31,0,0) in block (39,1,0)
=========     Address 0xe272217f0
========= 
========= Warning: Error buffer overflow has been detected. Some records have been dropped
========= 
========= Uninitialized __global__ memory read of size 16 bytes
=========     at ctranslate2::ops::gather_rows_kernel(ctranslate2::ops::GatherRowsArgs, const int *, unsigned int)+0x280
=========     by thread (20,0,0) in block (0,0,0)
=========     Address 0xe26d52940
========= 
========= Uninitialized __global__ memory read of size 16 bytes
=========     at ctranslate2::ops::gather_rows_kernel(ctranslate2::ops::GatherRowsArgs, const int *, unsigned int)+0x280
=========     by thread (21,0,0) in block (0,0,0)
=========     Address 0xe26d52950
========= 
========= Uninitialized __global__ memory read of size 16 bytes
=========     at ctranslate2::ops::gather_rows_kernel(ctranslate2::ops::GatherRowsArgs, const int *, unsigned int)+0x280
=========     by thread (22,0,0) in block (0,0,0)
=========     Address 0xe26d52960
========= 
========= Uninitialized __global__ memory read of size 16 bytes
=========     at ctranslate2::ops::gather_rows_kernel(ctranslate2::ops::GatherRowsArgs, const int *, unsigned int)+0x280
=========     by thread (23,0,0) in block (0,0,0)
=========     Address 0xe26d52970
========= 
========= Uninitialized __global__ memory read of size 16 bytes
=========     at ctranslate2::ops::gather_rows_kernel(ctranslate2::ops::GatherRowsArgs, const int *, unsigned int)+0x280
=========     by thread (24,0,0) in block (0,0,0)
=========     Address 0xe26d52980
========= 
========= Uninitialized __global__ memory read of size 16 bytes
=========     at ctranslate2::ops::gather_rows_kernel(ctranslate2::ops::GatherRowsArgs, const int *, unsigned int)+0x280
=========     by thread (25,0,0) in block (0,0,0)
=========     Address 0xe26d58190
========= 
========= Uninitialized __global__ memory read of size 16 bytes
=========     at ctranslate2::ops::gather_rows_kernel(ctranslate2::ops::GatherRowsArgs, const int *, unsigned int)+0x280
=========     by thread (26,0,0) in block (0,0,0)
=========     Address 0xe26d581a0
========= 
========= Uninitialized __global__ memory read of size 16 bytes
=========     at ctranslate2::ops::gather_rows_kernel(ctranslate2::ops::GatherRowsArgs, const int *, unsigned int)+0x280
=========     by thread (27,0,0) in block (0,0,0)
=========     Address 0xe26d581b0
========= 
========= Uninitialized __global__ memory read of size 16 bytes
=========     at ctranslate2::ops::gather_rows_kernel(ctranslate2::ops::GatherRowsArgs, const int *, unsigned int)+0x280
=========     by thread (28,0,0) in block (0,0,0)
=========     Address 0xe26d581c0
========= 
========= Uninitialized __global__ memory read of size 16 bytes
=========     at ctranslate2::ops::gather_rows_kernel(ctranslate2::ops::GatherRowsArgs, const int *, unsigned int)+0x280
=========     by thread (29,0,0) in block (0,0,0)
=========     Address 0xe26d581d0
========= 
========= Uninitialized __global__ memory read of size 16 bytes
=========     at ctranslate2::ops::gather_rows_kernel(ctranslate2::ops::GatherRowsArgs, const int *, unsigned int)+0x280
=========     by thread (23,0,0) in block (0,0,0)
=========     Address 0xe26d529e0
========= 
========= Uninitialized __global__ memory read of size 16 bytes
=========     at ctranslate2::ops::gather_rows_kernel(ctranslate2::ops::GatherRowsArgs, const int *, unsigned int)+0x280
=========     by thread (24,0,0) in block (0,0,0)
=========     Address 0xe26d529f0
========= 
========= Uninitialized __global__ memory read of size 16 bytes
=========     at ctranslate2::ops::gather_rows_kernel(ctranslate2::ops::GatherRowsArgs, const int *, unsigned int)+0x280
=========     by thread (25,0,0) in block (0,0,0)
=========     Address 0xe26d52a00
========= 
========= Uninitialized __global__ memory read of size 16 bytes
=========     at ctranslate2::ops::gather_rows_kernel(ctranslate2::ops::GatherRowsArgs, const int *, unsigned int)+0x280
=========     by thread (26,0,0) in block (0,0,0)
=========     Address 0xe26d52a10
========= 
========= Uninitialized __global__ memory read of size 16 bytes
=========     at ctranslate2::ops::gather_rows_kernel(ctranslate2::ops::GatherRowsArgs, const int *, unsigned int)+0x280
=========     by thread (27,0,0) in block (0,0,0)
=========     Address 0xe26d52a20
========= 
========= Uninitialized __global__ memory read of size 16 bytes
=========     at ctranslate2::ops::gather_rows_kernel(ctranslate2::ops::GatherRowsArgs, const int *, unsigned int)+0x280
=========     by thread (35,0,0) in block (0,0,0)
=========     Address 0xe26d582d0
========= 
========= Uninitialized __global__ memory read of size 16 bytes
=========     at ctranslate2::ops::gather_rows_kernel(ctranslate2::ops::GatherRowsArgs, const int *, unsigned int)+0x280
=========     by thread (36,0,0) in block (0,0,0)
=========     Address 0xe26d582e0
========= 
========= Uninitialized __global__ memory read of size 16 bytes
=========     at ctranslate2::ops::gather_rows_kernel(ctranslate2::ops::GatherRowsArgs, const int *, unsigned int)+0x280
=========     by thread (37,0,0) in block (0,0,0)
=========     Address 0xe26d582f0
========= 
========= Uninitialized __global__ memory read of size 16 bytes
=========     at ctranslate2::ops::gather_rows_kernel(ctranslate2::ops::GatherRowsArgs, const int *, unsigned int)+0x280
=========     by thread (38,0,0) in block (0,0,0)
=========     Address 0xe26d58300
========= 
========= Uninitialized __global__ memory read of size 16 bytes
=========     at ctranslate2::ops::gather_rows_kernel(ctranslate2::ops::GatherRowsArgs, const int *, unsigned int)+0x280
=========     by thread (39,0,0) in block (0,0,0)
=========     Address 0xe26d58310
========= 
========= Uninitialized __global__ memory read of size 16 bytes
=========     at ctranslate2::ops::gather_rows_kernel(ctranslate2::ops::GatherRowsArgs, const int *, unsigned int)+0x280
=========     by thread (43,0,0) in block (0,0,0)
=========     Address 0xe26d58370
========= 
========= Uninitialized __global__ memory read of size 16 bytes
=========     at ctranslate2::ops::gather_rows_kernel(ctranslate2::ops::GatherRowsArgs, const int *, unsigned int)+0x280
=========     by thread (44,0,0) in block (0,0,0)
=========     Address 0xe26d58380
========= 
========= Uninitialized __global__ memory read of size 16 bytes
=========     at ctranslate2::ops::gather_rows_kernel(ctranslate2::ops::GatherRowsArgs, const int *, unsigned int)+0x280
=========     by thread (45,0,0) in block (0,0,0)
=========     Address 0xe26d58390
========= 
========= Uninitialized __global__ memory read of size 16 bytes
=========     at ctranslate2::ops::gather_rows_kernel(ctranslate2::ops::GatherRowsArgs, const int *, unsigned int)+0x280
=========     by thread (46,0,0) in block (0,0,0)
=========     Address 0xe26d583a0
========= 
========= Uninitialized __global__ memory read of size 16 bytes
=========     at ctranslate2::ops::gather_rows_kernel(ctranslate2::ops::GatherRowsArgs, const int *, unsigned int)+0x280
=========     by thread (47,0,0) in block (0,0,0)
=========     Address 0xe26d583b0
========= 
========= Uninitialized __global__ memory read of size 16 bytes
=========     at ctranslate2::ops::gather_rows_kernel(ctranslate2::ops::GatherRowsArgs, const int *, unsigned int)+0x280
=========     by thread (65,0,0) in block (0,0,0)
=========     Address 0xe26d58410
========= 
========= Uninitialized __global__ memory read of size 16 bytes
=========     at ctranslate2::ops::gather_rows_kernel(ctranslate2::ops::GatherRowsArgs, const int *, unsigned int)+0x280
=========     by thread (66,0,0) in block (0,0,0)
=========     Address 0xe26d58420
========= 
========= Uninitialized __global__ memory read of size 16 bytes
=========     at ctranslate2::ops::gather_rows_kernel(ctranslate2::ops::GatherRowsArgs, const int *, unsigned int)+0x280
=========     by thread (67,0,0) in block (0,0,0)
=========     Address 0xe26d58430
========= 
========= Uninitialized __global__ memory read of size 16 bytes
=========     at ctranslate2::ops::gather_rows_kernel(ctranslate2::ops::GatherRowsArgs, const int *, unsigned int)+0x280
=========     by thread (68,0,0) in block (0,0,0)
=========     Address 0xe26d58440
========= 
========= Uninitialized __global__ memory read of size 16 bytes
=========     at ctranslate2::ops::gather_rows_kernel(ctranslate2::ops::GatherRowsArgs, const int *, unsigned int)+0x280
=========     by thread (69,0,0) in block (0,0,0)
=========     Address 0xe26d58450
========= 
========= Uninitialized __global__ memory read of size 16 bytes
=========     at ctranslate2::ops::gather_rows_kernel(ctranslate2::ops::GatherRowsArgs, const int *, unsigned int)+0x280
=========     by thread (70,0,0) in block (0,0,0)
=========     Address 0xe26d52c60
========= 
========= Uninitialized __global__ memory read of size 16 bytes
=========     at ctranslate2::ops::gather_rows_kernel(ctranslate2::ops::GatherRowsArgs, const int *, unsigned int)+0x280
=========     by thread (71,0,0) in block (0,0,0)
=========     Address 0xe26d52c70
========= 
========= Uninitialized __global__ memory read of size 16 bytes
=========     at ctranslate2::ops::gather_rows_kernel(ctranslate2::ops::GatherRowsArgs, const int *, unsigned int)+0x280
=========     by thread (72,0,0) in block (0,0,0)
=========     Address 0xe26d52c80
========= 
========= Uninitialized __global__ memory read of size 16 bytes
=========     at ctranslate2::ops::gather_rows_kernel(ctranslate2::ops::GatherRowsArgs, const int *, unsigned int)+0x280
=========     by thread (73,0,0) in block (0,0,0)
=========     Address 0xe26d52c90
========= 
========= Uninitialized __global__ memory read of size 16 bytes
=========     at ctranslate2::ops::gather_rows_kernel(ctranslate2::ops::GatherRowsArgs, const int *, unsigned int)+0x280
=========     by thread (74,0,0) in block (0,0,0)
=========     Address 0xe26d52ca0
========= 
========= Uninitialized __global__ memory read of size 16 bytes
=========     at ctranslate2::ops::gather_rows_kernel(ctranslate2::ops::GatherRowsArgs, const int *, unsigned int)+0x280
=========     by thread (75,0,0) in block (0,0,0)
=========     Address 0xe26d584b0
========= 
========= Uninitialized __global__ memory read of size 16 bytes
=========     at ctranslate2::ops::gather_rows_kernel(ctranslate2::ops::GatherRowsArgs, const int *, unsigned int)+0x280
=========     by thread (76,0,0) in block (0,0,0)
=========     Address 0xe26d584c0
========= 
========= Uninitialized __global__ memory read of size 16 bytes
=========     at ctranslate2::ops::gather_rows_kernel(ctranslate2::ops::GatherRowsArgs, const int *, unsigned int)+0x280
=========     by thread (77,0,0) in block (0,0,0)
=========     Address 0xe26d584d0
========= 
========= Uninitialized __global__ memory read of size 16 bytes
=========     at ctranslate2::ops::gather_rows_kernel(ctranslate2::ops::GatherRowsArgs, const int *, unsigned int)+0x280
=========     by thread (78,0,0) in block (0,0,0)
=========     Address 0xe26d584e0
========= 
========= Uninitialized __global__ memory read of size 16 bytes
=========     at ctranslate2::ops::gather_rows_kernel(ctranslate2::ops::GatherRowsArgs, const int *, unsigned int)+0x280
=========     by thread (79,0,0) in block (0,0,0)
=========     Address 0xe26d584f0
========= 
========= Uninitialized __global__ memory read of size 16 bytes
=========     at ctranslate2::ops::gather_rows_kernel(ctranslate2::ops::GatherRowsArgs, const int *, unsigned int)+0x280
=========     by thread (80,0,0) in block (0,0,0)
=========     Address 0xe26d52d00
========= 
========= Uninitialized __global__ memory read of size 16 bytes
=========     at ctranslate2::ops::gather_rows_kernel(ctranslate2::ops::GatherRowsArgs, const int *, unsigned int)+0x280
=========     by thread (81,0,0) in block (0,0,0)
=========     Address 0xe26d52d10
========= 
========= Uninitialized __global__ memory read of size 16 bytes
=========     at ctranslate2::ops::gather_rows_kernel(ctranslate2::ops::GatherRowsArgs, const int *, unsigned int)+0x280
=========     by thread (82,0,0) in block (0,0,0)
=========     Address 0xe26d52d20
========= 
========= Uninitialized __global__ memory read of size 16 bytes
=========     at ctranslate2::ops::gather_rows_kernel(ctranslate2::ops::GatherRowsArgs, const int *, unsigned int)+0x280
=========     by thread (83,0,0) in block (0,0,0)
=========     Address 0xe26d52d30
========= 
========= Uninitialized __global__ memory read of size 16 bytes
=========     at ctranslate2::ops::gather_rows_kernel(ctranslate2::ops::GatherRowsArgs, const int *, unsigned int)+0x280
=========     by thread (84,0,0) in block (0,0,0)
=========     Address 0xe26d52d40
========= 
========= Uninitialized __global__ memory read of size 16 bytes
=========     at ctranslate2::ops::gather_rows_kernel(ctranslate2::ops::GatherRowsArgs, const int *, unsigned int)+0x280
=========     by thread (85,0,0) in block (0,0,0)
=========     Address 0xe26d58550
========= 
========= Uninitialized __global__ memory read of size 16 bytes
=========     at ctranslate2::ops::gather_rows_kernel(ctranslate2::ops::GatherRowsArgs, const int *, unsigned int)+0x280
=========     by thread (86,0,0) in block (0,0,0)
=========     Address 0xe26d58560
========= 
========= Uninitialized __global__ memory read of size 16 bytes
=========     at ctranslate2::ops::gather_rows_kernel(ctranslate2::ops::GatherRowsArgs, const int *, unsigned int)+0x280
=========     by thread (87,0,0) in block (0,0,0)
=========     Address 0xe26d58570
========= 
========= Uninitialized __global__ memory read of size 16 bytes
=========     at ctranslate2::ops::gather_rows_kernel(ctranslate2::ops::GatherRowsArgs, const int *, unsigned int)+0x280
=========     by thread (88,0,0) in block (0,0,0)
=========     Address 0xe26d58580
========= 
========= Uninitialized __global__ memory read of size 16 bytes
=========     at ctranslate2::ops::gather_rows_kernel(ctranslate2::ops::GatherRowsArgs, const int *, unsigned int)+0x280
=========     by thread (89,0,0) in block (0,0,0)
=========     Address 0xe26d58590
========= 
========= Uninitialized __global__ memory read of size 16 bytes
=========     at ctranslate2::ops::gather_rows_kernel(ctranslate2::ops::GatherRowsArgs, const int *, unsigned int)+0x280
=========     by thread (71,0,0) in block (0,0,0)
=========     Address 0xe26d52da0
========= 
========= Uninitialized __global__ memory read of size 16 bytes
=========     at ctranslate2::ops::gather_rows_kernel(ctranslate2::ops::GatherRowsArgs, const int *, unsigned int)+0x280
=========     by thread (72,0,0) in block (0,0,0)
=========     Address 0xe26d52db0
========= 
========= Uninitialized __global__ memory read of size 16 bytes
=========     at ctranslate2::ops::gather_rows_kernel(ctranslate2::ops::GatherRowsArgs, const int *, unsigned int)+0x280
=========     by thread (73,0,0) in block (0,0,0)
=========     Address 0xe26d52dc0
========= 
========= Uninitialized __global__ memory read of size 16 bytes
=========     at ctranslate2::ops::gather_rows_kernel(ctranslate2::ops::GatherRowsArgs, const int *, unsigned int)+0x280
=========     by thread (74,0,0) in block (0,0,0)
=========     Address 0xe26d52dd0
========= 
========= Uninitialized __global__ memory read of size 16 bytes
=========     at ctranslate2::ops::gather_rows_kernel(ctranslate2::ops::GatherRowsArgs, const int *, unsigned int)+0x280
=========     by thread (75,0,0) in block (0,0,0)
=========     Address 0xe26d52de0
========= 
========= Uninitialized __global__ memory read of size 16 bytes
=========     at ctranslate2::ops::gather_rows_kernel(ctranslate2::ops::GatherRowsArgs, const int *, unsigned int)+0x280
=========     by thread (95,0,0) in block (0,0,0)
=========     Address 0xe26d585f0
========= 
========= Uninitialized __global__ memory read of size 16 bytes
=========     at ctranslate2::ops::gather_rows_kernel(ctranslate2::ops::GatherRowsArgs, const int *, unsigned int)+0x280
=========     by thread (96,0,0) in block (0,0,0)
=========     Address 0xe26d58600
========= 
========= Uninitialized __global__ memory read of size 16 bytes
=========     at ctranslate2::ops::gather_rows_kernel(ctranslate2::ops::GatherRowsArgs, const int *, unsigned int)+0x280
=========     by thread (97,0,0) in block (0,0,0)
=========     Address 0xe26d58610
========= 
========= Uninitialized __global__ memory read of size 16 bytes
=========     at ctranslate2::ops::gather_rows_kernel(ctranslate2::ops::GatherRowsArgs, const int *, unsigned int)+0x280
=========     by thread (98,0,0) in block (0,0,0)
=========     Address 0xe26d58620
========= 
========= Uninitialized __global__ memory read of size 16 bytes
=========     at ctranslate2::ops::gather_rows_kernel(ctranslate2::ops::GatherRowsArgs, const int *, unsigned int)+0x280
=========     by thread (99,0,0) in block (0,0,0)
=========     Address 0xe26d58630
========= 
========= Uninitialized __global__ memory read of size 16 bytes
=========     at ctranslate2::ops::gather_rows_kernel(ctranslate2::ops::GatherRowsArgs, const int *, unsigned int)+0x280
=========     by thread (110,0,0) in block (0,0,0)
=========     Address 0xe26d52ee0
========= 
========= Uninitialized __global__ memory read of size 16 bytes
=========     at ctranslate2::ops::gather_rows_kernel(ctranslate2::ops::GatherRowsArgs, const int *, unsigned int)+0x280
=========     by thread (111,0,0) in block (0,0,0)
=========     Address 0xe26d52ef0
========= 
========= Uninitialized __global__ memory read of size 16 bytes
=========     at ctranslate2::ops::gather_rows_kernel(ctranslate2::ops::GatherRowsArgs, const int *, unsigned int)+0x280
=========     by thread (112,0,0) in block (0,0,0)
=========     Address 0xe26d52f00
========= 
========= Uninitialized __global__ memory read of size 16 bytes
=========     at ctranslate2::ops::gather_rows_kernel(ctranslate2::ops::GatherRowsArgs, const int *, unsigned int)+0x280
=========     by thread (113,0,0) in block (0,0,0)
=========     Address 0xe26d52f10
========= 
========= Uninitialized __global__ memory read of size 16 bytes
=========     at ctranslate2::ops::gather_rows_kernel(ctranslate2::ops::GatherRowsArgs, const int *, unsigned int)+0x280
=========     by thread (114,0,0) in block (0,0,0)
=========     Address 0xe26d52f20
========= 
========= Uninitialized __global__ memory read of size 16 bytes
=========     at ctranslate2::ops::gather_rows_kernel(ctranslate2::ops::GatherRowsArgs, const int *, unsigned int)+0x280
=========     by thread (115,0,0) in block (0,0,0)
=========     Address 0xe26d58730
========= 
========= Uninitialized __global__ memory read of size 16 bytes
=========     at ctranslate2::ops::gather_rows_kernel(ctranslate2::ops::GatherRowsArgs, const int *, unsigned int)+0x280
=========     by thread (116,0,0) in block (0,0,0)
=========     Address 0xe26d58740
========= 
========= Uninitialized __global__ memory read of size 16 bytes
=========     at ctranslate2::ops::gather_rows_kernel(ctranslate2::ops::GatherRowsArgs, const int *, unsigned int)+0x280
=========     by thread (117,0,0) in block (0,0,0)
=========     Address 0xe26d58750
========= 
========= Uninitialized __global__ memory read of size 16 bytes
=========     at ctranslate2::ops::gather_rows_kernel(ctranslate2::ops::GatherRowsArgs, const int *, unsigned int)+0x280
=========     by thread (118,0,0) in block (0,0,0)
=========     Address 0xe26d58760
========= 
========= Uninitialized __global__ memory read of size 16 bytes
=========     at ctranslate2::ops::gather_rows_kernel(ctranslate2::ops::GatherRowsArgs, const int *, unsigned int)+0x280
=========     by thread (119,0,0) in block (0,0,0)
=========     Address 0xe26d58770
========= 
========= Uninitialized __global__ memory read of size 16 bytes
=========     at ctranslate2::ops::gather_rows_kernel(ctranslate2::ops::GatherRowsArgs, const int *, unsigned int)+0x280
=========     by thread (96,0,0) in block (0,0,0)
=========     Address 0xe26d52f90
========= 
========= Uninitialized __global__ memory read of size 16 bytes
=========     at ctranslate2::ops::gather_rows_kernel(ctranslate2::ops::GatherRowsArgs, const int *, unsigned int)+0x280
=========     by thread (97,0,0) in block (0,0,0)
=========     Address 0xe26d52fa0
========= 
========= Uninitialized __global__ memory read of size 16 bytes
=========     at ctranslate2::ops::gather_rows_kernel(ctranslate2::ops::GatherRowsArgs, const int *, unsigned int)+0x280
=========     by thread (98,0,0) in block (0,0,0)
=========     Address 0xe26d52fb0
========= 
========= Uninitialized __global__ memory read of size 16 bytes
=========     at ctranslate2::ops::gather_rows_kernel(ctranslate2::ops::GatherRowsArgs, const int *, unsigned int)+0x280
=========     by thread (99,0,0) in block (0,0,0)
=========     Address 0xe26d52fc0
========= 
========= Uninitialized __global__ memory read of size 16 bytes
=========     at ctranslate2::ops::gather_rows_kernel(ctranslate2::ops::GatherRowsArgs, const int *, unsigned int)+0x280
=========     by thread (95,0,0) in block (0,0,0)
=========     Address 0xe26d52f80
========= 
========= Uninitialized __global__ memory read of size 16 bytes
=========     at ctranslate2::ops::gather_rows_kernel(ctranslate2::ops::GatherRowsArgs, const int *, unsigned int)+0x280
=========     by thread (73,0,0) in block (0,0,0)
=========     Address 0xe26d587d0
========= 
========= Uninitialized __global__ memory read of size 16 bytes
=========     at ctranslate2::ops::gather_rows_kernel(ctranslate2::ops::GatherRowsArgs, const int *, unsigned int)+0x280
=========     by thread (74,0,0) in block (0,0,0)
=========     Address 0xe26d587e0
========= 
========= Uninitialized __global__ memory read of size 16 bytes
=========     at ctranslate2::ops::gather_rows_kernel(ctranslate2::ops::GatherRowsArgs, const int *, unsigned int)+0x280
=========     by thread (75,0,0) in block (0,0,0)
=========     Address 0xe26d587f0
========= 
========= Uninitialized __global__ memory read of size 16 bytes
=========     at ctranslate2::ops::gather_rows_kernel(ctranslate2::ops::GatherRowsArgs, const int *, unsigned int)+0x280
=========     by thread (76,0,0) in block (0,0,0)
=========     Address 0xe26d58800
========= 
========= Uninitialized __global__ memory read of size 16 bytes
=========     at ctranslate2::ops::gather_rows_kernel(ctranslate2::ops::GatherRowsArgs, const int *, unsigned int)+0x280
=========     by thread (77,0,0) in block (0,0,0)
=========     Address 0xe26d58810
========= 
========= Uninitialized __global__ memory read of size 16 bytes
=========     at ctranslate2::ops::gather_rows_kernel(ctranslate2::ops::GatherRowsArgs, const int *, unsigned int)+0x280
=========     by thread (135,0,0) in block (0,0,0)
=========     Address 0xe26d58870
========= 
========= Uninitialized __global__ memory read of size 16 bytes
=========     at ctranslate2::ops::gather_rows_kernel(ctranslate2::ops::GatherRowsArgs, const int *, unsigned int)+0x280
=========     by thread (136,0,0) in block (0,0,0)
=========     Address 0xe26d58880
========= 
========= Uninitialized __global__ memory read of size 16 bytes
=========     at ctranslate2::ops::gather_rows_kernel(ctranslate2::ops::GatherRowsArgs, const int *, unsigned int)+0x280
=========     by thread (137,0,0) in block (0,0,0)
=========     Address 0xe26d58890
========= 
========= Uninitialized __global__ memory read of size 16 bytes
=========     at ctranslate2::ops::gather_rows_kernel(ctranslate2::ops::GatherRowsArgs, const int *, unsigned int)+0x280
=========     by thread (138,0,0) in block (0,0,0)
=========     Address 0xe26d588a0
========= 
========= Uninitialized __global__ memory read of size 16 bytes
=========     at ctranslate2::ops::gather_rows_kernel(ctranslate2::ops::GatherRowsArgs, const int *, unsigned int)+0x280
=========     by thread (139,0,0) in block (0,0,0)
=========     Address 0xe26d588b0
========= 
========= Uninitialized __global__ memory read of size 16 bytes
=========     at ctranslate2::ops::gather_rows_kernel(ctranslate2::ops::GatherRowsArgs, const int *, unsigned int)+0x280
=========     by thread (140,0,0) in block (0,0,0)
=========     Address 0xe26d530c0
========= 
========= Uninitialized __global__ memory read of size 16 bytes
=========     at ctranslate2::ops::gather_rows_kernel(ctranslate2::ops::GatherRowsArgs, const int *, unsigned int)+0x280
=========     by thread (141,0,0) in block (0,0,0)
=========     Address 0xe26d530d0
========= 
========= Uninitialized __global__ memory read of size 16 bytes
=========     at ctranslate2::ops::gather_rows_kernel(ctranslate2::ops::GatherRowsArgs, const int *, unsigned int)+0x280
=========     by thread (142,0,0) in block (0,0,0)
=========     Address 0xe26d530e0
========= 
========= Uninitialized __global__ memory read of size 16 bytes
=========     at ctranslate2::ops::gather_rows_kernel(ctranslate2::ops::GatherRowsArgs, const int *, unsigned int)+0x280
=========     by thread (143,0,0) in block (0,0,0)
=========     Address 0xe26d530f0
========= 
========= Uninitialized __global__ memory read of size 16 bytes
=========     at ctranslate2::ops::gather_rows_kernel(ctranslate2::ops::GatherRowsArgs, const int *, unsigned int)+0x280
=========     by thread (144,0,0) in block (0,0,0)
=========     Address 0xe26d53100
========= 
========= Uninitialized __global__ memory read of size 16 bytes
=========     at ctranslate2::ops::gather_rows_kernel(ctranslate2::ops::GatherRowsArgs, const int *, unsigned int)+0x280
=========     by thread (150,0,0) in block (0,0,0)
=========     Address 0xe26d53160
========= 
========= Uninitialized __global__ memory read of size 16 bytes
=========     at ctranslate2::ops::gather_rows_kernel(ctranslate2::ops::GatherRowsArgs, const int *, unsigned int)+0x280
=========     by thread (151,0,0) in block (0,0,0)
=========     Address 0xe26d53170
========= 
========= Uninitialized __global__ memory read of size 16 bytes
=========     at ctranslate2::ops::gather_rows_kernel(ctranslate2::ops::GatherRowsArgs, const int *, unsigned int)+0x280
=========     by thread (152,0,0) in block (0,0,0)
=========     Address 0xe26d53180
========= 
========= Uninitialized __global__ memory read of size 16 bytes
=========     at ctranslate2::ops::gather_rows_kernel(ctranslate2::ops::GatherRowsArgs, const int *, unsigned int)+0x280
=========     by thread (153,0,0) in block (0,0,0)
=========     Address 0xe26d53190
========= 
========= Uninitialized __global__ memory read of size 16 bytes
=========     at ctranslate2::ops::gather_rows_kernel(ctranslate2::ops::GatherRowsArgs, const int *, unsigned int)+0x280
=========     by thread (154,0,0) in block (0,0,0)
=========     Address 0xe26d531a0
========= 
========= Uninitialized __global__ memory read of size 16 bytes
=========     at ctranslate2::ops::gather_rows_kernel(ctranslate2::ops::GatherRowsArgs, const int *, unsigned int)+0x280
=========     by thread (155,0,0) in block (0,0,0)
=========     Address 0xe26d589b0
========= 
========= Uninitialized __global__ memory read of size 16 bytes
=========     at ctranslate2::ops::gather_rows_kernel(ctranslate2::ops::GatherRowsArgs, const int *, unsigned int)+0x280
=========     by thread (156,0,0) in block (0,0,0)
=========     Address 0xe26d589c0
========= 
========= Uninitialized __global__ memory read of size 16 bytes
=========     at ctranslate2::ops::gather_rows_kernel(ctranslate2::ops::GatherRowsArgs, const int *, unsigned int)+0x280
=========     by thread (157,0,0) in block (0,0,0)
=========     Address 0xe26d589d0
========= 
========= Uninitialized __global__ memory read of size 16 bytes
=========     at ctranslate2::ops::gather_rows_kernel(ctranslate2::ops::GatherRowsArgs, const int *, unsigned int)+0x280
=========     by thread (158,0,0) in block (0,0,0)
=========     Address 0xe26d589e0
========= 
========= Uninitialized __global__ memory read of size 16 bytes
=========     at ctranslate2::ops::gather_rows_kernel(ctranslate2::ops::GatherRowsArgs, const int *, unsigned int)+0x280
=========     by thread (159,0,0) in block (0,0,0)
=========     Address 0xe26d589f0
========= 
========= Uninitialized __global__ memory read of size 16 bytes
=========     at ctranslate2::ops::gather_rows_kernel(ctranslate2::ops::GatherRowsArgs, const int *, unsigned int)+0x280
=========     by thread (160,0,0) in block (0,0,0)
=========     Address 0xe26d53200
========= 
========= Uninitialized __global__ memory read of size 16 bytes
=========     at ctranslate2::ops::gather_rows_kernel(ctranslate2::ops::GatherRowsArgs, const int *, unsigned int)+0x280
=========     by thread (161,0,0) in block (0,0,0)
=========     Address 0xe26d53210
========= 
========= Uninitialized __global__ memory read of size 16 bytes
=========     at ctranslate2::ops::gather_rows_kernel(ctranslate2::ops::GatherRowsArgs, const int *, unsigned int)+0x280
=========     by thread (162,0,0) in block (0,0,0)
=========     Address 0xe26d53220
========= 
========= Uninitialized __global__ memory read of size 16 bytes
=========     at ctranslate2::ops::gather_rows_kernel(ctranslate2::ops::GatherRowsArgs, const int *, unsigned int)+0x280
=========     by thread (163,0,0) in block (0,0,0)
=========     Address 0xe26d53230
========= 
========= Uninitialized __global__ memory read of size 16 bytes
=========     at ctranslate2::ops::gather_rows_kernel(ctranslate2::ops::GatherRowsArgs, const int *, unsigned int)+0x280
=========     by thread (164,0,0) in block (0,0,0)
=========     Address 0xe26d53240
========= 
========= Uninitialized __global__ memory read of size 16 bytes
=========     at ctranslate2::ops::gather_rows_kernel(ctranslate2::ops::GatherRowsArgs, const int *, unsigned int)+0x280
=========     by thread (165,0,0) in block (0,0,0)
=========     Address 0xe26d58a50
========= 
========= Uninitialized __global__ memory read of size 16 bytes
=========     at ctranslate2::ops::gather_rows_kernel(ctranslate2::ops::GatherRowsArgs, const int *, unsigned int)+0x280
=========     by thread (166,0,0) in block (0,0,0)
=========     Address 0xe26d58a60
========= 
========= Uninitialized __global__ memory read of size 16 bytes
=========     at ctranslate2::ops::gather_rows_kernel(ctranslate2::ops::GatherRowsArgs, const int *, unsigned int)+0x280
=========     by thread (167,0,0) in block (0,0,0)
=========     Address 0xe26d58a70
========= 
========= Uninitialized __global__ memory read of size 16 bytes
=========     at ctranslate2::ops::gather_rows_kernel(ctranslate2::ops::GatherRowsArgs, const int *, unsigned int)+0x280
=========     by thread (168,0,0) in block (0,0,0)
=========     Address 0xe26d58a80
========= 
========= Uninitialized __global__ memory read of size 16 bytes
=========     at ctranslate2::ops::gather_rows_kernel(ctranslate2::ops::GatherRowsArgs, const int *, unsigned int)+0x280
=========     by thread (169,0,0) in block (0,0,0)
=========     Address 0xe26d58a90
========= 
========= Uninitialized __global__ memory read of size 16 bytes
=========     at ctranslate2::ops::gather_rows_kernel(ctranslate2::ops::GatherRowsArgs, const int *, unsigned int)+0x280
=========     by thread (170,0,0) in block (0,0,0)
=========     Address 0xe26d532a0
========= 
========= Uninitialized __global__ memory read of size 16 bytes
=========     at ctranslate2::ops::gather_rows_kernel(ctranslate2::ops::GatherRowsArgs, const int *, unsigned int)+0x280
=========     by thread (171,0,0) in block (0,0,0)
=========     Address 0xe26d532b0
========= 
========= Uninitialized __global__ memory read of size 16 bytes
=========     at ctranslate2::ops::gather_rows_kernel(ctranslate2::ops::GatherRowsArgs, const int *, unsigned int)+0x280
=========     by thread (172,0,0) in block (0,0,0)
=========     Address 0xe26d532c0
========= 
========= Uninitialized __global__ memory read of size 16 bytes
=========     at ctranslate2::ops::gather_rows_kernel(ctranslate2::ops::GatherRowsArgs, const int *, unsigned int)+0x280
=========     by thread (173,0,0) in block (0,0,0)
=========     Address 0xe26d532d0
========= 
========= Uninitialized __global__ memory read of size 16 bytes
=========     at ctranslate2::ops::gather_rows_kernel(ctranslate2::ops::GatherRowsArgs, const int *, unsigned int)+0x280
=========     by thread (174,0,0) in block (0,0,0)
=========     Address 0xe26d532e0
========= 
========= Uninitialized __global__ memory read of size 16 bytes
=========     at ctranslate2::ops::gather_rows_kernel(ctranslate2::ops::GatherRowsArgs, const int *, unsigned int)+0x280
=========     by thread (175,0,0) in block (0,0,0)
=========     Address 0xe26d58af0
========= 
========= Uninitialized __global__ memory read of size 16 bytes
=========     at ctranslate2::ops::gather_rows_kernel(ctranslate2::ops::GatherRowsArgs, const int *, unsigned int)+0x280
=========     by thread (176,0,0) in block (0,0,0)
=========     Address 0xe26d58b00
========= 
========= Uninitialized __global__ memory read of size 16 bytes
=========     at ctranslate2::ops::gather_rows_kernel(ctranslate2::ops::GatherRowsArgs, const int *, unsigned int)+0x280
=========     by thread (177,0,0) in block (0,0,0)
=========     Address 0xe26d58b10
========= 
========= Uninitialized __global__ memory read of size 16 bytes
=========     at ctranslate2::ops::gather_rows_kernel(ctranslate2::ops::GatherRowsArgs, const int *, unsigned int)+0x280
=========     by thread (178,0,0) in block (0,0,0)
=========     Address 0xe26d58b20
========= 
========= Uninitialized __global__ memory read of size 16 bytes
=========     at ctranslate2::ops::gather_rows_kernel(ctranslate2::ops::GatherRowsArgs, const int *, unsigned int)+0x280
=========     by thread (179,0,0) in block (0,0,0)
=========     Address 0xe26d58b30
========= 
========= Uninitialized __global__ memory read of size 16 bytes
=========     at ctranslate2::ops::gather_rows_kernel(ctranslate2::ops::GatherRowsArgs, const int *, unsigned int)+0x280
=========     by thread (180,0,0) in block (0,0,0)
=========     Address 0xe26d53340
========= 
========= Uninitialized __global__ memory read of size 16 bytes
=========     at ctranslate2::ops::gather_rows_kernel(ctranslate2::ops::GatherRowsArgs, const int *, unsigned int)+0x280
=========     by thread (181,0,0) in block (0,0,0)
=========     Address 0xe26d53350
========= 
========= Uninitialized __global__ memory read of size 16 bytes
=========     at ctranslate2::ops::gather_rows_kernel(ctranslate2::ops::GatherRowsArgs, const int *, unsigned int)+0x280
=========     by thread (182,0,0) in block (0,0,0)
=========     Address 0xe26d53360
========= 
========= Uninitialized __global__ memory read of size 16 bytes
=========     at ctranslate2::ops::gather_rows_kernel(ctranslate2::ops::GatherRowsArgs, const int *, unsigned int)+0x280
=========     by thread (183,0,0) in block (0,0,0)
=========     Address 0xe26d53370
========= 
========= Uninitialized __global__ memory read of size 16 bytes
=========     at ctranslate2::ops::gather_rows_kernel(ctranslate2::ops::GatherRowsArgs, const int *, unsigned int)+0x280
=========     by thread (184,0,0) in block (0,0,0)
=========     Address 0xe26d53380
========= 
========= Uninitialized __global__ memory read of size 16 bytes
=========     at ctranslate2::ops::gather_rows_kernel(ctranslate2::ops::GatherRowsArgs, const int *, unsigned int)+0x280
=========     by thread (185,0,0) in block (0,0,0)
=========     Address 0xe26d58b90
========= 
========= Uninitialized __global__ memory read of size 16 bytes
=========     at ctranslate2::ops::gather_rows_kernel(ctranslate2::ops::GatherRowsArgs, const int *, unsigned int)+0x280
=========     by thread (186,0,0) in block (0,0,0)
=========     Address 0xe26d58ba0
========= 
========= Uninitialized __global__ memory read of size 16 bytes
=========     at ctranslate2::ops::gather_rows_kernel(ctranslate2::ops::GatherRowsArgs, const int *, unsigned int)+0x280
=========     by thread (187,0,0) in block (0,0,0)
=========     Address 0xe26d58bb0
========= 
========= Uninitialized __global__ memory read of size 16 bytes
=========     at ctranslate2::ops::gather_rows_kernel(ctranslate2::ops::GatherRowsArgs, const int *, unsigned int)+0x280
=========     by thread (188,0,0) in block (0,0,0)
=========     Address 0xe26d58bc0
========= 
========= Uninitialized __global__ memory read of size 16 bytes
=========     at ctranslate2::ops::gather_rows_kernel(ctranslate2::ops::GatherRowsArgs, const int *, unsigned int)+0x280
=========     by thread (189,0,0) in block (0,0,0)
=========     Address 0xe26d58bd0
========= 
========= Uninitialized __global__ memory read of size 16 bytes
=========     at ctranslate2::ops::gather_rows_kernel(ctranslate2::ops::GatherRowsArgs, const int *, unsigned int)+0x280
=========     by thread (190,0,0) in block (0,0,0)
=========     Address 0xe26d533e0
========= 
========= Uninitialized __global__ memory read of size 16 bytes
=========     at ctranslate2::ops::gather_rows_kernel(ctranslate2::ops::GatherRowsArgs, const int *, unsigned int)+0x280
=========     by thread (191,0,0) in block (0,0,0)
=========     Address 0xe26d533f0
========= 
========= Uninitialized __global__ memory read of size 16 bytes
=========     at ctranslate2::ops::gather_rows_kernel(ctranslate2::ops::GatherRowsArgs, const int *, unsigned int)+0x280
=========     by thread (192,0,0) in block (0,0,0)
=========     Address 0xe26d53400
========= 
========= Uninitialized __global__ memory read of size 16 bytes
=========     at ctranslate2::ops::gather_rows_kernel(ctranslate2::ops::GatherRowsArgs, const int *, unsigned int)+0x280
=========     by thread (193,0,0) in block (0,0,0)
=========     Address 0xe26d53410
========= 
========= Uninitialized __global__ memory read of size 16 bytes
=========     at ctranslate2::ops::gather_rows_kernel(ctranslate2::ops::GatherRowsArgs, const int *, unsigned int)+0x280
=========     by thread (194,0,0) in block (0,0,0)
=========     Address 0xe26d53420
========= 
========= Uninitialized __global__ memory read of size 16 bytes
=========     at ctranslate2::ops::gather_rows_kernel(ctranslate2::ops::GatherRowsArgs, const int *, unsigned int)+0x280
=========     by thread (195,0,0) in block (0,0,0)
=========     Address 0xe26d58c30
========= 
========= Uninitialized __global__ memory read of size 16 bytes
=========     at ctranslate2::ops::gather_rows_kernel(ctranslate2::ops::GatherRowsArgs, const int *, unsigned int)+0x280
=========     by thread (196,0,0) in block (0,0,0)
=========     Address 0xe26d58c40
========= 
========= Uninitialized __global__ memory read of size 16 bytes
=========     at ctranslate2::ops::gather_rows_kernel(ctranslate2::ops::GatherRowsArgs, const int *, unsigned int)+0x280
=========     by thread (197,0,0) in block (0,0,0)
=========     Address 0xe26d58c50
========= 
========= Uninitialized __global__ memory read of size 16 bytes
=========     at ctranslate2::ops::gather_rows_kernel(ctranslate2::ops::GatherRowsArgs, const int *, unsigned int)+0x280
=========     by thread (198,0,0) in block (0,0,0)
=========     Address 0xe26d58c60
========= 
========= Uninitialized __global__ memory read of size 16 bytes
=========     at ctranslate2::ops::gather_rows_kernel(ctranslate2::ops::GatherRowsArgs, const int *, unsigned int)+0x280
=========     by thread (199,0,0) in block (0,0,0)
=========     Address 0xe26d58c70
========= 
========= Uninitialized __global__ memory read of size 16 bytes
=========     at ctranslate2::ops::gather_rows_kernel(ctranslate2::ops::GatherRowsArgs, const int *, unsigned int)+0x280
=========     by thread (200,0,0) in block (0,0,0)
=========     Address 0xe26d53480
========= 
========= Uninitialized __global__ memory read of size 16 bytes
=========     at ctranslate2::ops::gather_rows_kernel(ctranslate2::ops::GatherRowsArgs, const int *, unsigned int)+0x280
=========     by thread (201,0,0) in block (0,0,0)
=========     Address 0xe26d53490
========= 
========= Uninitialized __global__ memory read of size 16 bytes
=========     at ctranslate2::ops::gather_rows_kernel(ctranslate2::ops::GatherRowsArgs, const int *, unsigned int)+0x280
=========     by thread (202,0,0) in block (0,0,0)
=========     Address 0xe26d534a0
========= 
========= Uninitialized __global__ memory read of size 16 bytes
=========     at ctranslate2::ops::gather_rows_kernel(ctranslate2::ops::GatherRowsArgs, const int *, unsigned int)+0x280
=========     by thread (203,0,0) in block (0,0,0)
=========     Address 0xe26d534b0
========= 
========= Uninitialized __global__ memory read of size 16 bytes
=========     at ctranslate2::ops::gather_rows_kernel(ctranslate2::ops::GatherRowsArgs, const int *, unsigned int)+0x280
=========     by thread (204,0,0) in block (0,0,0)
=========     Address 0xe26d534c0
========= 
========= Uninitialized __global__ memory read of size 16 bytes
=========     at ctranslate2::ops::gather_rows_kernel(ctranslate2::ops::GatherRowsArgs, const int *, unsigned int)+0x280
=========     by thread (205,0,0) in block (0,0,0)
=========     Address 0xe26d58cd0
========= 
========= Uninitialized __global__ memory read of size 16 bytes
=========     at ctranslate2::ops::gather_rows_kernel(ctranslate2::ops::GatherRowsArgs, const int *, unsigned int)+0x280
=========     by thread (206,0,0) in block (0,0,0)
=========     Address 0xe26d58ce0
========= 
========= Uninitialized __global__ memory read of size 16 bytes
=========     at ctranslate2::ops::gather_rows_kernel(ctranslate2::ops::GatherRowsArgs, const int *, unsigned int)+0x280
=========     by thread (207,0,0) in block (0,0,0)
=========     Address 0xe26d58cf0
========= 
========= Uninitialized __global__ memory read of size 16 bytes
=========     at ctranslate2::ops::gather_rows_kernel(ctranslate2::ops::GatherRowsArgs, const int *, unsigned int)+0x280
=========     by thread (208,0,0) in block (0,0,0)
=========     Address 0xe26d58d00
========= 
========= Uninitialized __global__ memory read of size 16 bytes
=========     at ctranslate2::ops::gather_rows_kernel(ctranslate2::ops::GatherRowsArgs, const int *, unsigned int)+0x280
=========     by thread (209,0,0) in block (0,0,0)
=========     Address 0xe26d58d10
========= 
========= Uninitialized __global__ memory read of size 16 bytes
=========     at ctranslate2::ops::gather_rows_kernel(ctranslate2::ops::GatherRowsArgs, const int *, unsigned int)+0x280
=========     by thread (210,0,0) in block (0,0,0)
=========     Address 0xe26d53520
========= 
========= Uninitialized __global__ memory read of size 16 bytes
=========     at ctranslate2::ops::gather_rows_kernel(ctranslate2::ops::GatherRowsArgs, const int *, unsigned int)+0x280
=========     by thread (211,0,0) in block (0,0,0)
=========     Address 0xe26d53530
========= 
========= Uninitialized __global__ memory read of size 16 bytes
=========     at ctranslate2::ops::gather_rows_kernel(ctranslate2::ops::GatherRowsArgs, const int *, unsigned int)+0x280
=========     by thread (212,0,0) in block (0,0,0)
=========     Address 0xe26d53540
========= 
========= Uninitialized __global__ memory read of size 16 bytes
=========     at ctranslate2::ops::gather_rows_kernel(ctranslate2::ops::GatherRowsArgs, const int *, unsigned int)+0x280
=========     by thread (213,0,0) in block (0,0,0)
=========     Address 0xe26d53550
========= 
========= Uninitialized __global__ memory read of size 16 bytes
=========     at ctranslate2::ops::gather_rows_kernel(ctranslate2::ops::GatherRowsArgs, const int *, unsigned int)+0x280
=========     by thread (214,0,0) in block (0,0,0)
=========     Address 0xe26d53560
========= 
========= Uninitialized __global__ memory read of size 16 bytes
=========     at ctranslate2::ops::gather_rows_kernel(ctranslate2::ops::GatherRowsArgs, const int *, unsigned int)+0x280
=========     by thread (215,0,0) in block (0,0,0)
=========     Address 0xe26d58d70
========= 
========= Uninitialized __global__ memory read of size 16 bytes
=========     at ctranslate2::ops::gather_rows_kernel(ctranslate2::ops::GatherRowsArgs, const int *, unsigned int)+0x280
=========     by thread (216,0,0) in block (0,0,0)
=========     Address 0xe26d58d80
========= 
========= Uninitialized __global__ memory read of size 16 bytes
=========     at ctranslate2::ops::gather_rows_kernel(ctranslate2::ops::GatherRowsArgs, const int *, unsigned int)+0x280
=========     by thread (217,0,0) in block (0,0,0)
=========     Address 0xe26d58d90
========= 
========= Uninitialized __global__ memory read of size 16 bytes
=========     at ctranslate2::ops::gather_rows_kernel(ctranslate2::ops::GatherRowsArgs, const int *, unsigned int)+0x280
=========     by thread (218,0,0) in block (0,0,0)
=========     Address 0xe26d58da0
========= 
========= Uninitialized __global__ memory read of size 16 bytes
=========     at ctranslate2::ops::gather_rows_kernel(ctranslate2::ops::GatherRowsArgs, const int *, unsigned int)+0x280
=========     by thread (219,0,0) in block (0,0,0)
=========     Address 0xe26d58db0
========= 
========= Uninitialized __global__ memory read of size 16 bytes
=========     at ctranslate2::ops::gather_rows_kernel(ctranslate2::ops::GatherRowsArgs, const int *, unsigned int)+0x280
=========     by thread (224,0,0) in block (0,0,0)
=========     Address 0xe26d53600
========= 
========= Uninitialized __global__ memory read of size 16 bytes
=========     at ctranslate2::ops::gather_rows_kernel(ctranslate2::ops::GatherRowsArgs, const int *, unsigned int)+0x280
=========     by thread (220,0,0) in block (0,0,0)
=========     Address 0xe26d535c0
========= 
========= Uninitialized __global__ memory read of size 16 bytes
=========     at ctranslate2::ops::gather_rows_kernel(ctranslate2::ops::GatherRowsArgs, const int *, unsigned int)+0x280
=========     by thread (221,0,0) in block (0,0,0)
=========     Address 0xe26d535d0
========= 
========= Uninitialized __global__ memory read of size 16 bytes
=========     at ctranslate2::ops::gather_rows_kernel(ctranslate2::ops::GatherRowsArgs, const int *, unsigned int)+0x280
=========     by thread (222,0,0) in block (0,0,0)
=========     Address 0xe26d535e0
========= 
========= Uninitialized __global__ memory read of size 16 bytes
=========     at ctranslate2::ops::gather_rows_kernel(ctranslate2::ops::GatherRowsArgs, const int *, unsigned int)+0x280
=========     by thread (223,0,0) in block (0,0,0)
=========     Address 0xe26d535f0
========= 
========= Uninitialized __global__ memory read of size 16 bytes
=========     at ctranslate2::ops::gather_rows_kernel(ctranslate2::ops::GatherRowsArgs, const int *, unsigned int)+0x280
=========     by thread (225,0,0) in block (0,0,0)
=========     Address 0xe26d58e10
========= 
========= Uninitialized __global__ memory read of size 16 bytes
=========     at ctranslate2::ops::gather_rows_kernel(ctranslate2::ops::GatherRowsArgs, const int *, unsigned int)+0x280
=========     by thread (226,0,0) in block (0,0,0)
=========     Address 0xe26d58e20
========= 
========= Uninitialized __global__ memory read of size 16 bytes
=========     at ctranslate2::ops::gather_rows_kernel(ctranslate2::ops::GatherRowsArgs, const int *, unsigned int)+0x280
=========     by thread (227,0,0) in block (0,0,0)
=========     Address 0xe26d58e30
========= 
========= Uninitialized __global__ memory read of size 16 bytes
=========     at ctranslate2::ops::gather_rows_kernel(ctranslate2::ops::GatherRowsArgs, const int *, unsigned int)+0x280
=========     by thread (228,0,0) in block (0,0,0)
=========     Address 0xe26d58e40
========= 
========= Uninitialized __global__ memory read of size 16 bytes
=========     at ctranslate2::ops::gather_rows_kernel(ctranslate2::ops::GatherRowsArgs, const int *, unsigned int)+0x280
=========     by thread (229,0,0) in block (0,0,0)
=========     Address 0xe26d58e50
========= 
========= Uninitialized __global__ memory read of size 16 bytes
=========     at ctranslate2::ops::gather_rows_kernel(ctranslate2::ops::GatherRowsArgs, const int *, unsigned int)+0x280
=========     by thread (230,0,0) in block (0,0,0)
=========     Address 0xe26d53660
========= 
========= Uninitialized __global__ memory read of size 16 bytes
=========     at ctranslate2::ops::gather_rows_kernel(ctranslate2::ops::GatherRowsArgs, const int *, unsigned int)+0x280
=========     by thread (231,0,0) in block (0,0,0)
=========     Address 0xe26d53670
========= 
========= Uninitialized __global__ memory read of size 16 bytes
=========     at ctranslate2::ops::gather_rows_kernel(ctranslate2::ops::GatherRowsArgs, const int *, unsigned int)+0x280
=========     by thread (232,0,0) in block (0,0,0)
=========     Address 0xe26d53680
========= 
========= Uninitialized __global__ memory read of size 16 bytes
=========     at ctranslate2::ops::gather_rows_kernel(ctranslate2::ops::GatherRowsArgs, const int *, unsigned int)+0x280
=========     by thread (233,0,0) in block (0,0,0)
=========     Address 0xe26d53690
========= 
========= Uninitialized __global__ memory read of size 16 bytes
=========     at ctranslate2::ops::gather_rows_kernel(ctranslate2::ops::GatherRowsArgs, const int *, unsigned int)+0x280
=========     by thread (234,0,0) in block (0,0,0)
=========     Address 0xe26d536a0
========= 
========= Uninitialized __global__ memory read of size 16 bytes
=========     at ctranslate2::ops::gather_rows_kernel(ctranslate2::ops::GatherRowsArgs, const int *, unsigned int)+0x280
=========     by thread (240,0,0) in block (0,0,0)
=========     Address 0xe26d53700
========= 
========= Uninitialized __global__ memory read of size 16 bytes
=========     at ctranslate2::ops::gather_rows_kernel(ctranslate2::ops::GatherRowsArgs, const int *, unsigned int)+0x280
=========     by thread (241,0,0) in block (0,0,0)
=========     Address 0xe26d53710
========= 
========= Uninitialized __global__ memory read of size 16 bytes
=========     at ctranslate2::ops::gather_rows_kernel(ctranslate2::ops::GatherRowsArgs, const int *, unsigned int)+0x280
=========     by thread (242,0,0) in block (0,0,0)
=========     Address 0xe26d53720
========= 
========= Uninitialized __global__ memory read of size 16 bytes
=========     at ctranslate2::ops::gather_rows_kernel(ctranslate2::ops::GatherRowsArgs, const int *, unsigned int)+0x280
=========     by thread (243,0,0) in block (0,0,0)
=========     Address 0xe26d53730
========= 
========= Uninitialized __global__ memory read of size 16 bytes
=========     at ctranslate2::ops::gather_rows_kernel(ctranslate2::ops::GatherRowsArgs, const int *, unsigned int)+0x280
=========     by thread (244,0,0) in block (0,0,0)
=========     Address 0xe26d53740
========= 
========= Uninitialized __global__ memory read of size 16 bytes
=========     at ctranslate2::ops::gather_rows_kernel(ctranslate2::ops::GatherRowsArgs, const int *, unsigned int)+0x280
=========     by thread (250,0,0) in block (0,0,0)
=========     Address 0xe26d537a0
========= 
========= Uninitialized __global__ memory read of size 16 bytes
=========     at ctranslate2::ops::gather_rows_kernel(ctranslate2::ops::GatherRowsArgs, const int *, unsigned int)+0x280
=========     by thread (251,0,0) in block (0,0,0)
=========     Address 0xe26d537b0
========= 
========= Uninitialized __global__ memory read of size 16 bytes
=========     at ctranslate2::ops::gather_rows_kernel(ctranslate2::ops::GatherRowsArgs, const int *, unsigned int)+0x280
=========     by thread (252,0,0) in block (0,0,0)
=========     Address 0xe26d537c0
========= 
========= Uninitialized __global__ memory read of size 16 bytes
=========     at ctranslate2::ops::gather_rows_kernel(ctranslate2::ops::GatherRowsArgs, const int *, unsigned int)+0x280
=========     by thread (253,0,0) in block (0,0,0)
=========     Address 0xe26d537d0
========= 
========= Uninitialized __global__ memory read of size 16 bytes
=========     at ctranslate2::ops::gather_rows_kernel(ctranslate2::ops::GatherRowsArgs, const int *, unsigned int)+0x280
=========     by thread (254,0,0) in block (0,0,0)
=========     Address 0xe26d537e0
========= 
========= Uninitialized __global__ memory read of size 16 bytes
=========     at ctranslate2::ops::gather_rows_kernel(ctranslate2::ops::GatherRowsArgs, const int *, unsigned int)+0x280
=========     by thread (0,0,0) in block (1,0,0)
=========     Address 0xe26d59000
========= 
========= Uninitialized __global__ memory read of size 16 bytes
=========     at ctranslate2::ops::gather_rows_kernel(ctranslate2::ops::GatherRowsArgs, const int *, unsigned int)+0x280
=========     by thread (1,0,0) in block (1,0,0)
=========     Address 0xe26d59010
========= 
========= Uninitialized __global__ memory read of size 16 bytes
=========     at ctranslate2::ops::gather_rows_kernel(ctranslate2::ops::GatherRowsArgs, const int *, unsigned int)+0x280
=========     by thread (2,0,0) in block (1,0,0)
=========     Address 0xe26d59020
========= 
========= Uninitialized __global__ memory read of size 16 bytes
=========     at ctranslate2::ops::gather_rows_kernel(ctranslate2::ops::GatherRowsArgs, const int *, unsigned int)+0x280
=========     by thread (3,0,0) in block (1,0,0)
=========     Address 0xe26d59030
========= 
========= Uninitialized __global__ memory read of size 16 bytes
=========     at ctranslate2::ops::gather_rows_kernel(ctranslate2::ops::GatherRowsArgs, const int *, unsigned int)+0x280
=========     by thread (255,0,0) in block (0,0,0)
=========     Address 0xe26d58ff0
========= 
========= Uninitialized __global__ memory read of size 16 bytes
=========     at ctranslate2::ops::gather_rows_kernel(ctranslate2::ops::GatherRowsArgs, const int *, unsigned int)+0x280
=========     by thread (4,0,0) in block (1,0,0)
=========     Address 0xe26d53840
========= 
========= Uninitialized __global__ memory read of size 16 bytes
=========     at ctranslate2::ops::gather_rows_kernel(ctranslate2::ops::GatherRowsArgs, const int *, unsigned int)+0x280
=========     by thread (5,0,0) in block (1,0,0)
=========     Address 0xe26d53850
========= 
========= Uninitialized __global__ memory read of size 16 bytes
=========     at ctranslate2::ops::gather_rows_kernel(ctranslate2::ops::GatherRowsArgs, const int *, unsigned int)+0x280
=========     by thread (6,0,0) in block (1,0,0)
=========     Address 0xe26d53860
========= 
========= Uninitialized __global__ memory read of size 16 bytes
=========     at ctranslate2::ops::gather_rows_kernel(ctranslate2::ops::GatherRowsArgs, const int *, unsigned int)+0x280
=========     by thread (7,0,0) in block (1,0,0)
=========     Address 0xe26d53870
========= 
========= Uninitialized __global__ memory read of size 16 bytes
=========     at ctranslate2::ops::gather_rows_kernel(ctranslate2::ops::GatherRowsArgs, const int *, unsigned int)+0x280
=========     by thread (8,0,0) in block (1,0,0)
=========     Address 0xe26d53880
========= 
========= Uninitialized __global__ memory read of size 16 bytes
=========     at ctranslate2::ops::gather_rows_kernel(ctranslate2::ops::GatherRowsArgs, const int *, unsigned int)+0x280
=========     by thread (9,0,0) in block (1,0,0)
=========     Address 0xe26d59090
========= 
========= Uninitialized __global__ memory read of size 16 bytes
=========     at ctranslate2::ops::gather_rows_kernel(ctranslate2::ops::GatherRowsArgs, const int *, unsigned int)+0x280
=========     by thread (10,0,0) in block (1,0,0)
=========     Address 0xe26d590a0
========= 
========= Uninitialized __global__ memory read of size 16 bytes
=========     at ctranslate2::ops::gather_rows_kernel(ctranslate2::ops::GatherRowsArgs, const int *, unsigned int)+0x280
=========     by thread (11,0,0) in block (1,0,0)
=========     Address 0xe26d590b0
========= 
========= Uninitialized __global__ memory read of size 16 bytes
=========     at ctranslate2::ops::gather_rows_kernel(ctranslate2::ops::GatherRowsArgs, const int *, unsigned int)+0x280
=========     by thread (12,0,0) in block (1,0,0)
=========     Address 0xe26d590c0
========= 
========= Uninitialized __global__ memory read of size 16 bytes
=========     at ctranslate2::ops::gather_rows_kernel(ctranslate2::ops::GatherRowsArgs, const int *, unsigned int)+0x280
=========     by thread (13,0,0) in block (1,0,0)
=========     Address 0xe26d590d0
========= 
========= Uninitialized __global__ memory read of size 16 bytes
=========     at ctranslate2::ops::gather_rows_kernel(ctranslate2::ops::GatherRowsArgs, const int *, unsigned int)+0x280
=========     by thread (14,0,0) in block (1,0,0)
=========     Address 0xe26d538e0
========= 
========= Uninitialized __global__ memory read of size 16 bytes
=========     at ctranslate2::ops::gather_rows_kernel(ctranslate2::ops::GatherRowsArgs, const int *, unsigned int)+0x280
=========     by thread (15,0,0) in block (1,0,0)
=========     Address 0xe26d538f0
========= 
========= Uninitialized __global__ memory read of size 16 bytes
=========     at ctranslate2::ops::gather_rows_kernel(ctranslate2::ops::GatherRowsArgs, const int *, unsigned int)+0x280
=========     by thread (16,0,0) in block (1,0,0)
=========     Address 0xe26d53900
========= 
========= Uninitialized __global__ memory read of size 16 bytes
=========     at ctranslate2::ops::gather_rows_kernel(ctranslate2::ops::GatherRowsArgs, const int *, unsigned int)+0x280
=========     by thread (17,0,0) in block (1,0,0)
=========     Address 0xe26d53910
========= 
========= Uninitialized __global__ memory read of size 16 bytes
=========     at ctranslate2::ops::gather_rows_kernel(ctranslate2::ops::GatherRowsArgs, const int *, unsigned int)+0x280
=========     by thread (18,0,0) in block (1,0,0)
=========     Address 0xe26d53920
========= 
========= Uninitialized __global__ memory read of size 16 bytes
=========     at ctranslate2::ops::gather_rows_kernel(ctranslate2::ops::GatherRowsArgs, const int *, unsigned int)+0x280
=========     by thread (19,0,0) in block (1,0,0)
=========     Address 0xe26d59130
========= 
========= Uninitialized __global__ memory read of size 16 bytes
=========     at ctranslate2::ops::gather_rows_kernel(ctranslate2::ops::GatherRowsArgs, const int *, unsigned int)+0x280
=========     by thread (20,0,0) in block (1,0,0)
=========     Address 0xe26d59140
========= 
========= Uninitialized __global__ memory read of size 16 bytes
=========     at ctranslate2::ops::gather_rows_kernel(ctranslate2::ops::GatherRowsArgs, const int *, unsigned int)+0x280
=========     by thread (21,0,0) in block (1,0,0)
=========     Address 0xe26d59150
========= 
========= Uninitialized __global__ memory read of size 16 bytes
=========     at ctranslate2::ops::gather_rows_kernel(ctranslate2::ops::GatherRowsArgs, const int *, unsigned int)+0x280
=========     by thread (22,0,0) in block (1,0,0)
=========     Address 0xe26d59160
========= 
========= Uninitialized __global__ memory read of size 16 bytes
=========     at ctranslate2::ops::gather_rows_kernel(ctranslate2::ops::GatherRowsArgs, const int *, unsigned int)+0x280
=========     by thread (23,0,0) in block (1,0,0)
=========     Address 0xe26d59170
========= 
========= Uninitialized __global__ memory read of size 16 bytes
=========     at ctranslate2::ops::gather_rows_kernel(ctranslate2::ops::GatherRowsArgs, const int *, unsigned int)+0x280
=========     by thread (24,0,0) in block (1,0,0)
=========     Address 0xe26d53980
========= 
========= Uninitialized __global__ memory read of size 16 bytes
=========     at ctranslate2::ops::gather_rows_kernel(ctranslate2::ops::GatherRowsArgs, const int *, unsigned int)+0x280
=========     by thread (25,0,0) in block (1,0,0)
=========     Address 0xe26d53990
========= 
========= Uninitialized __global__ memory read of size 16 bytes
=========     at ctranslate2::ops::gather_rows_kernel(ctranslate2::ops::GatherRowsArgs, const int *, unsigned int)+0x280
=========     by thread (26,0,0) in block (1,0,0)
=========     Address 0xe26d539a0
========= 
========= Uninitialized __global__ memory read of size 16 bytes
=========     at ctranslate2::ops::gather_rows_kernel(ctranslate2::ops::GatherRowsArgs, const int *, unsigned int)+0x280
=========     by thread (27,0,0) in block (1,0,0)
=========     Address 0xe26d539b0
========= 
========= Uninitialized __global__ memory read of size 16 bytes
=========     at ctranslate2::ops::gather_rows_kernel(ctranslate2::ops::GatherRowsArgs, const int *, unsigned int)+0x280
=========     by thread (28,0,0) in block (1,0,0)
=========     Address 0xe26d539c0
========= 
========= Uninitialized __global__ memory read of size 16 bytes
=========     at ctranslate2::ops::gather_rows_kernel(ctranslate2::ops::GatherRowsArgs, const int *, unsigned int)+0x280
=========     by thread (32,0,0) in block (1,0,0)
=========     Address 0xe26d59200
========= 
========= Uninitialized __global__ memory read of size 16 bytes
=========     at ctranslate2::ops::gather_rows_kernel(ctranslate2::ops::GatherRowsArgs, const int *, unsigned int)+0x280
=========     by thread (33,0,0) in block (1,0,0)
=========     Address 0xe26d59210
========= 
========= Uninitialized __global__ memory read of size 16 bytes
=========     at ctranslate2::ops::gather_rows_kernel(ctranslate2::ops::GatherRowsArgs, const int *, unsigned int)+0x280
=========     by thread (29,0,0) in block (1,0,0)
=========     Address 0xe26d591d0
========= 
========= Uninitialized __global__ memory read of size 16 bytes
=========     at ctranslate2::ops::gather_rows_kernel(ctranslate2::ops::GatherRowsArgs, const int *, unsigned int)+0x280
=========     by thread (30,0,0) in block (1,0,0)
=========     Address 0xe26d591e0
========= 
========= Uninitialized __global__ memory read of size 16 bytes
=========     at ctranslate2::ops::gather_rows_kernel(ctranslate2::ops::GatherRowsArgs, const int *, unsigned int)+0x280
=========     by thread (31,0,0) in block (1,0,0)
=========     Address 0xe26d591f0
========= 
========= Uninitialized __global__ memory read of size 16 bytes
=========     at ctranslate2::ops::gather_rows_kernel(ctranslate2::ops::GatherRowsArgs, const int *, unsigned int)+0x280
=========     by thread (34,0,0) in block (1,0,0)
=========     Address 0xe26d53a20
========= 
========= Uninitialized __global__ memory read of size 16 bytes
=========     at ctranslate2::ops::gather_rows_kernel(ctranslate2::ops::GatherRowsArgs, const int *, unsigned int)+0x280
=========     by thread (35,0,0) in block (1,0,0)
=========     Address 0xe26d53a30
========= 
========= Uninitialized __global__ memory read of size 16 bytes
=========     at ctranslate2::ops::gather_rows_kernel(ctranslate2::ops::GatherRowsArgs, const int *, unsigned int)+0x280
=========     by thread (36,0,0) in block (1,0,0)
=========     Address 0xe26d53a40
========= 
========= Uninitialized __global__ memory read of size 16 bytes
=========     at ctranslate2::ops::gather_rows_kernel(ctranslate2::ops::GatherRowsArgs, const int *, unsigned int)+0x280
=========     by thread (37,0,0) in block (1,0,0)
=========     Address 0xe26d53a50
========= 
========= Uninitialized __global__ memory read of size 16 bytes
=========     at ctranslate2::ops::gather_rows_kernel(ctranslate2::ops::GatherRowsArgs, const int *, unsigned int)+0x280
=========     by thread (38,0,0) in block (1,0,0)
=========     Address 0xe26d53a60
========= 
========= Uninitialized __global__ memory read of size 16 bytes
=========     at ctranslate2::ops::gather_rows_kernel(ctranslate2::ops::GatherRowsArgs, const int *, unsigned int)+0x280
=========     by thread (39,0,0) in block (1,0,0)
=========     Address 0xe26d59270
========= 
========= Uninitialized __global__ memory read of size 16 bytes
=========     at ctranslate2::ops::gather_rows_kernel(ctranslate2::ops::GatherRowsArgs, const int *, unsigned int)+0x280
=========     by thread (40,0,0) in block (1,0,0)
=========     Address 0xe26d59280
========= 
========= Uninitialized __global__ memory read of size 16 bytes
=========     at ctranslate2::ops::gather_rows_kernel(ctranslate2::ops::GatherRowsArgs, const int *, unsigned int)+0x280
=========     by thread (41,0,0) in block (1,0,0)
=========     Address 0xe26d59290
========= 
========= Uninitialized __global__ memory read of size 16 bytes
=========     at ctranslate2::ops::gather_rows_kernel(ctranslate2::ops::GatherRowsArgs, const int *, unsigned int)+0x280
=========     by thread (42,0,0) in block (1,0,0)
=========     Address 0xe26d592a0
========= 
========= Uninitialized __global__ memory read of size 16 bytes
=========     at ctranslate2::ops::gather_rows_kernel(ctranslate2::ops::GatherRowsArgs, const int *, unsigned int)+0x280
=========     by thread (43,0,0) in block (1,0,0)
=========     Address 0xe26d592b0
========= 
========= Uninitialized __global__ memory read of size 16 bytes
=========     at ctranslate2::ops::gather_rows_kernel(ctranslate2::ops::GatherRowsArgs, const int *, unsigned int)+0x280
=========     by thread (44,0,0) in block (1,0,0)
=========     Address 0xe26d53ac0
========= 
========= Uninitialized __global__ memory read of size 16 bytes
=========     at ctranslate2::ops::gather_rows_kernel(ctranslate2::ops::GatherRowsArgs, const int *, unsigned int)+0x280
=========     by thread (45,0,0) in block (1,0,0)
=========     Address 0xe26d53ad0
========= 
========= Uninitialized __global__ memory read of size 16 bytes
=========     at ctranslate2::ops::gather_rows_kernel(ctranslate2::ops::GatherRowsArgs, const int *, unsigned int)+0x280
=========     by thread (46,0,0) in block (1,0,0)
=========     Address 0xe26d53ae0
========= 
========= Uninitialized __global__ memory read of size 16 bytes
=========     at ctranslate2::ops::gather_rows_kernel(ctranslate2::ops::GatherRowsArgs, const int *, unsigned int)+0x280
=========     by thread (47,0,0) in block (1,0,0)
=========     Address 0xe26d53af0
========= 
========= Uninitialized __global__ memory read of size 16 bytes
=========     at ctranslate2::ops::gather_rows_kernel(ctranslate2::ops::GatherRowsArgs, const int *, unsigned int)+0x280
=========     by thread (48,0,0) in block (1,0,0)
=========     Address 0xe26d53b00
========= 
========= Uninitialized __global__ memory read of size 16 bytes
=========     at ctranslate2::ops::gather_rows_kernel(ctranslate2::ops::GatherRowsArgs, const int *, unsigned int)+0x280
=========     by thread (49,0,0) in block (1,0,0)
=========     Address 0xe26d59310
========= 
========= Uninitialized __global__ memory read of size 16 bytes
=========     at ctranslate2::ops::gather_rows_kernel(ctranslate2::ops::GatherRowsArgs, const int *, unsigned int)+0x280
=========     by thread (50,0,0) in block (1,0,0)
=========     Address 0xe26d59320
========= 
========= Uninitialized __global__ memory read of size 16 bytes
=========     at ctranslate2::ops::gather_rows_kernel(ctranslate2::ops::GatherRowsArgs, const int *, unsigned int)+0x280
=========     by thread (51,0,0) in block (1,0,0)
=========     Address 0xe26d59330
========= 
========= Uninitialized __global__ memory read of size 16 bytes
=========     at ctranslate2::ops::gather_rows_kernel(ctranslate2::ops::GatherRowsArgs, const int *, unsigned int)+0x280
=========     by thread (52,0,0) in block (1,0,0)
=========     Address 0xe26d59340
========= 
========= Uninitialized __global__ memory read of size 16 bytes
=========     at ctranslate2::ops::gather_rows_kernel(ctranslate2::ops::GatherRowsArgs, const int *, unsigned int)+0x280
=========     by thread (53,0,0) in block (1,0,0)
=========     Address 0xe26d59350
========= 
========= Uninitialized __global__ memory read of size 16 bytes
=========     at ctranslate2::ops::gather_rows_kernel(ctranslate2::ops::GatherRowsArgs, const int *, unsigned int)+0x280
=========     by thread (54,0,0) in block (1,0,0)
=========     Address 0xe26d53b60
========= 
========= Uninitialized __global__ memory read of size 16 bytes
=========     at ctranslate2::ops::gather_rows_kernel(ctranslate2::ops::GatherRowsArgs, const int *, unsigned int)+0x280
=========     by thread (55,0,0) in block (1,0,0)
=========     Address 0xe26d53b70
========= 
========= Uninitialized __global__ memory read of size 16 bytes
=========     at ctranslate2::ops::gather_rows_kernel(ctranslate2::ops::GatherRowsArgs, const int *, unsigned int)+0x280
=========     by thread (56,0,0) in block (1,0,0)
=========     Address 0xe26d53b80
========= 
========= Uninitialized __global__ memory read of size 16 bytes
=========     at ctranslate2::ops::gather_rows_kernel(ctranslate2::ops::GatherRowsArgs, const int *, unsigned int)+0x280
=========     by thread (57,0,0) in block (1,0,0)
=========     Address 0xe26d53b90
========= 
========= Uninitialized __global__ memory read of size 16 bytes
=========     at ctranslate2::ops::gather_rows_kernel(ctranslate2::ops::GatherRowsArgs, const int *, unsigned int)+0x280
=========     by thread (58,0,0) in block (1,0,0)
=========     Address 0xe26d53ba0
========= 
========= Uninitialized __global__ memory read of size 16 bytes
=========     at ctranslate2::ops::gather_rows_kernel(ctranslate2::ops::GatherRowsArgs, const int *, unsigned int)+0x280
=========     by thread (59,0,0) in block (1,0,0)
=========     Address 0xe26d593b0
========= 
========= Uninitialized __global__ memory read of size 16 bytes
=========     at ctranslate2::ops::gather_rows_kernel(ctranslate2::ops::GatherRowsArgs, const int *, unsigned int)+0x280
=========     by thread (60,0,0) in block (1,0,0)
=========     Address 0xe26d593c0
========= 
========= Uninitialized __global__ memory read of size 16 bytes
=========     at ctranslate2::ops::gather_rows_kernel(ctranslate2::ops::GatherRowsArgs, const int *, unsigned int)+0x280
=========     by thread (61,0,0) in block (1,0,0)
=========     Address 0xe26d593d0
========= 
========= Uninitialized __global__ memory read of size 16 bytes
=========     at ctranslate2::ops::gather_rows_kernel(ctranslate2::ops::GatherRowsArgs, const int *, unsigned int)+0x280
=========     by thread (62,0,0) in block (1,0,0)
=========     Address 0xe26d593e0
========= 
========= Uninitialized __global__ memory read of size 16 bytes
=========     at ctranslate2::ops::gather_rows_kernel(ctranslate2::ops::GatherRowsArgs, const int *, unsigned int)+0x280
=========     by thread (63,0,0) in block (1,0,0)
=========     Address 0xe26d593f0
========= 
========= Uninitialized __global__ memory read of size 16 bytes
=========     at ctranslate2::ops::gather_rows_kernel(ctranslate2::ops::GatherRowsArgs, const int *, unsigned int)+0x280
=========     by thread (64,0,0) in block (1,0,0)
=========     Address 0xe26d53c00
========= 
========= Uninitialized __global__ memory read of size 16 bytes
=========     at ctranslate2::ops::gather_rows_kernel(ctranslate2::ops::GatherRowsArgs, const int *, unsigned int)+0x280
=========     by thread (65,0,0) in block (1,0,0)
=========     Address 0xe26d53c10
========= 
========= Uninitialized __global__ memory read of size 16 bytes
=========     at ctranslate2::ops::gather_rows_kernel(ctranslate2::ops::GatherRowsArgs, const int *, unsigned int)+0x280
=========     by thread (66,0,0) in block (1,0,0)
=========     Address 0xe26d53c20
========= 
========= Uninitialized __global__ memory read of size 16 bytes
=========     at ctranslate2::ops::gather_rows_kernel(ctranslate2::ops::GatherRowsArgs, const int *, unsigned int)+0x280
=========     by thread (67,0,0) in block (1,0,0)
=========     Address 0xe26d53c30
========= 
========= Uninitialized __global__ memory read of size 16 bytes
=========     at ctranslate2::ops::gather_rows_kernel(ctranslate2::ops::GatherRowsArgs, const int *, unsigned int)+0x280
=========     by thread (68,0,0) in block (1,0,0)
=========     Address 0xe26d53c40
========= 
========= Uninitialized __global__ memory read of size 16 bytes
=========     at ctranslate2::ops::gather_rows_kernel(ctranslate2::ops::GatherRowsArgs, const int *, unsigned int)+0x280
=========     by thread (69,0,0) in block (1,0,0)
=========     Address 0xe26d59450
========= 
========= Uninitialized __global__ memory read of size 16 bytes
=========     at ctranslate2::ops::gather_rows_kernel(ctranslate2::ops::GatherRowsArgs, const int *, unsigned int)+0x280
=========     by thread (70,0,0) in block (1,0,0)
=========     Address 0xe26d59460
========= 
========= Uninitialized __global__ memory read of size 16 bytes
=========     at ctranslate2::ops::gather_rows_kernel(ctranslate2::ops::GatherRowsArgs, const int *, unsigned int)+0x280
=========     by thread (71,0,0) in block (1,0,0)
=========     Address 0xe26d59470
========= 
========= Uninitialized __global__ memory read of size 16 bytes
=========     at ctranslate2::ops::gather_rows_kernel(ctranslate2::ops::GatherRowsArgs, const int *, unsigned int)+0x280
=========     by thread (72,0,0) in block (1,0,0)
=========     Address 0xe26d59480
========= 
========= Uninitialized __global__ memory read of size 16 bytes
=========     at ctranslate2::ops::gather_rows_kernel(ctranslate2::ops::GatherRowsArgs, const int *, unsigned int)+0x280
=========     by thread (73,0,0) in block (1,0,0)
=========     Address 0xe26d59490
========= 
========= Uninitialized __global__ memory read of size 16 bytes
=========     at ctranslate2::ops::gather_rows_kernel(ctranslate2::ops::GatherRowsArgs, const int *, unsigned int)+0x280
=========     by thread (74,0,0) in block (1,0,0)
=========     Address 0xe26d53ca0
========= 
========= Uninitialized __global__ memory read of size 16 bytes
=========     at ctranslate2::ops::gather_rows_kernel(ctranslate2::ops::GatherRowsArgs, const int *, unsigned int)+0x280
=========     by thread (75,0,0) in block (1,0,0)
=========     Address 0xe26d53cb0
========= 
========= Uninitialized __global__ memory read of size 16 bytes
=========     at ctranslate2::ops::gather_rows_kernel(ctranslate2::ops::GatherRowsArgs, const int *, unsigned int)+0x280
=========     by thread (76,0,0) in block (1,0,0)
=========     Address 0xe26d53cc0
========= 
========= Uninitialized __global__ memory read of size 16 bytes
=========     at ctranslate2::ops::gather_rows_kernel(ctranslate2::ops::GatherRowsArgs, const int *, unsigned int)+0x280
=========     by thread (77,0,0) in block (1,0,0)
=========     Address 0xe26d53cd0
========= 
========= Uninitialized __global__ memory read of size 16 bytes
=========     at ctranslate2::ops::gather_rows_kernel(ctranslate2::ops::GatherRowsArgs, const int *, unsigned int)+0x280
=========     by thread (78,0,0) in block (1,0,0)
=========     Address 0xe26d53ce0
========= 
========= Uninitialized __global__ memory read of size 16 bytes
=========     at ctranslate2::ops::gather_rows_kernel(ctranslate2::ops::GatherRowsArgs, const int *, unsigned int)+0x280
=========     by thread (79,0,0) in block (1,0,0)
=========     Address 0xe26d594f0
========= 
========= Uninitialized __global__ memory read of size 16 bytes
=========     at ctranslate2::ops::gather_rows_kernel(ctranslate2::ops::GatherRowsArgs, const int *, unsigned int)+0x280
=========     by thread (80,0,0) in block (1,0,0)
=========     Address 0xe26d59500
========= 
========= Uninitialized __global__ memory read of size 16 bytes
=========     at ctranslate2::ops::gather_rows_kernel(ctranslate2::ops::GatherRowsArgs, const int *, unsigned int)+0x280
=========     by thread (81,0,0) in block (1,0,0)
=========     Address 0xe26d59510
========= 
========= Uninitialized __global__ memory read of size 16 bytes
=========     at ctranslate2::ops::gather_rows_kernel(ctranslate2::ops::GatherRowsArgs, const int *, unsigned int)+0x280
=========     by thread (82,0,0) in block (1,0,0)
=========     Address 0xe26d59520
========= 
========= Uninitialized __global__ memory read of size 16 bytes
=========     at ctranslate2::ops::gather_rows_kernel(ctranslate2::ops::GatherRowsArgs, const int *, unsigned int)+0x280
=========     by thread (83,0,0) in block (1,0,0)
=========     Address 0xe26d59530
========= 
========= Uninitialized __global__ memory read of size 16 bytes
=========     at ctranslate2::ops::gather_rows_kernel(ctranslate2::ops::GatherRowsArgs, const int *, unsigned int)+0x280
=========     by thread (84,0,0) in block (1,0,0)
=========     Address 0xe26d53d40
========= 
========= Uninitialized __global__ memory read of size 16 bytes
=========     at ctranslate2::ops::gather_rows_kernel(ctranslate2::ops::GatherRowsArgs, const int *, unsigned int)+0x280
=========     by thread (85,0,0) in block (1,0,0)
=========     Address 0xe26d53d50
========= 
========= Uninitialized __global__ memory read of size 16 bytes
=========     at ctranslate2::ops::gather_rows_kernel(ctranslate2::ops::GatherRowsArgs, const int *, unsigned int)+0x280
=========     by thread (86,0,0) in block (1,0,0)
=========     Address 0xe26d53d60
========= 
========= Uninitialized __global__ memory read of size 16 bytes
=========     at ctranslate2::ops::gather_rows_kernel(ctranslate2::ops::GatherRowsArgs, const int *, unsigned int)+0x280
=========     by thread (87,0,0) in block (1,0,0)
=========     Address 0xe26d53d70
========= 
========= Uninitialized __global__ memory read of size 16 bytes
=========     at ctranslate2::ops::gather_rows_kernel(ctranslate2::ops::GatherRowsArgs, const int *, unsigned int)+0x280
=========     by thread (88,0,0) in block (1,0,0)
=========     Address 0xe26d53d80
========= 
========= Uninitialized __global__ memory read of size 16 bytes
=========     at ctranslate2::ops::gather_rows_kernel(ctranslate2::ops::GatherRowsArgs, const int *, unsigned int)+0x280
=========     by thread (89,0,0) in block (1,0,0)
=========     Address 0xe26d59590
========= 
========= Uninitialized __global__ memory read of size 16 bytes
=========     at ctranslate2::ops::gather_rows_kernel(ctranslate2::ops::GatherRowsArgs, const int *, unsigned int)+0x280
=========     by thread (90,0,0) in block (1,0,0)
=========     Address 0xe26d595a0
========= 
========= Uninitialized __global__ memory read of size 16 bytes
=========     at ctranslate2::ops::gather_rows_kernel(ctranslate2::ops::GatherRowsArgs, const int *, unsigned int)+0x280
=========     by thread (91,0,0) in block (1,0,0)
=========     Address 0xe26d595b0
========= 
========= Uninitialized __global__ memory read of size 16 bytes
=========     at ctranslate2::ops::gather_rows_kernel(ctranslate2::ops::GatherRowsArgs, const int *, unsigned int)+0x280
=========     by thread (92,0,0) in block (1,0,0)
=========     Address 0xe26d595c0
========= 
========= Uninitialized __global__ memory read of size 16 bytes
=========     at ctranslate2::ops::gather_rows_kernel(ctranslate2::ops::GatherRowsArgs, const int *, unsigned int)+0x280
=========     by thread (93,0,0) in block (1,0,0)
=========     Address 0xe26d595d0
========= 
========= Uninitialized __global__ memory read of size 16 bytes
=========     at ctranslate2::ops::gather_rows_kernel(ctranslate2::ops::GatherRowsArgs, const int *, unsigned int)+0x280
=========     by thread (96,0,0) in block (1,0,0)
=========     Address 0xe26d53e00
========= 
========= Uninitialized __global__ memory read of size 16 bytes
=========     at ctranslate2::ops::gather_rows_kernel(ctranslate2::ops::GatherRowsArgs, const int *, unsigned int)+0x280
=========     by thread (97,0,0) in block (1,0,0)
=========     Address 0xe26d53e10
========= 
========= Uninitialized __global__ memory read of size 16 bytes
=========     at ctranslate2::ops::gather_rows_kernel(ctranslate2::ops::GatherRowsArgs, const int *, unsigned int)+0x280
=========     by thread (98,0,0) in block (1,0,0)
=========     Address 0xe26d53e20
========= 
========= Uninitialized __global__ memory read of size 16 bytes
=========     at ctranslate2::ops::gather_rows_kernel(ctranslate2::ops::GatherRowsArgs, const int *, unsigned int)+0x280
=========     by thread (94,0,0) in block (1,0,0)
=========     Address 0xe26d53de0
========= 
========= Uninitialized __global__ memory read of size 16 bytes
=========     at ctranslate2::ops::gather_rows_kernel(ctranslate2::ops::GatherRowsArgs, const int *, unsigned int)+0x280
=========     by thread (95,0,0) in block (1,0,0)
=========     Address 0xe26d53df0
========= 
========= Uninitialized __global__ memory read of size 16 bytes
=========     at ctranslate2::ops::gather_rows_kernel(ctranslate2::ops::GatherRowsArgs, const int *, unsigned int)+0x280
=========     by thread (31,0,0) in block (1,0,0)
=========     Address 0xe26d53e80
========= 
========= Uninitialized __global__ memory read of size 16 bytes
=========     at ctranslate2::ops::gather_rows_kernel(ctranslate2::ops::GatherRowsArgs, const int *, unsigned int)+0x280
=========     by thread (32,0,0) in block (1,0,0)
=========     Address 0xe26d53e90
========= 
========= Uninitialized __global__ memory read of size 16 bytes
=========     at ctranslate2::ops::gather_rows_kernel(ctranslate2::ops::GatherRowsArgs, const int *, unsigned int)+0x280
=========     by thread (33,0,0) in block (1,0,0)
=========     Address 0xe26d53ea0
========= 
========= Uninitialized __global__ memory read of size 16 bytes
=========     at ctranslate2::ops::gather_rows_kernel(ctranslate2::ops::GatherRowsArgs, const int *, unsigned int)+0x280
=========     by thread (34,0,0) in block (1,0,0)
=========     Address 0xe26d53eb0
========= 
========= Uninitialized __global__ memory read of size 16 bytes
=========     at ctranslate2::ops::gather_rows_kernel(ctranslate2::ops::GatherRowsArgs, const int *, unsigned int)+0x280
=========     by thread (35,0,0) in block (1,0,0)
=========     Address 0xe26d53ec0
========= 
========= Uninitialized __global__ memory read of size 16 bytes
=========     at ctranslate2::ops::gather_rows_kernel(ctranslate2::ops::GatherRowsArgs, const int *, unsigned int)+0x280
=========     by thread (109,0,0) in block (1,0,0)
=========     Address 0xe26d596d0
========= 
========= Uninitialized __global__ memory read of size 16 bytes
=========     at ctranslate2::ops::gather_rows_kernel(ctranslate2::ops::GatherRowsArgs, const int *, unsigned int)+0x280
=========     by thread (110,0,0) in block (1,0,0)
=========     Address 0xe26d596e0
========= 
========= Uninitialized __global__ memory read of size 16 bytes
=========     at ctranslate2::ops::gather_rows_kernel(ctranslate2::ops::GatherRowsArgs, const int *, unsigned int)+0x280
=========     by thread (111,0,0) in block (1,0,0)
=========     Address 0xe26d596f0
========= 
========= Uninitialized __global__ memory read of size 16 bytes
=========     at ctranslate2::ops::gather_rows_kernel(ctranslate2::ops::GatherRowsArgs, const int *, unsigned int)+0x280
=========     by thread (112,0,0) in block (1,0,0)
=========     Address 0xe26d59700
========= 
========= Uninitialized __global__ memory read of size 16 bytes
=========     at ctranslate2::ops::gather_rows_kernel(ctranslate2::ops::GatherRowsArgs, const int *, unsigned int)+0x280
=========     by thread (113,0,0) in block (1,0,0)
=========     Address 0xe26d59710
========= 
========= Uninitialized __global__ memory read of size 16 bytes
=========     at ctranslate2::ops::gather_rows_kernel(ctranslate2::ops::GatherRowsArgs, const int *, unsigned int)+0x280
=========     by thread (124,0,0) in block (1,0,0)
=========     Address 0xe26d53fc0
========= 
========= Uninitialized __global__ memory read of size 16 bytes
=========     at ctranslate2::ops::gather_rows_kernel(ctranslate2::ops::GatherRowsArgs, const int *, unsigned int)+0x280
=========     by thread (125,0,0) in block (1,0,0)
=========     Address 0xe26d53fd0
========= 
========= Uninitialized __global__ memory read of size 16 bytes
=========     at ctranslate2::ops::gather_rows_kernel(ctranslate2::ops::GatherRowsArgs, const int *, unsigned int)+0x280
=========     by thread (126,0,0) in block (1,0,0)
=========     Address 0xe26d53fe0
========= 
========= Uninitialized __global__ memory read of size 16 bytes
=========     at ctranslate2::ops::gather_rows_kernel(ctranslate2::ops::GatherRowsArgs, const int *, unsigned int)+0x280
=========     by thread (127,0,0) in block (1,0,0)
=========     Address 0xe26d53ff0
========= 
========= Uninitialized __global__ memory read of size 16 bytes
=========     at ctranslate2::ops::gather_rows_kernel(ctranslate2::ops::GatherRowsArgs, const int *, unsigned int)+0x280
=========     by thread (128,0,0) in block (1,0,0)
=========     Address 0xe26d54000
========= 
========= Uninitialized __global__ memory read of size 16 bytes
=========     at ctranslate2::ops::gather_rows_kernel(ctranslate2::ops::GatherRowsArgs, const int *, unsigned int)+0x280
=========     by thread (129,0,0) in block (1,0,0)
=========     Address 0xe26d59810
========= 
========= Uninitialized __global__ memory read of size 16 bytes
=========     at ctranslate2::ops::gather_rows_kernel(ctranslate2::ops::GatherRowsArgs, const int *, unsigned int)+0x280
=========     by thread (130,0,0) in block (1,0,0)
=========     Address 0xe26d59820
========= 
========= Uninitialized __global__ memory read of size 16 bytes
=========     at ctranslate2::ops::gather_rows_kernel(ctranslate2::ops::GatherRowsArgs, const int *, unsigned int)+0x280
=========     by thread (131,0,0) in block (1,0,0)
=========     Address 0xe26d59830
========= 
========= Uninitialized __global__ memory read of size 16 bytes
=========     at ctranslate2::ops::gather_rows_kernel(ctranslate2::ops::GatherRowsArgs, const int *, unsigned int)+0x280
=========     by thread (132,0,0) in block (1,0,0)
=========     Address 0xe26d59840
========= 
========= Uninitialized __global__ memory read of size 16 bytes
=========     at ctranslate2::ops::gather_rows_kernel(ctranslate2::ops::GatherRowsArgs, const int *, unsigned int)+0x280
=========     by thread (133,0,0) in block (1,0,0)
=========     Address 0xe26d59850
========= 
========= Uninitialized __global__ memory read of size 16 bytes
=========     at ctranslate2::ops::gather_rows_kernel(ctranslate2::ops::GatherRowsArgs, const int *, unsigned int)+0x280
=========     by thread (134,0,0) in block (1,0,0)
=========     Address 0xe26d54060
========= 
========= Uninitialized __global__ memory read of size 16 bytes
=========     at ctranslate2::ops::gather_rows_kernel(ctranslate2::ops::GatherRowsArgs, const int *, unsigned int)+0x280
=========     by thread (135,0,0) in block (1,0,0)
=========     Address 0xe26d54070
========= 
========= Uninitialized __global__ memory read of size 16 bytes
=========     at ctranslate2::ops::gather_rows_kernel(ctranslate2::ops::GatherRowsArgs, const int *, unsigned int)+0x280
=========     by thread (136,0,0) in block (1,0,0)
=========     Address 0xe26d54080
========= 
========= Uninitialized __global__ memory read of size 16 bytes
=========     at ctranslate2::ops::gather_rows_kernel(ctranslate2::ops::GatherRowsArgs, const int *, unsigned int)+0x280
=========     by thread (137,0,0) in block (1,0,0)
=========     Address 0xe26d54090
========= 
========= Uninitialized __global__ memory read of size 16 bytes
=========     at ctranslate2::ops::gather_rows_kernel(ctranslate2::ops::GatherRowsArgs, const int *, unsigned int)+0x280
=========     by thread (138,0,0) in block (1,0,0)
=========     Address 0xe26d540a0
========= 
========= Uninitialized __global__ memory read of size 16 bytes
=========     at ctranslate2::ops::gather_rows_kernel(ctranslate2::ops::GatherRowsArgs, const int *, unsigned int)+0x280
=========     by thread (144,0,0) in block (1,0,0)
=========     Address 0xe26d54100
========= 
========= Uninitialized __global__ memory read of size 16 bytes
=========     at ctranslate2::ops::gather_rows_kernel(ctranslate2::ops::GatherRowsArgs, const int *, unsigned int)+0x280
=========     by thread (145,0,0) in block (1,0,0)
=========     Address 0xe26d54110
========= 
========= Uninitialized __global__ memory read of size 16 bytes
=========     at ctranslate2::ops::gather_rows_kernel(ctranslate2::ops::GatherRowsArgs, const int *, unsigned int)+0x280
=========     by thread (146,0,0) in block (1,0,0)
=========     Address 0xe26d54120
========= 
========= Uninitialized __global__ memory read of size 16 bytes
=========     at ctranslate2::ops::gather_rows_kernel(ctranslate2::ops::GatherRowsArgs, const int *, unsigned int)+0x280
=========     by thread (147,0,0) in block (1,0,0)
=========     Address 0xe26d54130
========= 
========= Uninitialized __global__ memory read of size 16 bytes
=========     at ctranslate2::ops::gather_rows_kernel(ctranslate2::ops::GatherRowsArgs, const int *, unsigned int)+0x280
=========     by thread (148,0,0) in block (1,0,0)
=========     Address 0xe26d54140
========= 
========= Uninitialized __global__ memory read of size 16 bytes
=========     at ctranslate2::ops::gather_rows_kernel(ctranslate2::ops::GatherRowsArgs, const int *, unsigned int)+0x280
=========     by thread (149,0,0) in block (1,0,0)
=========     Address 0xe26d59950
========= 
========= Uninitialized __global__ memory read of size 16 bytes
=========     at ctranslate2::ops::gather_rows_kernel(ctranslate2::ops::GatherRowsArgs, const int *, unsigned int)+0x280
=========     by thread (150,0,0) in block (1,0,0)
=========     Address 0xe26d59960
========= 
========= Uninitialized __global__ memory read of size 16 bytes
=========     at ctranslate2::ops::gather_rows_kernel(ctranslate2::ops::GatherRowsArgs, const int *, unsigned int)+0x280
=========     by thread (151,0,0) in block (1,0,0)
=========     Address 0xe26d59970
========= 
========= Uninitialized __global__ memory read of size 16 bytes
=========     at ctranslate2::ops::gather_rows_kernel(ctranslate2::ops::GatherRowsArgs, const int *, unsigned int)+0x280
=========     by thread (152,0,0) in block (1,0,0)
=========     Address 0xe26d59980
========= 
========= Uninitialized __global__ memory read of size 16 bytes
=========     at ctranslate2::ops::gather_rows_kernel(ctranslate2::ops::GatherRowsArgs, const int *, unsigned int)+0x280
=========     by thread (153,0,0) in block (1,0,0)
=========     Address 0xe26d59990
========= 
========= Uninitialized __global__ memory read of size 16 bytes
=========     at ctranslate2::ops::gather_rows_kernel(ctranslate2::ops::GatherRowsArgs, const int *, unsigned int)+0x280
=========     by thread (154,0,0) in block (1,0,0)
=========     Address 0xe26d541a0
========= 
========= Uninitialized __global__ memory read of size 16 bytes
=========     at ctranslate2::ops::gather_rows_kernel(ctranslate2::ops::GatherRowsArgs, const int *, unsigned int)+0x280
=========     by thread (155,0,0) in block (1,0,0)
=========     Address 0xe26d541b0
========= 
========= Uninitialized __global__ memory read of size 16 bytes
=========     at ctranslate2::ops::gather_rows_kernel(ctranslate2::ops::GatherRowsArgs, const int *, unsigned int)+0x280
=========     by thread (156,0,0) in block (1,0,0)
=========     Address 0xe26d541c0
========= 
========= Uninitialized __global__ memory read of size 16 bytes
=========     at ctranslate2::ops::gather_rows_kernel(ctranslate2::ops::GatherRowsArgs, const int *, unsigned int)+0x280
=========     by thread (157,0,0) in block (1,0,0)
=========     Address 0xe26d541d0
========= 
========= Uninitialized __global__ memory read of size 16 bytes
=========     at ctranslate2::ops::gather_rows_kernel(ctranslate2::ops::GatherRowsArgs, const int *, unsigned int)+0x280
=========     by thread (158,0,0) in block (1,0,0)
=========     Address 0xe26d541e0
========= 
========= Uninitialized __global__ memory read of size 16 bytes
=========     at ctranslate2::ops::gather_rows_kernel(ctranslate2::ops::GatherRowsArgs, const int *, unsigned int)+0x280
=========     by thread (159,0,0) in block (1,0,0)
=========     Address 0xe26d599f0
========= 
========= Uninitialized __global__ memory read of size 16 bytes
=========     at ctranslate2::ops::gather_rows_kernel(ctranslate2::ops::GatherRowsArgs, const int *, unsigned int)+0x280
=========     by thread (160,0,0) in block (1,0,0)
=========     Address 0xe26d59a00
========= 
========= Uninitialized __global__ memory read of size 16 bytes
=========     at ctranslate2::ops::gather_rows_kernel(ctranslate2::ops::GatherRowsArgs, const int *, unsigned int)+0x280
=========     by thread (161,0,0) in block (1,0,0)
=========     Address 0xe26d59a10
========= 
========= Uninitialized __global__ memory read of size 16 bytes
=========     at ctranslate2::ops::gather_rows_kernel(ctranslate2::ops::GatherRowsArgs, const int *, unsigned int)+0x280
=========     by thread (162,0,0) in block (1,0,0)
=========     Address 0xe26d59a20
========= 
========= Uninitialized __global__ memory read of size 16 bytes
=========     at ctranslate2::ops::gather_rows_kernel(ctranslate2::ops::GatherRowsArgs, const int *, unsigned int)+0x280
=========     by thread (163,0,0) in block (1,0,0)
=========     Address 0xe26d59a30
========= 
========= Uninitialized __global__ memory read of size 16 bytes
=========     at ctranslate2::ops::gather_rows_kernel(ctranslate2::ops::GatherRowsArgs, const int *, unsigned int)+0x280
=========     by thread (83,0,0) in block (1,0,0)
=========     Address 0xe26d59a90
========= 
========= Uninitialized __global__ memory read of size 16 bytes
=========     at ctranslate2::ops::gather_rows_kernel(ctranslate2::ops::GatherRowsArgs, const int *, unsigned int)+0x280
=========     by thread (84,0,0) in block (1,0,0)
=========     Address 0xe26d59aa0
========= 
========= Uninitialized __global__ memory read of size 16 bytes
=========     at ctranslate2::ops::gather_rows_kernel(ctranslate2::ops::GatherRowsArgs, const int *, unsigned int)+0x280
=========     by thread (85,0,0) in block (1,0,0)
=========     Address 0xe26d59ab0
========= 
========= Uninitialized __global__ memory read of size 16 bytes
=========     at ctranslate2::ops::gather_rows_kernel(ctranslate2::ops::GatherRowsArgs, const int *, unsigned int)+0x280
=========     by thread (86,0,0) in block (1,0,0)
=========     Address 0xe26d59ac0
========= 
========= Uninitialized __global__ memory read of size 16 bytes
=========     at ctranslate2::ops::gather_rows_kernel(ctranslate2::ops::GatherRowsArgs, const int *, unsigned int)+0x280
=========     by thread (87,0,0) in block (1,0,0)
=========     Address 0xe26d59ad0
========= 
========= Uninitialized __global__ memory read of size 16 bytes
=========     at ctranslate2::ops::gather_rows_kernel(ctranslate2::ops::GatherRowsArgs, const int *, unsigned int)+0x280
=========     by thread (179,0,0) in block (1,0,0)
=========     Address 0xe26d59b30
========= 
========= Uninitialized __global__ memory read of size 16 bytes
=========     at ctranslate2::ops::gather_rows_kernel(ctranslate2::ops::GatherRowsArgs, const int *, unsigned int)+0x280
=========     by thread (180,0,0) in block (1,0,0)
=========     Address 0xe26d59b40
========= 
========= Uninitialized __global__ memory read of size 16 bytes
=========     at ctranslate2::ops::gather_rows_kernel(ctranslate2::ops::GatherRowsArgs, const int *, unsigned int)+0x280
=========     by thread (181,0,0) in block (1,0,0)
=========     Address 0xe26d59b50
========= 
========= Uninitialized __global__ memory read of size 16 bytes
=========     at ctranslate2::ops::gather_rows_kernel(ctranslate2::ops::GatherRowsArgs, const int *, unsigned int)+0x280
=========     by thread (182,0,0) in block (1,0,0)
=========     Address 0xe26d59b60
========= 
========= Uninitialized __global__ memory read of size 16 bytes
=========     at ctranslate2::ops::gather_rows_kernel(ctranslate2::ops::GatherRowsArgs, const int *, unsigned int)+0x280
=========     by thread (183,0,0) in block (1,0,0)
=========     Address 0xe26d59b70
========= 
========= Uninitialized __global__ memory read of size 16 bytes
=========     at ctranslate2::ops::gather_rows_kernel(ctranslate2::ops::GatherRowsArgs, const int *, unsigned int)+0x280
=========     by thread (189,0,0) in block (1,0,0)
=========     Address 0xe26d59bd0
========= 
========= Uninitialized __global__ memory read of size 16 bytes
=========     at ctranslate2::ops::gather_rows_kernel(ctranslate2::ops::GatherRowsArgs, const int *, unsigned int)+0x280
=========     by thread (190,0,0) in block (1,0,0)
=========     Address 0xe26d59be0
========= 
========= Uninitialized __global__ memory read of size 16 bytes
=========     at ctranslate2::ops::gather_rows_kernel(ctranslate2::ops::GatherRowsArgs, const int *, unsigned int)+0x280
=========     by thread (191,0,0) in block (1,0,0)
=========     Address 0xe26d59bf0
========= 
========= Uninitialized __global__ memory read of size 16 bytes
=========     at ctranslate2::ops::gather_rows_kernel(ctranslate2::ops::GatherRowsArgs, const int *, unsigned int)+0x280
=========     by thread (192,0,0) in block (1,0,0)
=========     Address 0xe26d59c00
========= 
========= Uninitialized __global__ memory read of size 16 bytes
=========     at ctranslate2::ops::gather_rows_kernel(ctranslate2::ops::GatherRowsArgs, const int *, unsigned int)+0x280
=========     by thread (193,0,0) in block (1,0,0)
=========     Address 0xe26d59c10
========= 
========= Uninitialized __global__ memory read of size 16 bytes
=========     at ctranslate2::ops::gather_rows_kernel(ctranslate2::ops::GatherRowsArgs, const int *, unsigned int)+0x280
=========     by thread (107,0,0) in block (1,0,0)
=========     Address 0xe26d59c70
========= 
========= Uninitialized __global__ memory read of size 16 bytes
=========     at ctranslate2::ops::gather_rows_kernel(ctranslate2::ops::GatherRowsArgs, const int *, unsigned int)+0x280
=========     by thread (108,0,0) in block (1,0,0)
=========     Address 0xe26d59c80
========= 
========= Uninitialized __global__ memory read of size 16 bytes
=========     at ctranslate2::ops::gather_rows_kernel(ctranslate2::ops::GatherRowsArgs, const int *, unsigned int)+0x280
=========     by thread (109,0,0) in block (1,0,0)
=========     Address 0xe26d59c90
========= 
========= Uninitialized __global__ memory read of size 16 bytes
=========     at ctranslate2::ops::gather_rows_kernel(ctranslate2::ops::GatherRowsArgs, const int *, unsigned int)+0x280
=========     by thread (110,0,0) in block (1,0,0)
=========     Address 0xe26d59ca0
========= 
========= Uninitialized __global__ memory read of size 16 bytes
=========     at ctranslate2::ops::gather_rows_kernel(ctranslate2::ops::GatherRowsArgs, const int *, unsigned int)+0x280
=========     by thread (111,0,0) in block (1,0,0)
=========     Address 0xe26d59cb0
========= 
========= Uninitialized __global__ memory read of size 16 bytes
=========     at ctranslate2::ops::gather_rows_kernel(ctranslate2::ops::GatherRowsArgs, const int *, unsigned int)+0x280
=========     by thread (204,0,0) in block (1,0,0)
=========     Address 0xe26d544c0
========= 
========= Uninitialized __global__ memory read of size 16 bytes
=========     at ctranslate2::ops::gather_rows_kernel(ctranslate2::ops::GatherRowsArgs, const int *, unsigned int)+0x280
=========     by thread (205,0,0) in block (1,0,0)
=========     Address 0xe26d544d0
========= 
========= Uninitialized __global__ memory read of size 16 bytes
=========     at ctranslate2::ops::gather_rows_kernel(ctranslate2::ops::GatherRowsArgs, const int *, unsigned int)+0x280
=========     by thread (206,0,0) in block (1,0,0)
=========     Address 0xe26d544e0
========= 
========= Uninitialized __global__ memory read of size 16 bytes
=========     at ctranslate2::ops::gather_rows_kernel(ctranslate2::ops::GatherRowsArgs, const int *, unsigned int)+0x280
=========     by thread (207,0,0) in block (1,0,0)
=========     Address 0xe26d544f0
========= 
========= Uninitialized __global__ memory read of size 16 bytes
=========     at ctranslate2::ops::gather_rows_kernel(ctranslate2::ops::GatherRowsArgs, const int *, unsigned int)+0x280
=========     by thread (208,0,0) in block (1,0,0)
=========     Address 0xe26d54500
========= 
========= ERROR SUMMARY: 612 errors
========= 
========= 1474319 errors were skipped (error buffer overflow).
rc=0
