========= COMPUTE-SANITIZER
SANCELL flash_b4 [84, 77, 88, 98] [-0.194754, -0.135349, -0.140359, -0.132573]
========= Uninitialized __global__ memory read of size 16 bytes
=========     at void flash_fwd_kernel<Flash_fwd_kernel_traits<(int)64, (int)128, (int)128, (int)4, (bool)0, (bool)0, cutlass::half_t, Flash_kernel_traits<(int)64, (int)128, (int)128, (int)4, cutlass::half_t>>, (bool)0, (bool)0, (bool)0, (bool)0, (bool)1, (bool)0>(Flash_fwd_params)+0xa10
=========     by thread (96,0,0) in block (2,0,2)
=========     Address 0xe289b7700
========= 
========= Uninitialized __global__ memory read of size 16 bytes
=========     at void flash_fwd_kernel<Flash_fwd_kernel_traits<(int)64, (int)128, (int)128, (int)4, (bool)0, (bool)0, cutlass::half_t, Flash_kernel_traits<(int)64, (int)128, (int)128, (int)4, cutlass::half_t>>, (bool)0, (bool)0, (bool)0, (bool)0, (bool)1, (bool)0>(Flash_fwd_params)+0xa10
=========     by thread (97,0,0) in block (2,0,2)
=========     Address 0xe289b7710
========= 
========= Uninitialized __global__ memory read of size 16 bytes
=========     at void flash_fwd_kernel<Flash_fwd_kernel_traits<(int)64, (int)128, (int)128, (int)4, (bool)0, (bool)0, cutlass::half_t, Flash_kernel_traits<(int)64, (int)128, (int)128, (int)4, cutlass::half_t>>, (bool)0, (bool)0, (bool)0, (bool)0, (bool)1, (bool)0>(Flash_fwd_params)+0xa10
=========     by thread (98,0,0) in block (2,0,2)
=========     Address 0xe289b7720
========= 
========= Uninitialized __global__ memory read of size 16 bytes
=========     at void flash_fwd_kernel<Flash_fwd_kernel_traits<(int)64, (int)128, (int)128, (int)4, (bool)0, (bool)0, cutlass::half_t, Flash_kernel_traits<(int)64, (int)128, (int)128, (int)4, cutlass::half_t>>, (bool)0, (bool)0, (bool)0, (bool)0, (bool)1, (bool)0>(Flash_fwd_params)+0xa10
=========     by thread (99,0,0) in block (2,0,2)
=========     Address 0xe289b7730
========= 
========= Uninitialized __global__ memory read of size 16 bytes
=========     at void flash_fwd_kernel<Flash_fwd_kernel_traits<(int)64, (int)128, (int)128, (int)4, (bool)0, (bool)0, cutlass::half_t, Flash_kernel_traits<(int)64, (int)128, (int)128, (int)4, cutlass::half_t>>, (bool)0, (bool)0, (bool)0, (bool)0, (bool)1, (bool)0>(Flash_fwd_params)+0xa10
=========     by thread (100,0,0) in block (2,0,2)
=========     Address 0xe289b7740
========= 
========= Uninitialized __global__ memory read of size 16 bytes
=========     at void flash_fwd_kernel<Flash_fwd_kernel_traits<(int)64, (int)128, (int)128, (int)4, (bool)0, (bool)0, cutlass::half_t, Flash_kernel_traits<(int)64, (int)128, (int)128, (int)4, cutlass::half_t>>, (bool)0, (bool)0, (bool)0, (bool)0, (bool)1, (bool)0>(Flash_fwd_params)+0xa10
=========     by thread (101,0,0) in block (2,0,2)
=========     Address 0xe289b7750
========= 
========= Uninitialized __global__ memory read of size 16 bytes
=========     at void flash_fwd_kernel<Flash_fwd_kernel_traits<(int)64, (int)128, (int)128, (int)4, (bool)0, (bool)0, cutlass::half_t, Flash_kernel_traits<(int)64, (int)128, (int)128, (int)4, cutlass::half_t>>, (bool)0, (bool)0, (bool)0, (bool)0, (bool)1, (bool)0>(Flash_fwd_params)+0xa10
=========     by thread (102,0,0) in block (2,0,2)
=========     Address 0xe289b7760
========= 
========= Uninitialized __global__ memory read of size 16 bytes
=========     at void flash_fwd_kernel<Flash_fwd_kernel_traits<(int)64, (int)128, (int)128, (int)4, (bool)0, (bool)0, cutlass::half_t, Flash_kernel_traits<(int)64, (int)128, (int)128, (int)4, cutlass::half_t>>, (bool)0, (bool)0, (bool)0, (bool)0, (bool)1, (bool)0>(Flash_fwd_params)+0xa10
=========     by thread (103,0,0) in block (2,0,2)
=========     Address 0xe289b7770
========= 
========= Uninitialized __global__ memory read of size 16 bytes
=========     at void flash_fwd_kernel<Flash_fwd_kernel_traits<(int)64, (int)128, (int)128, (int)4, (bool)0, (bool)0, cutlass::half_t, Flash_kernel_traits<(int)64, (int)128, (int)128, (int)4, cutlass::half_t>>, (bool)0, (bool)0, (bool)0, (bool)0, (bool)1, (bool)0>(Flash_fwd_params)+0xa10
=========     by thread (104,0,0) in block (2,0,2)
=========     Address 0xe289b7d00
========= 
========= Uninitialized __global__ memory read of size 16 bytes
=========     at void flash_fwd_kernel<Flash_fwd_kernel_traits<(int)64, (int)128, (int)128, (int)4, (bool)0, (bool)0, cutlass::half_t, Flash_kernel_traits<(int)64, (int)128, (int)128, (int)4, cutlass::half_t>>, (bool)0, (bool)0, (bool)0, (bool)0, (bool)1, (bool)0>(Flash_fwd_params)+0xa10
=========     by thread (105,0,0) in block (2,0,2)
=========     Address 0xe289b7d10
========= 
========= Uninitialized __global__ memory read of size 16 bytes
=========     at void flash_fwd_kernel<Flash_fwd_kernel_traits<(int)64, (int)128, (int)128, (int)4, (bool)0, (bool)0, cutlass::half_t, Flash_kernel_traits<(int)64, (int)128, (int)128, (int)4, cutlass::half_t>>, (bool)0, (bool)0, (bool)0, (bool)0, (bool)1, (bool)0>(Flash_fwd_params)+0xa10
=========     by thread (106,0,0) in block (2,0,2)
=========     Address 0xe289b7d20
========= 
========= Uninitialized __global__ memory read of size 16 bytes
=========     at void flash_fwd_kernel<Flash_fwd_kernel_traits<(int)64, (int)128, (int)128, (int)4, (bool)0, (bool)0, cutlass::half_t, Flash_kernel_traits<(int)64, (int)128, (int)128, (int)4, cutlass::half_t>>, (bool)0, (bool)0, (bool)0, (bool)0, (bool)1, (bool)0>(Flash_fwd_params)+0xa10
=========     by thread (107,0,0) in block (2,0,2)
=========     Address 0xe289b7d30
========= 
========= Uninitialized __global__ memory read of size 16 bytes
=========     at void flash_fwd_kernel<Flash_fwd_kernel_traits<(int)64, (int)128, (int)128, (int)4, (bool)0, (bool)0, cutlass::half_t, Flash_kernel_traits<(int)64, (int)128, (int)128, (int)4, cutlass::half_t>>, (bool)0, (bool)0, (bool)0, (bool)0, (bool)1, (bool)0>(Flash_fwd_params)+0xa10
=========     by thread (108,0,0) in block (2,0,2)
=========     Address 0xe289b7d40
========= 
========= Uninitialized __global__ memory read of size 16 bytes
=========     at void flash_fwd_kernel<Flash_fwd_kernel_traits<(int)64, (int)128, (int)128, (int)4, (bool)0, (bool)0, cutlass::half_t, Flash_kernel_traits<(int)64, (int)128, (int)128, (int)4, cutlass::half_t>>, (bool)0, (bool)0, (bool)0, (bool)0, (bool)1, (bool)0>(Flash_fwd_params)+0xa10
=========     by thread (109,0,0) in block (2,0,2)
=========     Address 0xe289b7d50
========= 
========= Uninitialized __global__ memory read of size 16 bytes
=========     at void flash_fwd_kernel<Flash_fwd_kernel_traits<(int)64, (int)128, (int)128, (int)4, (bool)0, (bool)0, cutlass::half_t, Flash_kernel_traits<(int)64, (int)128, (int)128, (int)4, cutlass::half_t>>, (bool)0, (bool)0, (bool)0, (bool)0, (bool)1, (bool)0>(Flash_fwd_params)+0xa10
=========     by thread (110,0,0) in block (2,0,2)
=========     Address 0xe289b7d60
========= 
========= Uninitialized __global__ memory read of size 16 bytes
=========     at void flash_fwd_kernel<Flash_fwd_kernel_traits<(int)64, (int)128, (int)128, (int)4, (bool)0, (bool)0, cutlass::half_t, Flash_kernel_traits<(int)64, (int)128, (int)128, (int)4, cutlass::half_t>>, (bool)0, (bool)0, (bool)0, (bool)0, (bool)1, (bool)0>(Flash_fwd_params)+0xa10
=========     by thread (111,0,0) in block (2,0,2)
=========     Address 0xe289b7d70
========= 
========= Uninitialized __global__ memory read of size 16 bytes
=========     at void flash_fwd_kernel<Flash_fwd_kernel_traits<(int)64, (int)128, (int)128, (int)4, (bool)0, (bool)0, cutlass::half_t, Flash_kernel_traits<(int)64, (int)128, (int)128, (int)4, cutlass::half_t>>, (bool)0, (bool)0, (bool)0, (bool)0, (bool)1, (bool)0>(Flash_fwd_params)+0xa10
=========     by thread (112,0,0) in block (2,0,2)
=========     Address 0xe289b8300
========= 
========= Uninitialized __global__ memory read of size 16 bytes
=========     at void flash_fwd_kernel<Flash_fwd_kernel_traits<(int)64, (int)128, (int)128, (int)4, (bool)0, (bool)0, cutlass::half_t, Flash_kernel_traits<(int)64, (int)128, (int)128, (int)4, cutlass::half_t>>, (bool)0, (bool)0, (bool)0, (bool)0, (bool)1, (bool)0>(Flash_fwd_params)+0xa10
=========     by thread (113,0,0) in block (2,0,2)
=========     Address 0xe289b8310
========= 
========= Uninitialized __global__ memory read of size 16 bytes
=========     at void flash_fwd_kernel<Flash_fwd_kernel_traits<(int)64, (int)128, (int)128, (int)4, (bool)0, (bool)0, cutlass::half_t, Flash_kernel_traits<(int)64, (int)128, (int)128, (int)4, cutlass::half_t>>, (bool)0, (bool)0, (bool)0, (bool)0, (bool)1, (bool)0>(Flash_fwd_params)+0xa10
=========     by thread (114,0,0) in block (2,0,2)
=========     Address 0xe289b8320
========= 
========= Uninitialized __global__ memory read of size 16 bytes
=========     at void flash_fwd_kernel<Flash_fwd_kernel_traits<(int)64, (int)128, (int)128, (int)4, (bool)0, (bool)0, cutlass::half_t, Flash_kernel_traits<(int)64, (int)128, (int)128, (int)4, cutlass::half_t>>, (bool)0, (bool)0, (bool)0, (bool)0, (bool)1, (bool)0>(Flash_fwd_params)+0xa10
=========     by thread (115,0,0) in block (2,0,2)
=========     Address 0xe289b8330
========= 
========= Uninitialized __global__ memory read of size 16 bytes
=========     at void flash_fwd_kernel<Flash_fwd_kernel_traits<(int)64, (int)128, (int)128, (int)4, (bool)0, (bool)0, cutlass::half_t, Flash_kernel_traits<(int)64, (int)128, (int)128, (int)4, cutlass::half_t>>, (bool)0, (bool)0, (bool)0, (bool)0, (bool)1, (bool)0>(Flash_fwd_params)+0xa10
=========     by thread (116,0,0) in block (2,0,2)
=========     Address 0xe289b8340
========= 
========= Uninitialized __global__ memory read of size 16 bytes
=========     at void flash_fwd_kernel<Flash_fwd_kernel_traits<(int)64, (int)128, (int)128, (int)4, (bool)0, (bool)0, cutlass::half_t, Flash_kernel_traits<(int)64, (int)128, (int)128, (int)4, cutlass::half_t>>, (bool)0, (bool)0, (bool)0, (bool)0, (bool)1, (bool)0>(Flash_fwd_params)+0xa10
=========     by thread (117,0,0) in block (2,0,2)
=========     Address 0xe289b8350
========= 
========= Uninitialized __global__ memory read of size 16 bytes
=========     at void flash_fwd_kernel<Flash_fwd_kernel_traits<(int)64, (int)128, (int)128, (int)4, (bool)0, (bool)0, cutlass::half_t, Flash_kernel_traits<(int)64, (int)128, (int)128, (int)4, cutlass::half_t>>, (bool)0, (bool)0, (bool)0, (bool)0, (bool)1, (bool)0>(Flash_fwd_params)+0xa10
=========     by thread (118,0,0) in block (2,0,2)
=========     Address 0xe289b8360
========= 
========= Uninitialized __global__ memory read of size 16 bytes
=========     at void flash_fwd_kernel<Flash_fwd_kernel_traits<(int)64, (int)128, (int)128, (int)4, (bool)0, (bool)0, cutlass::half_t, Flash_kernel_traits<(int)64, (int)128, (int)128, (int)4, cutlass::half_t>>, (bool)0, (bool)0, (bool)0, (bool)0, (bool)1, (bool)0>(Flash_fwd_params)+0xa10
=========     by thread (119,0,0) in block (2,0,2)
=========     Address 0xe289b8370
========= 
========= Uninitialized __global__ memory read of size 16 bytes
=========     at void flash_fwd_kernel<Flash_fwd_kernel_traits<(int)64, (int)128, (int)128, (int)4, (bool)0, (bool)0, cutlass::half_t, Flash_kernel_traits<(int)64, (int)128, (int)128, (int)4, cutlass::half_t>>, (bool)0, (bool)0, (bool)0, (bool)0, (bool)1, (bool)0>(Flash_fwd_params)+0xa10
=========     by thread (120,0,0) in block (2,0,2)
=========     Address 0xe289b8900
========= 
========= Uninitialized __global__ memory read of size 16 bytes
=========     at void flash_fwd_kernel<Flash_fwd_kernel_traits<(int)64, (int)128, (int)128, (int)4, (bool)0, (bool)0, cutlass::half_t, Flash_kernel_traits<(int)64, (int)128, (int)128, (int)4, cutlass::half_t>>, (bool)0, (bool)0, (bool)0, (bool)0, (bool)1, (bool)0>(Flash_fwd_params)+0xa10
=========     by thread (121,0,0) in block (2,0,2)
=========     Address 0xe289b8910
========= 
========= Uninitialized __global__ memory read of size 16 bytes
=========     at void flash_fwd_kernel<Flash_fwd_kernel_traits<(int)64, (int)128, (int)128, (int)4, (bool)0, (bool)0, cutlass::half_t, Flash_kernel_traits<(int)64, (int)128, (int)128, (int)4, cutlass::half_t>>, (bool)0, (bool)0, (bool)0, (bool)0, (bool)1, (bool)0>(Flash_fwd_params)+0xa10
=========     by thread (122,0,0) in block (2,0,2)
=========     Address 0xe289b8920
========= 
========= Uninitialized __global__ memory read of size 16 bytes
=========     at void flash_fwd_kernel<Flash_fwd_kernel_traits<(int)64, (int)128, (int)128, (int)4, (bool)0, (bool)0, cutlass::half_t, Flash_kernel_traits<(int)64, (int)128, (int)128, (int)4, cutlass::half_t>>, (bool)0, (bool)0, (bool)0, (bool)0, (bool)1, (bool)0>(Flash_fwd_params)+0xa10
=========     by thread (123,0,0) in block (2,0,2)
=========     Address 0xe289b8930
========= 
========= Uninitialized __global__ memory read of size 16 bytes
=========     at void flash_fwd_kernel<Flash_fwd_kernel_traits<(int)64, (int)128, (int)128, (int)4, (bool)0, (bool)0, cutlass::half_t, Flash_kernel_traits<(int)64, (int)128, (int)128, (int)4, cutlass::half_t>>, (bool)0, (bool)0, (bool)0, (bool)0, (bool)1, (bool)0>(Flash_fwd_params)+0xa10
=========     by thread (124,0,0) in block (2,0,2)
=========     Address 0xe289b8940
========= 
========= Uninitialized __global__ memory read of size 16 bytes
=========     at void flash_fwd_kernel<Flash_fwd_kernel_traits<(int)64, (int)128, (int)128, (int)4, (bool)0, (bool)0, cutlass::half_t, Flash_kernel_traits<(int)64, (int)128, (int)128, (int)4, cutlass::half_t>>, (bool)0, (bool)0, (bool)0, (bool)0, (bool)1, (bool)0>(Flash_fwd_params)+0xa10
=========     by thread (125,0,0) in block (2,0,2)
=========     Address 0xe289b8950
========= 
========= Warning: Error buffer overflow has been detected. Some records have been dropped
========= 
========= Warning: Error buffer overflow has been detected. Some records have been dropped
========= 
========= Warning: Error buffer overflow has been detected. Some records have been dropped
========= 
========= Warning: Error buffer overflow has been detected. Some records have been dropped
========= 
========= Warning: Error buffer overflow has been detected. Some records have been dropped
========= 
========= Warning: Error buffer overflow has been detected. Some records have been dropped
========= 
========= Warning: Error buffer overflow has been detected. Some records have been dropped
========= 
========= Warning: Error buffer overflow has been detected. Some records have been dropped
========= 
========= Warning: Error buffer overflow has been detected. Some records have been dropped
========= 
========= Warning: Error buffer overflow has been detected. Some records have been dropped
========= 
========= Warning: Error buffer overflow has been detected. Some records have been dropped
========= 
========= Warning: Error buffer overflow has been detected. Some records have been dropped
========= 
========= Warning: Error buffer overflow has been detected. Some records have been dropped
========= 
========= Warning: Error buffer overflow has been detected. Some records have been dropped
========= 
========= Warning: Error buffer overflow has been detected. Some records have been dropped
========= 
========= Warning: Error buffer overflow has been detected. Some records have been dropped
========= 
========= Warning: Error buffer overflow has been detected. Some records have been dropped
========= 
========= Warning: Error buffer overflow has been detected. Some records have been dropped
========= 
========= Warning: Error buffer overflow has been detected. Some records have been dropped
========= 
========= Warning: Error buffer overflow has been detected. Some records have been dropped
========= 
========= Warning: Error buffer overflow has been detected. Some records have been dropped
========= 
========= Warning: Error buffer overflow has been detected. Some records have been dropped
========= 
========= Warning: Error buffer overflow has been detected. Some records have been dropped
========= 
========= Warning: Error buffer overflow has been detected. Some records have been dropped
========= 
========= Warning: Error buffer overflow has been detected. Some records have been dropped
========= 
========= Warning: Error buffer overflow has been detected. Some records have been dropped
========= 
========= Warning: Error buffer overflow has been detected. Some records have been dropped
========= 
========= Warning: Error buffer overflow has been detected. Some records have been dropped
========= 
========= Warning: Error buffer overflow has been detected. Some records have been dropped
========= 
========= Warning: Error buffer overflow has been detected. Some records have been dropped
========= 
========= Warning: Error buffer overflow has been detected. Some records have been dropped
========= 
========= Warning: Error buffer overflow has been detected. Some records have been dropped
========= 
========= Warning: Error buffer overflow has been detected. Some records have been dropped
========= 
========= Warning: Error buffer overflow has been detected. Some records have been dropped
========= 
========= Warning: Error buffer overflow has been detected. Some records have been dropped
========= 
========= Warning: Error buffer overflow has been detected. Some records have been dropped
========= 
========= Warning: Error buffer overflow has been detected. Some records have been dropped
========= 
========= Warning: Error buffer overflow has been detected. Some records have been dropped
========= 
========= Warning: Error buffer overflow has been detected. Some records have been dropped
========= 
========= Warning: Error buffer overflow has been detected. Some records have been dropped
========= 
========= Warning: Error buffer overflow has been detected. Some records have been dropped
========= 
========= Warning: Error buffer overflow has been detected. Some records have been dropped
========= 
========= Warning: Error buffer overflow has been detected. Some records have been dropped
========= 
========= Warning: Error buffer overflow has been detected. Some records have been dropped
========= 
========= Warning: Error buffer overflow has been detected. Some records have been dropped
========= 
========= Warning: Error buffer overflow has been detected. Some records have been dropped
========= 
========= Warning: Error buffer overflow has been detected. Some records have been dropped
========= 
========= Warning: Error buffer overflow has been detected. Some records have been dropped
========= 
========= Warning: Error buffer overflow has been detected. Some records have been dropped
========= 
========= Warning: Error buffer overflow has been detected. Some records have been dropped
========= 
========= Warning: Error buffer overflow has been detected. Some records have been dropped
========= 
========= Warning: Error buffer overflow has been detected. Some records have been dropped
========= 
========= Warning: Error buffer overflow has been detected. Some records have been dropped
========= 
========= Warning: Error buffer overflow has been detected. Some records have been dropped
========= 
========= Warning: Error buffer overflow has been detected. Some records have been dropped
========= 
========= Warning: Error buffer overflow has been detected. Some records have been dropped
========= 
========= Warning: Error buffer overflow has been detected. Some records have been dropped
========= 
========= Warning: Error buffer overflow has been detected. Some records have been dropped
========= 
========= Warning: Error buffer overflow has been detected. Some records have been dropped
========= 
========= Warning: Error buffer overflow has been detected. Some records have been dropped
========= 
========= Warning: Error buffer overflow has been detected. Some records have been dropped
========= 
========= Warning: Error buffer overflow has been detected. Some records have been dropped
========= 
========= Warning: Error buffer overflow has been detected. Some records have been dropped
========= 
========= Warning: Error buffer overflow has been detected. Some records have been dropped
========= 
========= Warning: Error buffer overflow has been detected. Some records have been dropped
========= 
========= Warning: Error buffer overflow has been detected. Some records have been dropped
========= 
========= Warning: Error buffer overflow has been detected. Some records have been dropped
========= 
========= Warning: Error buffer overflow has been detected. Some records have been dropped
========= 
========= Warning: Error buffer overflow has been detected. Some records have been dropped
========= 
========= Warning: Error buffer overflow has been detected. Some records have been dropped
========= 
========= Warning: Error buffer overflow has been detected. Some records have been dropped
========= 
========= Warning: Error buffer overflow has been detected. Some records have been dropped
========= 
========= Warning: Error buffer overflow has been detected. Some records have been dropped
========= 
========= Warning: Error buffer overflow has been detected. Some records have been dropped
========= 
========= Warning: Error buffer overflow has been detected. Some records have been dropped
========= 
========= Warning: Error buffer overflow has been detected. Some records have been dropped
========= 
========= Warning: Error buffer overflow has been detected. Some records have been dropped
========= 
========= Warning: Error buffer overflow has been detected. Some records have been dropped
========= 
========= Warning: Error buffer overflow has been detected. Some records have been dropped
========= 
========= Warning: Error buffer overflow has been detected. Some records have been dropped
========= 
========= Warning: Error buffer overflow has been detected. Some records have been dropped
========= 
========= Warning: Error buffer overflow has been detected. Some records have been dropped
========= 
========= Warning: Error buffer overflow has been detected. Some records have been dropped
========= 
========= Warning: Error buffer overflow has been detected. Some records have been dropped
========= 
========= Warning: Error buffer overflow has been detected. Some records have been dropped
========= 
========= Warning: Error buffer overflow has been detected. Some records have been dropped
========= 
========= Warning: Error buffer overflow has been detected. Some records have been dropped
========= 
========= Warning: Error buffer overflow has been detected. Some records have been dropped
========= 
========= Warning: Error buffer overflow has been detected. Some records have been dropped
========= 
========= Warning: Error buffer overflow has been detected. Some records have been dropped
========= 
========= Warning: Error buffer overflow has been detected. Some records have been dropped
========= 
========= Warning: Error buffer overflow has been detected. Some records have been dropped
========= 
========= Warning: Error buffer overflow has been detected. Some records have been dropped
========= 
========= Warning: Error buffer overflow has been detected. Some records have been dropped
========= 
========= Warning: Error buffer overflow has been detected. Some records have been dropped
========= 
========= Warning: Error buffer overflow has been detected. Some records have been dropped
========= 
========= Warning: Error buffer overflow has been detected. Some records have been dropped
========= 
========= Warning: Error buffer overflow has been detected. Some records have been dropped
========= 
========= Warning: Error buffer overflow has been detected. Some records have been dropped
========= 
========= Warning: Error buffer overflow has been detected. Some records have been dropped
========= 
========= Warning: Error buffer overflow has been detected. Some records have been dropped
========= 
========= Warning: Error buffer overflow has been detected. Some records have been dropped
========= 
========= Warning: Error buffer overflow has been detected. Some records have been dropped
========= 
========= Warning: Error buffer overflow has been detected. Some records have been dropped
========= 
========= Warning: Error buffer overflow has been detected. Some records have been dropped
========= 
========= Warning: Error buffer overflow has been detected. Some records have been dropped
========= 
========= Warning: Error buffer overflow has been detected. Some records have been dropped
========= 
========= Warning: Error buffer overflow has been detected. Some records have been dropped
========= 
========= Warning: Error buffer overflow has been detected. Some records have been dropped
========= 
========= Warning: Error buffer overflow has been detected. Some records have been dropped
========= 
========= Warning: Error buffer overflow has been detected. Some records have been dropped
========= 
========= Warning: Error buffer overflow has been detected. Some records have been dropped
========= 
========= Warning: Error buffer overflow has been detected. Some records have been dropped
========= 
========= Warning: Error buffer overflow has been detected. Some records have been dropped
========= 
========= Warning: Error buffer overflow has been detected. Some records have been dropped
========= 
========= Warning: Error buffer overflow has been detected. Some records have been dropped
========= 
========= Warning: Error buffer overflow has been detected. Some records have been dropped
========= 
========= Warning: Error buffer overflow has been detected. Some records have been dropped
========= 
========= Warning: Error buffer overflow has been detected. Some records have been dropped
========= 
========= Warning: Error buffer overflow has been detected. Some records have been dropped
========= 
========= Warning: Error buffer overflow has been detected. Some records have been dropped
========= 
========= Warning: Error buffer overflow has been detected. Some records have been dropped
========= 
========= Warning: Error buffer overflow has been detected. Some records have been dropped
========= 
========= Warning: Error buffer overflow has been detected. Some records have been dropped
========= 
========= Warning: Error buffer overflow has been detected. Some records have been dropped
========= 
========= Warning: Error buffer overflow has been detected. Some records have been dropped
========= 
========= Warning: Error buffer overflow has been detected. Some records have been dropped
========= 
========= Warning: Error buffer overflow has been detected. Some records have been dropped
========= 
========= Warning: Error buffer overflow has been detected. Some records have been dropped
========= 
========= Warning: Error buffer overflow has been detected. Some records have been dropped
========= 
========= Warning: Error buffer overflow has been detected. Some records have been dropped
========= 
========= Warning: Error buffer overflow has been detected. Some records have been dropped
========= 
========= Warning: Error buffer overflow has been detected. Some records have been dropped
========= 
========= Warning: Error buffer overflow has been detected. Some records have been dropped
========= 
========= Warning: Error buffer overflow has been detected. Some records have been dropped
========= 
========= Warning: Error buffer overflow has been detected. Some records have been dropped
========= 
========= Warning: Error buffer overflow has been detected. Some records have been dropped
========= 
========= Warning: Error buffer overflow has been detected. Some records have been dropped
========= 
========= Warning: Error buffer overflow has been detected. Some records have been dropped
========= 
========= Warning: Error buffer overflow has been detected. Some records have been dropped
========= 
========= Warning: Error buffer overflow has been detected. Some records have been dropped
========= 
========= Warning: Error buffer overflow has been detected. Some records have been dropped
========= 
========= Warning: Error buffer overflow has been detected. Some records have been dropped
========= 
========= Warning: Error buffer overflow has been detected. Some records have been dropped
========= 
========= Warning: Error buffer overflow has been detected. Some records have been dropped
========= 
========= Warning: Error buffer overflow has been detected. Some records have been dropped
========= 
========= Warning: Error buffer overflow has been detected. Some records have been dropped
========= 
========= Warning: Error buffer overflow has been detected. Some records have been dropped
========= 
========= Warning: Error buffer overflow has been detected. Some records have been dropped
========= 
========= Warning: Error buffer overflow has been detected. Some records have been dropped
========= 
========= Warning: Error buffer overflow has been detected. Some records have been dropped
========= 
========= Warning: Error buffer overflow has been detected. Some records have been dropped
========= 
========= Warning: Error buffer overflow has been detected. Some records have been dropped
========= 
========= Warning: Error buffer overflow has been detected. Some records have been dropped
========= 
========= Warning: Error buffer overflow has been detected. Some records have been dropped
========= 
========= Warning: Error buffer overflow has been detected. Some records have been dropped
========= 
========= Warning: Error buffer overflow has been detected. Some records have been dropped
========= 
========= Warning: Error buffer overflow has been detected. Some records have been dropped
========= 
========= Warning: Error buffer overflow has been detected. Some records have been dropped
========= 
========= Warning: Error buffer overflow has been detected. Some records have been dropped
========= 
========= Warning: Error buffer overflow has been detected. Some records have been dropped
========= 
========= Warning: Error buffer overflow has been detected. Some records have been dropped
========= 
========= Warning: Error buffer overflow has been detected. Some records have been dropped
========= 
========= Warning: Error buffer overflow has been detected. Some records have been dropped
========= 
========= Warning: Error buffer overflow has been detected. Some records have been dropped
========= 
========= Warning: Error buffer overflow has been detected. Some records have been dropped
========= 
========= Warning: Error buffer overflow has been detected. Some records have been dropped
========= 
========= Warning: Error buffer overflow has been detected. Some records have been dropped
========= 
========= Warning: Error buffer overflow has been detected. Some records have been dropped
========= 
========= Warning: Error buffer overflow has been detected. Some records have been dropped
========= 
========= Warning: Error buffer overflow has been detected. Some records have been dropped
========= 
========= Warning: Error buffer overflow has been detected. Some records have been dropped
========= 
========= Warning: Error buffer overflow has been detected. Some records have been dropped
========= 
========= Warning: Error buffer overflow has been detected. Some records have been dropped
========= 
========= Warning: Error buffer overflow has been detected. Some records have been dropped
========= 
========= Warning: Error buffer overflow has been detected. Some records have been dropped
========= 
========= Warning: Error buffer overflow has been detected. Some records have been dropped
========= 
========= Warning: Error buffer overflow has been detected. Some records have been dropped
========= 
========= Warning: Error buffer overflow has been detected. Some records have been dropped
========= 
========= Warning: Error buffer overflow has been detected. Some records have been dropped
========= 
========= Warning: Error buffer overflow has been detected. Some records have been dropped
========= 
========= Warning: Error buffer overflow has been detected. Some records have been dropped
========= 
========= Warning: Error buffer overflow has been detected. Some records have been dropped
========= 
========= Warning: Error buffer overflow has been detected. Some records have been dropped
========= 
========= Warning: Error buffer overflow has been detected. Some records have been dropped
========= 
========= Warning: Error buffer overflow has been detected. Some records have been dropped
========= 
========= Warning: Error buffer overflow has been detected. Some records have been dropped
========= 
========= Warning: Error buffer overflow has been detected. Some records have been dropped
========= 
========= Warning: Error buffer overflow has been detected. Some records have been dropped
========= 
========= Warning: Error buffer overflow has been detected. Some records have been dropped
========= 
========= Warning: Error buffer overflow has been detected. Some records have been dropped
========= 
========= Warning: Error buffer overflow has been detected. Some records have been dropped
========= 
========= Warning: Error buffer overflow has been detected. Some records have been dropped
========= 
========= Warning: Error buffer overflow has been detected. Some records have been dropped
========= 
========= Warning: Error buffer overflow has been detected. Some records have been dropped
========= 
========= Warning: Error buffer overflow has been detected. Some records have been dropped
========= 
========= Warning: Error buffer overflow has been detected. Some records have been dropped
========= 
========= Warning: Error buffer overflow has been detected. Some records have been dropped
========= 
========= Warning: Error buffer overflow has been detected. Some records have been dropped
========= 
========= Warning: Error buffer overflow has been detected. Some records have been dropped
========= 
========= Warning: Error buffer overflow has been detected. Some records have been dropped
========= 
========= Warning: Error buffer overflow has been detected. Some records have been dropped
========= 
========= Warning: Error buffer overflow has been detected. Some records have been dropped
========= 
========= Warning: Error buffer overflow has been detected. Some records have been dropped
========= 
========= Warning: Error buffer overflow has been detected. Some records have been dropped
========= 
========= Warning: Error buffer overflow has been detected. Some records have been dropped
========= 
========= Warning: Error buffer overflow has been detected. Some records have been dropped
========= 
========= Warning: Error buffer overflow has been detected. Some records have been dropped
========= 
========= Warning: Error buffer overflow has been detected. Some records have been dropped
========= 
========= Warning: Error buffer overflow has been detected. Some records have been dropped
========= 
========= Warning: Error buffer overflow has been detected. Some records have been dropped
========= 
========= Warning: Error buffer overflow has been detected. Some records have been dropped
========= 
========= Warning: Error buffer overflow has been detected. Some records have been dropped
========= 
========= Warning: Error buffer overflow has been detected. Some records have been dropped
========= 
========= Warning: Error buffer overflow has been detected. Some records have been dropped
========= 
========= Warning: Error buffer overflow has been detected. Some records have been dropped
========= 
========= Warning: Error buffer overflow has been detected. Some records have been dropped
========= 
========= Warning: Error buffer overflow has been detected. Some records have been dropped
========= 
========= Warning: Error buffer overflow has been detected. Some records have been dropped
========= 
========= Warning: Error buffer overflow has been detected. Some records have been dropped
========= 
========= Warning: Error buffer overflow has been detected. Some records have been dropped
========= 
========= Warning: Error buffer overflow has been detected. Some records have been dropped
========= 
========= Warning: Error buffer overflow has been detected. Some records have been dropped
========= 
========= Warning: Error buffer overflow has been detected. Some records have been dropped
========= 
========= Warning: Error buffer overflow has been detected. Some records have been dropped
========= 
========= Warning: Error buffer overflow has been detected. Some records have been dropped
========= 
========= Warning: Error buffer overflow has been detected. Some records have been dropped
========= 
========= Warning: Error buffer overflow has been detected. Some records have been dropped
========= 
========= Warning: Error buffer overflow has been detected. Some records have been dropped
========= 
========= Warning: Error buffer overflow has been detected. Some records have been dropped
========= 
========= Warning: Error buffer overflow has been detected. Some records have been dropped
========= 
========= Warning: Error buffer overflow has been detected. Some records have been dropped
========= 
========= Warning: Error buffer overflow has been detected. Some records have been dropped
========= 
========= Warning: Error buffer overflow has been detected. Some records have been dropped
========= 
========= Warning: Error buffer overflow has been detected. Some records have been dropped
========= 
========= Warning: Error buffer overflow has been detected. Some records have been dropped
========= 
========= Warning: Error buffer overflow has been detected. Some records have been dropped
========= 
========= Warning: Error buffer overflow has been detected. Some records have been dropped
========= 
========= Warning: Error buffer overflow has been detected. Some records have been dropped
========= 
========= Warning: Error buffer overflow has been detected. Some records have been dropped
========= 
========= Warning: Error buffer overflow has been detected. Some records have been dropped
========= 
========= Warning: Error buffer overflow has been detected. Some records have been dropped
========= 
========= Warning: Error buffer overflow has been detected. Some records have been dropped
========= 
========= Warning: Error buffer overflow has been detected. Some records have been dropped
========= 
========= Warning: Error buffer overflow has been detected. Some records have been dropped
========= 
========= Warning: Error buffer overflow has been detected. Some records have been dropped
========= 
========= Warning: Error buffer overflow has been detected. Some records have been dropped
========= 
========= Warning: Error buffer overflow has been detected. Some records have been dropped
========= 
========= Warning: Error buffer overflow has been detected. Some records have been dropped
========= 
========= Warning: Error buffer overflow has been detected. Some records have been dropped
========= 
========= Warning: Error buffer overflow has been detected. Some records have been dropped
========= 
========= Warning: Error buffer overflow has been detected. Some records have been dropped
========= 
========= Warning: Error buffer overflow has been detected. Some records have been dropped
========= 
========= Warning: Error buffer overflow has been detected. Some records have been dropped
========= 
========= Warning: Error buffer overflow has been detected. Some records have been dropped
========= 
========= Warning: Error buffer overflow has been detected. Some records have been dropped
========= 
========= Warning: Error buffer overflow has been detected. Some records have been dropped
========= 
========= Warning: Error buffer overflow has been detected. Some records have been dropped
========= 
========= Warning: Error buffer overflow has been detected. Some records have been dropped
========= 
========= Warning: Error buffer overflow has been detected. Some records have been dropped
========= 
========= Warning: Error buffer overflow has been detected. Some records have been dropped
========= 
========= Warning: Error buffer overflow has been detected. Some records have been dropped
========= 
========= Warning: Error buffer overflow has been detected. Some records have been dropped
========= 
========= Warning: Error buffer overflow has been detected. Some records have been dropped
========= 
========= Warning: Error buffer overflow has been detected. Some records have been dropped
========= 
========= Warning: Error buffer overflow has been detected. Some records have been dropped
========= 
========= Warning: Error buffer overflow has been detected. Some records have been dropped
========= 
========= Warning: Error buffer overflow has been detected. Some records have been dropped
========= 
========= Warning: Error buffer overflow has been detected. Some records have been dropped
========= 
========= Warning: Error buffer overflow has been detected. Some records have been dropped
========= 
========= Warning: Error buffer overflow has been detected. Some records have been dropped
========= 
========= Warning: Error buffer overflow has been detected. Some records have been dropped
========= 
========= Warning: Error buffer overflow has been detected. Some records have been dropped
========= 
========= Warning: Error buffer overflow has been detected. Some records have been dropped
========= 
========= Warning: Error buffer overflow has been detected. Some records have been dropped
========= 
========= Warning: Error buffer overflow has been detected. Some records have been dropped
========= 
========= Warning: Error buffer overflow has been detected. Some records have been dropped
========= 
========= Warning: Error buffer overflow has been detected. Some records have been dropped
========= 
========= Warning: Error buffer overflow has been detected. Some records have been dropped
========= 
========= Warning: Error buffer overflow has been detected. Some records have been dropped
========= 
========= Warning: Error buffer overflow has been detected. Some records have been dropped
========= 
========= Warning: Error buffer overflow has been detected. Some records have been dropped
========= 
========= Warning: Error buffer overflow has been detected. Some records have been dropped
========= 
========= Warning: Error buffer overflow has been detected. Some records have been dropped
========= 
========= Warning: Error buffer overflow has been detected. Some records have been dropped
========= 
========= Warning: Error buffer overflow has been detected. Some records have been dropped
========= 
========= Warning: Error buffer overflow has been detected. Some records have been dropped
========= 
========= Warning: Error buffer overflow has been detected. Some records have been dropped
========= 
========= Warning: Error buffer overflow has been detected. Some records have been dropped
========= 
========= Warning: Error buffer overflow has been detected. Some records have been dropped
========= 
========= Warning: Error buffer overflow has been detected. Some records have been dropped
========= 
========= Warning: Error buffer overflow has been detected. Some records have been dropped
========= 
========= Warning: Error buffer overflow has been detected. Some records have been dropped
========= 
========= Warning: Error buffer overflow has been detected. Some records have been dropped
========= 
========= Warning: Error buffer overflow has been detected. Some records have been dropped
========= 
========= Warning: Error buffer overflow has been detected. Some records have been dropped
========= 
========= Warning: Error buffer overflow has been detected. Some records have been dropped
========= 
========= Warning: Error buffer overflow has been detected. Some records have been dropped
========= 
========= Warning: Error buffer overflow has been detected. Some records have been dropped
========= 
========= Warning: Error buffer overflow has been detected. Some records have been dropped
========= 
========= Warning: Error buffer overflow has been detected. Some records have been dropped
========= 
========= Warning: Error buffer overflow has been detected. Some records have been dropped
========= 
========= Warning: Error buffer overflow has been detected. Some records have been dropped
========= 
========= Warning: Error buffer overflow has been detected. Some records have been dropped
========= 
========= Warning: Error buffer overflow has been detected. Some records have been dropped
========= 
========= Warning: Error buffer overflow has been detected. Some records have been dropped
========= 
========= Warning: Error buffer overflow has been detected. Some records have been dropped
========= 
========= Warning: Error buffer overflow has been detected. Some records have been dropped
========= 
========= Warning: Error buffer overflow has been detected. Some records have been dropped
========= 
========= Warning: Error buffer overflow has been detected. Some records have been dropped
========= 
========= Warning: Error buffer overflow has been detected. Some records have been dropped
========= 
========= Warning: Error buffer overflow has been detected. Some records have been dropped
========= 
========= Warning: Error buffer overflow has been detected. Some records have been dropped
========= 
========= Warning: Error buffer overflow has been detected. Some records have been dropped
========= 
========= Warning: Error buffer overflow has been detected. Some records have been dropped
========= 
========= Warning: Error buffer overflow has been detected. Some records have been dropped
========= 
========= Warning: Error buffer overflow has been detected. Some records have been dropped
========= 
========= Warning: Error buffer overflow has been detected. Some records have been dropped
========= 
========= Warning: Error buffer overflow has been detected. Some records have been dropped
========= 
========= Warning: Error buffer overflow has been detected. Some records have been dropped
========= 
========= Warning: Error buffer overflow has been detected. Some records have been dropped
========= 
========= Warning: Error buffer overflow has been detected. Some records have been dropped
========= 
========= Warning: Error buffer overflow has been detected. Some records have been dropped
========= 
========= Warning: Error buffer overflow has been detected. Some records have been dropped
========= 
========= Warning: Error buffer overflow has been detected. Some records have been dropped
========= 
========= Warning: Error buffer overflow has been detected. Some records have been dropped
========= 
========= Warning: Error buffer overflow has been detected. Some records have been dropped
========= 
========= Warning: Error buffer overflow has been detected. Some records have been dropped
========= 
========= Warning: Error buffer overflow has been detected. Some records have been dropped
========= 
========= Warning: Error buffer overflow has been detected. Some records have been dropped
========= 
========= Warning: Error buffer overflow has been detected. Some records have been dropped
========= 
========= Warning: Error buffer overflow has been detected. Some records have been dropped
========= 
========= Warning: Error buffer overflow has been detected. Some records have been dropped
========= 
========= Warning: Error buffer overflow has been detected. Some records have been dropped
========= 
========= Warning: Error buffer overflow has been detected. Some records have been dropped
========= 
========= Warning: Error buffer overflow has been detected. Some records have been dropped
========= 
========= Warning: Error buffer overflow has been detected. Some records have been dropped
========= 
========= Warning: Error buffer overflow has been detected. Some records have been dropped
========= 
========= Warning: Error buffer overflow has been detected. Some records have been dropped
========= 
========= Warning: Error buffer overflow has been detected. Some records have been dropped
========= 
========= Warning: Error buffer overflow has been detected. Some records have been dropped
========= 
========= Warning: Error buffer overflow has been detected. Some records have been dropped
========= 
========= Warning: Error buffer overflow has been detected. Some records have been dropped
========= 
========= Warning: Error buffer overflow has been detected. Some records have been dropped
========= 
========= Warning: Error buffer overflow has been detected. Some records have been dropped
========= 
========= Warning: Error buffer overflow has been detected. Some records have been dropped
========= 
========= Warning: Error buffer overflow has been detected. Some records have been dropped
========= 
========= Warning: Error buffer overflow has been detected. Some records have been dropped
========= 
========= Warning: Error buffer overflow has been detected. Some records have been dropped
========= 
========= Warning: Error buffer overflow has been detected. Some records have been dropped
========= 
========= Warning: Error buffer overflow has been detected. Some records have been dropped
========= 
========= Warning: Error buffer overflow has been detected. Some records have been dropped
========= 
========= Warning: Error buffer overflow has been detected. Some records have been dropped
========= 
========= Warning: Error buffer overflow has been detected. Some records have been dropped
========= 
========= Warning: Error buffer overflow has been detected. Some records have been dropped
========= 
========= Warning: Error buffer overflow has been detected. Some records have been dropped
========= 
========= Warning: Error buffer overflow has been detected. Some records have been dropped
========= 
========= Warning: Error buffer overflow has been detected. Some records have been dropped
========= 
========= Warning: Error buffer overflow has been detected. Some records have been dropped
========= 
========= Warning: Error buffer overflow has been detected. Some records have been dropped
========= 
========= Warning: Error buffer overflow has been detected. Some records have been dropped
========= 
========= Warning: Error buffer overflow has been detected. Some records have been dropped
========= 
========= Warning: Error buffer overflow has been detected. Some records have been dropped
========= 
========= Warning: Error buffer overflow has been detected. Some records have been dropped
========= 
========= Warning: Error buffer overflow has been detected. Some records have been dropped
========= 
========= Warning: Error buffer overflow has been detected. Some records have been dropped
========= 
========= Warning: Error buffer overflow has been detected. Some records have been dropped
========= 
========= Warning: Error buffer overflow has been detected. Some records have been dropped
========= 
========= Warning: Error buffer overflow has been detected. Some records have been dropped
========= 
========= Warning: Error buffer overflow has been detected. Some records have been dropped
========= 
========= Warning: Error buffer overflow has been detected. Some records have been dropped
========= 
========= Warning: Error buffer overflow has been detected. Some records have been dropped
========= 
========= Warning: Error buffer overflow has been detected. Some records have been dropped
========= 
========= Warning: Error buffer overflow has been detected. Some records have been dropped
========= 
========= Warning: Error buffer overflow has been detected. Some records have been dropped
========= 
========= Warning: Error buffer overflow has been detected. Some records have been dropped
========= 
========= Warning: Error buffer overflow has been detected. Some records have been dropped
========= 
========= Warning: Error buffer overflow has been detected. Some records have been dropped
========= 
========= Warning: Error buffer overflow has been detected. Some records have been dropped
========= 
========= Warning: Error buffer overflow has been detected. Some records have been dropped
========= 
========= Warning: Error buffer overflow has been detected. Some records have been dropped
========= 
========= Warning: Error buffer overflow has been detected. Some records have been dropped
========= 
========= Warning: Error buffer overflow has been detected. Some records have been dropped
========= 
========= Warning: Error buffer overflow has been detected. Some records have been dropped
========= 
========= Warning: Error buffer overflow has been detected. Some records have been dropped
========= 
========= Warning: Error buffer overflow has been detected. Some records have been dropped
========= 
========= Warning: Error buffer overflow has been detected. Some records have been dropped
========= 
========= Warning: Error buffer overflow has been detected. Some records have been dropped
========= 
========= Warning: Error buffer overflow has been detected. Some records have been dropped
========= 
========= Warning: Error buffer overflow has been detected. Some records have been dropped
========= 
========= Warning: Error buffer overflow has been detected. Some records have been dropped
========= 
========= Warning: Error buffer overflow has been detected. Some records have been dropped
========= 
========= Warning: Error buffer overflow has been detected. Some records have been dropped
========= 
========= Warning: Error buffer overflow has been detected. Some records have been dropped
========= 
========= Warning: Error buffer overflow has been detected. Some records have been dropped
========= 
========= Warning: Error buffer overflow has been detected. Some records have been dropped
========= 
========= Warning: Error buffer overflow has been detected. Some records have been dropped
========= 
========= Warning: Error buffer overflow has been detected. Some records have been dropped
========= 
========= Warning: Error buffer overflow has been detected. Some records have been dropped
========= 
========= Warning: Error buffer overflow has been detected. Some records have been dropped
========= 
========= Warning: Error buffer overflow has been detected. Some records have been dropped
========= 
========= Warning: Error buffer overflow has been detected. Some records have been dropped
========= 
========= Warning: Error buffer overflow has been detected. Some records have been dropped
========= 
========= Warning: Error buffer overflow has been detected. Some records have been dropped
========= 
========= Warning: Error buffer overflow has been detected. Some records have been dropped
========= 
========= Warning: Error buffer overflow has been detected. Some records have been dropped
========= 
========= Warning: Error buffer overflow has been detected. Some records have been dropped
========= 
========= Warning: Error buffer overflow has been detected. Some records have been dropped
========= 
========= Warning: Error buffer overflow has been detected. Some records have been dropped
========= 
========= Warning: Error buffer overflow has been detected. Some records have been dropped
========= 
========= Warning: Error buffer overflow has been detected. Some records have been dropped
========= 
========= Warning: Error buffer overflow has been detected. Some records have been dropped
========= 
========= Warning: Error buffer overflow has been detected. Some records have been dropped
========= 
========= Warning: Error buffer overflow has been detected. Some records have been dropped
========= 
========= Warning: Error buffer overflow has been detected. Some records have been dropped
========= 
========= Warning: Error buffer overflow has been detected. Some records have been dropped
========= 
========= Warning: Error buffer overflow has been detected. Some records have been dropped
========= 
========= Warning: Error buffer overflow has been detected. Some records have been dropped
========= 
========= Warning: Error buffer overflow has been detected. Some records have been dropped
========= 
========= Warning: Error buffer overflow has been detected. Some records have been dropped
========= 
========= Warning: Error buffer overflow has been detected. Some records have been dropped
========= 
========= Warning: Error buffer overflow has been detected. Some records have been dropped
========= 
========= Warning: Error buffer overflow has been detected. Some records have been dropped
========= 
========= Warning: Error buffer overflow has been detected. Some records have been dropped
========= 
========= Warning: Error buffer overflow has been detected. Some records have been dropped
========= 
========= Warning: Error buffer overflow has been detected. Some records have been dropped
========= 
========= Warning: Error buffer overflow has been detected. Some records have been dropped
========= 
========= Warning: Error buffer overflow has been detected. Some records have been dropped
========= 
========= Warning: Error buffer overflow has been detected. Some records have been dropped
========= 
========= Warning: Error buffer overflow has been detected. Some records have been dropped
========= 
========= Warning: Error buffer overflow has been detected. Some records have been dropped
========= 
========= Warning: Error buffer overflow has been detected. Some records have been dropped
========= 
========= Warning: Error buffer overflow has been detected. Some records have been dropped
========= 
========= Warning: Error buffer overflow has been detected. Some records have been dropped
========= 
========= Warning: Error buffer overflow has been detected. Some records have been dropped
========= 
========= Warning: Error buffer overflow has been detected. Some records have been dropped
========= 
========= Warning: Error buffer overflow has been detected. Some records have been dropped
========= 
========= Warning: Error buffer overflow has been detected. Some records have been dropped
========= 
========= Warning: Error buffer overflow has been detected. Some records have been dropped
========= 
========= Warning: Error buffer overflow has been detected. Some records have been dropped
========= 
========= Warning: Error buffer overflow has been detected. Some records have been dropped
========= 
========= Warning: Error buffer overflow has been detected. Some records have been dropped
========= 
========= Warning: Error buffer overflow has been detected. Some records have been dropped
========= 
========= Warning: Error buffer overflow has been detected. Some records have been dropped
========= 
========= Warning: Error buffer overflow has been detected. Some records have been dropped
========= 
========= Warning: Error buffer overflow has been detected. Some records have been dropped
========= 
========= Warning: Error buffer overflow has been detected. Some records have been dropped
========= 
========= Warning: Error buffer overflow has been detected. Some records have been dropped
========= 
========= Warning: Error buffer overflow has been detected. Some records have been dropped
========= 
========= Warning: Error buffer overflow has been detected. Some records have been dropped
========= 
========= Warning: Error buffer overflow has been detected. Some records have been dropped
========= 
========= Warning: Error buffer overflow has been detected. Some records have been dropped
========= 
========= Warning: Error buffer overflow has been detected. Some records have been dropped
========= 
========= Warning: Error buffer overflow has been detected. Some records have been dropped
========= 
========= Warning: Error buffer overflow has been detected. Some records have been dropped
========= 
========= Warning: Error buffer overflow has been detected. Some records have been dropped
========= 
========= Warning: Error buffer overflow has been detected. Some records have been dropped
========= 
========= Warning: Error buffer overflow has been detected. Some records have been dropped
========= 
========= Warning: Error buffer overflow has been detected. Some records have been dropped
========= 
========= Warning: Error buffer overflow has been detected. Some records have been dropped
========= 
========= Warning: Error buffer overflow has been detected. Some records have been dropped
========= 
========= Warning: Error buffer overflow has been detected. Some records have been dropped
========= 
========= Warning: Error buffer overflow has been detected. Some records have been dropped
========= 
========= Warning: Error buffer overflow has been detected. Some records have been dropped
========= 
========= Warning: Error buffer overflow has been detected. Some records have been dropped
========= 
========= Warning: Error buffer overflow has been detected. Some records have been dropped
========= 
========= Warning: Error buffer overflow has been detected. Some records have been dropped
========= 
========= Warning: Error buffer overflow has been detected. Some records have been dropped
========= 
========= Warning: Error buffer overflow has been detected. Some records have been dropped
========= 
========= Warning: Error buffer overflow has been detected. Some records have been dropped
========= 
========= Warning: Error buffer overflow has been detected. Some records have been dropped
========= 
========= Warning: Error buffer overflow has been detected. Some records have been dropped
========= 
========= Warning: Error buffer overflow has been detected. Some records have been dropped
========= 
========= Warning: Error buffer overflow has been detected. Some records have been dropped
========= 
========= Warning: Error buffer overflow has been detected. Some records have been dropped
========= 
========= Warning: Error buffer overflow has been detected. Some records have been dropped
========= 
========= Warning: Error buffer overflow has been detected. Some records have been dropped
========= 
========= Warning: Error buffer overflow has been detected. Some records have been dropped
========= 
========= Warning: Error buffer overflow has been detected. Some records have been dropped
========= 
========= Warning: Error buffer overflow has been detected. Some records have been dropped
========= 
========= Warning: Error buffer overflow has been detected. Some records have been dropped
========= 
========= Warning: Error buffer overflow has been detected. Some records have been dropped
========= 
========= Warning: Error buffer overflow has been detected. Some records have been dropped
========= 
========= Warning: Error buffer overflow has been detected. Some records have been dropped
========= 
========= Warning: Error buffer overflow has been detected. Some records have been dropped
========= 
========= Warning: Error buffer overflow has been detected. Some records have been dropped
========= 
========= Warning: Error buffer overflow has been detected. Some records have been dropped
========= 
========= Warning: Error buffer overflow has been detected. Some records have been dropped
========= 
========= Warning: Error buffer overflow has been detected. Some records have been dropped
========= 
========= Warning: Error buffer overflow has been detected. Some records have been dropped
========= 
========= Warning: Error buffer overflow has been detected. Some records have been dropped
========= 
========= Warning: Error buffer overflow has been detected. Some records have been dropped
========= 
========= Warning: Error buffer overflow has been detected. Some records have been dropped
========= 
========= Warning: Error buffer overflow has been detected. Some records have been dropped
========= 
========= Warning: Error buffer overflow has been detected. Some records have been dropped
========= 
========= Warning: Error buffer overflow has been detected. Some records have been dropped
========= 
========= Warning: Error buffer overflow has been detected. Some records have been dropped
========= 
========= Warning: Error buffer overflow has been detected. Some records have been dropped
========= 
========= Warning: Error buffer overflow has been detected. Some records have been dropped
========= 
========= Warning: Error buffer overflow has been detected. Some records have been dropped
========= 
========= Warning: Error buffer overflow has been detected. Some records have been dropped
========= 
========= Warning: Error buffer overflow has been detected. Some records have been dropped
========= 
========= Warning: Error buffer overflow has been detected. Some records have been dropped
========= 
========= Warning: Error buffer overflow has been detected. Some records have been dropped
========= 
========= Warning: Error buffer overflow has been detected. Some records have been dropped
========= 
========= Warning: Error buffer overflow has been detected. Some records have been dropped
========= 
========= Warning: Error buffer overflow has been detected. Some records have been dropped
========= 
========= Warning: Error buffer overflow has been detected. Some records have been dropped
========= 
========= Warning: Error buffer overflow has been detected. Some records have been dropped
========= 
========= Warning: Error buffer overflow has been detected. Some records have been dropped
========= 
========= Warning: Error buffer overflow has been detected. Some records have been dropped
========= 
========= Warning: Error buffer overflow has been detected. Some records have been dropped
========= 
========= Warning: Error buffer overflow has been detected. Some records have been dropped
========= 
========= Warning: Error buffer overflow has been detected. Some records have been dropped
========= 
========= Warning: Error buffer overflow has been detected. Some records have been dropped
========= 
========= Warning: Error buffer overflow has been detected. Some records have been dropped
========= 
========= Warning: Error buffer overflow has been detected. Some records have been dropped
========= 
========= Warning: Error buffer overflow has been detected. Some records have been dropped
========= 
========= Warning: Error buffer overflow has been detected. Some records have been dropped
========= 
========= Warning: Error buffer overflow has been detected. Some records have been dropped
========= 
========= Warning: Error buffer overflow has been detected. Some records have been dropped
========= 
========= Warning: Error buffer overflow has been detected. Some records have been dropped
========= 
========= Warning: Error buffer overflow has been detected. Some records have been dropped
========= 
========= Warning: Error buffer overflow has been detected. Some records have been dropped
========= 
========= Warning: Error buffer overflow has been detected. Some records have been dropped
========= 
========= Warning: Error buffer overflow has been detected. Some records have been dropped
========= 
========= Warning: Error buffer overflow has been detected. Some records have been dropped
========= 
========= Warning: Error buffer overflow has been detected. Some records have been dropped
========= 
========= Warning: Error buffer overflow has been detected. Some records have been dropped
========= 
========= Warning: Error buffer overflow has been detected. Some records have been dropped
========= 
========= Warning: Error buffer overflow has been detected. Some records have been dropped
========= 
========= Warning: Error buffer overflow has been detected. Some records have been dropped
========= 
========= Warning: Error buffer overflow has been detected. Some records have been dropped
========= 
========= Warning: Error buffer overflow has been detected. Some records have been dropped
========= 
========= Warning: Error buffer overflow has been detected. Some records have been dropped
========= 
========= Warning: Error buffer overflow has been detected. Some records have been dropped
========= 
========= Warning: Error buffer overflow has been detected. Some records have been dropped
========= 
========= Warning: Error buffer overflow has been detected. Some records have been dropped
========= 
========= Warning: Error buffer overflow has been detected. Some records have been dropped
========= 
========= Warning: Error buffer overflow has been detected. Some records have been dropped
========= 
========= Warning: Error buffer overflow has been detected. Some records have been dropped
========= 
========= Warning: Error buffer overflow has been detected. Some records have been dropped
========= 
========= Warning: Error buffer overflow has been detected. Some records have been dropped
========= 
========= Warning: Error buffer overflow has been detected. Some records have been dropped
========= 
========= Warning: Error buffer overflow has been detected. Some records have been dropped
========= 
========= Warning: Error buffer overflow has been detected. Some records have been dropped
========= 
========= Warning: Error buffer overflow has been detected. Some records have been dropped
========= 
========= Warning: Error buffer overflow has been detected. Some records have been dropped
========= 
========= Warning: Error buffer overflow has been detected. Some records have been dropped
========= 
========= Warning: Error buffer overflow has been detected. Some records have been dropped
========= 
========= Warning: Error buffer overflow has been detected. Some records have been dropped
========= 
========= Warning: Error buffer overflow has been detected. Some records have been dropped
========= 
========= Warning: Error buffer overflow has been detected. Some records have been dropped
========= 
========= Warning: Error buffer overflow has been detected. Some records have been dropped
========= 
========= Warning: Error buffer overflow has been detected. Some records have been dropped
========= 
========= Warning: Error buffer overflow has been detected. Some records have been dropped
========= 
========= Warning: Error buffer overflow has been detected. Some records have been dropped
========= 
========= Warning: Error buffer overflow has been detected. Some records have been dropped
========= 
========= Warning: Error buffer overflow has been detected. Some records have been dropped
========= 
========= Warning: Error buffer overflow has been detected. Some records have been dropped
========= 
========= Warning: Error buffer overflow has been detected. Some records have been dropped
========= 
========= Warning: Error buffer overflow has been detected. Some records have been dropped
========= 
========= Warning: Error buffer overflow has been detected. Some records have been dropped
========= 
========= Warning: Error buffer overflow has been detected. Some records have been dropped
========= 
========= Warning: Error buffer overflow has been detected. Some records have been dropped
========= 
========= Warning: Error buffer overflow has been detected. Some records have been dropped
========= 
========= Warning: Error buffer overflow has been detected. Some records have been dropped
========= 
========= Warning: Error buffer overflow has been detected. Some records have been dropped
========= 
========= Warning: Error buffer overflow has been detected. Some records have been dropped
========= 
========= Warning: Error buffer overflow has been detected. Some records have been dropped
========= 
========= Warning: Error buffer overflow has been detected. Some records have been dropped
========= 
========= Warning: Error buffer overflow has been detected. Some records have been dropped
========= 
========= Warning: Error buffer overflow has been detected. Some records have been dropped
========= 
========= Warning: Error buffer overflow has been detected. Some records have been dropped
========= 
========= Warning: Error buffer overflow has been detected. Some records have been dropped
========= 
========= Warning: Error buffer overflow has been detected. Some records have been dropped
========= 
========= Warning: Error buffer overflow has been detected. Some records have been dropped
========= 
========= Warning: Error buffer overflow has been detected. Some records have been dropped
========= 
========= Warning: Error buffer overflow has been detected. Some records have been dropped
========= 
========= Warning: Error buffer overflow has been detected. Some records have been dropped
========= 
========= Warning: Error buffer overflow has been detected. Some records have been dropped
========= 
========= Warning: Error buffer overflow has been detected. Some records have been dropped
========= 
========= Warning: Error buffer overflow has been detected. Some records have been dropped
========= 
========= Warning: Error buffer overflow has been detected. Some records have been dropped
========= 
========= Warning: Error buffer overflow has been detected. Some records have been dropped
========= 
========= Warning: Error buffer overflow has been detected. Some records have been dropped
========= 
========= Warning: Error buffer overflow has been detected. Some records have been dropped
========= 
========= Warning: Error buffer overflow has been detected. Some records have been dropped
========= 
========= Warning: Error buffer overflow has been detected. Some records have been dropped
========= 
========= Warning: Error buffer overflow has been detected. Some records have been dropped
========= 
========= Warning: Error buffer overflow has been detected. Some records have been dropped
========= 
========= Warning: Error buffer overflow has been detected. Some records have been dropped
========= 
========= Warning: Error buffer overflow has been detected. Some records have been dropped
========= 
========= Warning: Error buffer overflow has been detected. Some records have been dropped
========= 
========= Warning: Error buffer overflow has been detected. Some records have been dropped
========= 
========= Warning: Error buffer overflow has been detected. Some records have been dropped
========= 
========= Warning: Error buffer overflow has been detected. Some records have been dropped
========= 
========= Warning: Error buffer overflow has been detected. Some records have been dropped
========= 
========= Warning: Error buffer overflow has been detected. Some records have been dropped
========= 
========= Warning: Error buffer overflow has been detected. Some records have been dropped
========= 
========= Warning: Error buffer overflow has been detected. Some records have been dropped
========= 
========= Warning: Error buffer overflow has been detected. Some records have been dropped
========= 
========= Warning: Error buffer overflow has been detected. Some records have been dropped
========= 
========= Warning: Error buffer overflow has been detected. Some records have been dropped
========= 
========= Warning: Error buffer overflow has been detected. Some records have been dropped
========= 
========= Warning: Error buffer overflow has been detected. Some records have been dropped
========= 
========= Warning: Error buffer overflow has been detected. Some records have been dropped
========= 
========= Warning: Error buffer overflow has been detected. Some records have been dropped
========= 
========= Warning: Error buffer overflow has been detected. Some records have been dropped
========= 
========= Warning: Error buffer overflow has been detected. Some records have been dropped
========= 
========= Warning: Error buffer overflow has been detected. Some records have been dropped
========= 
========= Warning: Error buffer overflow has been detected. Some records have been dropped
========= 
========= Warning: Error buffer overflow has been detected. Some records have been dropped
========= 
========= Warning: Error buffer overflow has been detected. Some records have been dropped
========= 
========= Warning: Error buffer overflow has been detected. Some records have been dropped
========= 
========= Warning: Error buffer overflow has been detected. Some records have been dropped
========= 
========= Warning: Error buffer overflow has been detected. Some records have been dropped
========= 
========= Warning: Error buffer overflow has been detected. Some records have been dropped
========= 
========= Warning: Error buffer overflow has been detected. Some records have been dropped
========= 
========= Warning: Error buffer overflow has been detected. Some records have been dropped
========= 
========= Warning: Error buffer overflow has been detected. Some records have been dropped
========= 
========= Warning: Error buffer overflow has been detected. Some records have been dropped
========= 
========= Warning: Error buffer overflow has been detected. Some records have been dropped
========= 
========= Warning: Error buffer overflow has been detected. Some records have been dropped
========= 
========= Warning: Error buffer overflow has been detected. Some records have been dropped
========= 
========= Warning: Error buffer overflow has been detected. Some records have been dropped
========= 
========= Warning: Error buffer overflow has been detected. Some records have been dropped
========= 
========= Warning: Error buffer overflow has been detected. Some records have been dropped
========= 
========= Warning: Error buffer overflow has been detected. Some records have been dropped
========= 
========= Warning: Error buffer overflow has been detected. Some records have been dropped
========= 
========= Warning: Error buffer overflow has been detected. Some records have been dropped
========= 
========= Warning: Error buffer overflow has been detected. Some records have been dropped
========= 
========= Warning: Error buffer overflow has been detected. Some records have been dropped
========= 
========= Warning: Error buffer overflow has been detected. Some records have been dropped
========= 
========= Warning: Error buffer overflow has been detected. Some records have been dropped
========= 
========= Warning: Error buffer overflow has been detected. Some records have been dropped
========= 
========= Warning: Error buffer overflow has been detected. Some records have been dropped
========= 
========= Warning: Error buffer overflow has been detected. Some records have been dropped
========= 
========= Warning: Error buffer overflow has been detected. Some records have been dropped
========= 
========= Warning: Error buffer overflow has been detected. Some records have been dropped
========= 
========= Warning: Error buffer overflow has been detected. Some records have been dropped
========= 
========= Warning: Error buffer overflow has been detected. Some records have been dropped
========= 
========= Warning: Error buffer overflow has been detected. Some records have been dropped
========= 
========= Warning: Error buffer overflow has been detected. Some records have been dropped
========= 
========= Warning: Error buffer overflow has been detected. Some records have been dropped
========= 
========= Warning: Error buffer overflow has been detected. Some records have been dropped
========= 
========= Warning: Error buffer overflow has been detected. Some records have been dropped
========= 
========= Warning: Error buffer overflow has been detected. Some records have been dropped
========= 
========= Warning: Error buffer overflow has been detected. Some records have been dropped
========= 
========= Warning: Error buffer overflow has been detected. Some records have been dropped
========= 
========= Warning: Error buffer overflow has been detected. Some records have been dropped
========= 
========= Warning: Error buffer overflow has been detected. Some records have been dropped
========= 
========= Warning: Error buffer overflow has been detected. Some records have been dropped
========= 
========= Warning: Error buffer overflow has been detected. Some records have been dropped
========= 
========= Warning: Error buffer overflow has been detected. Some records have been dropped
========= 
========= Warning: Error buffer overflow has been detected. Some records have been dropped
========= 
========= Warning: Error buffer overflow has been detected. Some records have been dropped
========= 
========= Warning: Error buffer overflow has been detected. Some records have been dropped
========= 
========= Warning: Error buffer overflow has been detected. Some records have been dropped
========= 
========= Warning: Error buffer overflow has been detected. Some records have been dropped
========= 
========= Warning: Error buffer overflow has been detected. Some records have been dropped
========= 
========= Warning: Error buffer overflow has been detected. Some records have been dropped
========= 
========= Warning: Error buffer overflow has been detected. Some records have been dropped
========= 
========= Warning: Error buffer overflow has been detected. Some records have been dropped
========= 
========= Warning: Error buffer overflow has been detected. Some records have been dropped
========= 
========= Warning: Error buffer overflow has been detected. Some records have been dropped
========= 
========= Warning: Error buffer overflow has been detected. Some records have been dropped
========= 
========= Warning: Error buffer overflow has been detected. Some records have been dropped
========= 
========= Warning: Error buffer overflow has been detected. Some records have been dropped
========= 
========= Warning: Error buffer overflow has been detected. Some records have been dropped
========= 
========= Warning: Error buffer overflow has been detected. Some records have been dropped
========= 
========= Warning: Error buffer overflow has been detected. Some records have been dropped
========= 
========= Warning: Error buffer overflow has been detected. Some records have been dropped
========= 
========= Warning: Error buffer overflow has been detected. Some records have been dropped
========= 
========= Warning: Error buffer overflow has been detected. Some records have been dropped
========= 
========= Warning: Error buffer overflow has been detected. Some records have been dropped
========= 
========= Warning: Error buffer overflow has been detected. Some records have been dropped
========= 
========= Warning: Error buffer overflow has been detected. Some records have been dropped
========= 
========= Warning: Error buffer overflow has been detected. Some records have been dropped
========= 
========= Warning: Error buffer overflow has been detected. Some records have been dropped
========= 
========= Warning: Error buffer overflow has been detected. Some records have been dropped
========= 
========= Warning: Error buffer overflow has been detected. Some records have been dropped
========= 
========= Warning: Error buffer overflow has been detected. Some records have been dropped
========= 
========= Warning: Error buffer overflow has been detected. Some records have been dropped
========= 
========= Warning: Error buffer overflow has been detected. Some records have been dropped
========= 
========= Warning: Error buffer overflow has been detected. Some records have been dropped
========= 
========= Warning: Error buffer overflow has been detected. Some records have been dropped
========= 
========= Warning: Error buffer overflow has been detected. Some records have been dropped
========= 
========= Warning: Error buffer overflow has been detected. Some records have been dropped
========= 
========= Warning: Error buffer overflow has been detected. Some records have been dropped
========= 
========= Warning: Error buffer overflow has been detected. Some records have been dropped
========= 
========= Warning: Error buffer overflow has been detected. Some records have been dropped
========= 
========= Warning: Error buffer overflow has been detected. Some records have been dropped
========= 
========= Warning: Error buffer overflow has been detected. Some records have been dropped
========= 
========= Warning: Error buffer overflow has been detected. Some records have been dropped
========= 
========= Warning: Error buffer overflow has been detected. Some records have been dropped
========= 
========= Warning: Error buffer overflow has been detected. Some records have been dropped
========= 
========= Warning: Error buffer overflow has been detected. Some records have been dropped
========= 
========= Warning: Error buffer overflow has been detected. Some records have been dropped
========= 
========= Warning: Error buffer overflow has been detected. Some records have been dropped
========= 
========= Warning: Error buffer overflow has been detected. Some records have been dropped
========= 
========= Warning: Error buffer overflow has been detected. Some records have been dropped
========= 
========= Warning: Error buffer overflow has been detected. Some records have been dropped
========= 
========= Warning: Error buffer overflow has been detected. Some records have been dropped
========= 
========= Warning: Error buffer overflow has been detected. Some records have been dropped
========= 
========= Warning: Error buffer overflow has been detected. Some records have been dropped
========= 
========= Warning: Error buffer overflow has been detected. Some records have been dropped
========= 
========= Warning: Error buffer overflow has been detected. Some records have been dropped
========= 
========= Warning: Error buffer overflow has been detected. Some records have been dropped
========= 
========= Warning: Error buffer overflow has been detected. Some records have been dropped
========= 
========= Warning: Error buffer overflow has been detected. Some records have been dropped
========= 
========= Warning: Error buffer overflow has been detected. Some records have been dropped
========= 
========= Warning: Error buffer overflow has been detected. Some records have been dropped
========= 
========= Warning: Error buffer overflow has been detected. Some records have been dropped
========= 
========= Warning: Error buffer overflow has been detected. Some records have been dropped
========= 
========= Warning: Error buffer overflow has been detected. Some records have been dropped
========= 
========= Warning: Error buffer overflow has been detected. Some records have been dropped
========= 
========= Warning: Error buffer overflow has been detected. Some records have been dropped
========= 
========= Warning: Error buffer overflow has been detected. Some records have been dropped
========= 
========= Warning: Error buffer overflow has been detected. Some records have been dropped
========= 
========= Warning: Error buffer overflow has been detected. Some records have been dropped
========= 
========= Warning: Error buffer overflow has been detected. Some records have been dropped
========= 
========= Warning: Error buffer overflow has been detected. Some records have been dropped
========= 
========= Warning: Error buffer overflow has been detected. Some records have been dropped
========= 
========= Warning: Error buffer overflow has been detected. Some records have been dropped
========= 
========= Warning: Error buffer overflow has been detected. Some records have been dropped
========= 
========= Warning: Error buffer overflow has been detected. Some records have been dropped
========= 
========= Warning: Error buffer overflow has been detected. Some records have been dropped
========= 
========= Warning: Error buffer overflow has been detected. Some records have been dropped
========= 
========= Warning: Error buffer overflow has been detected. Some records have been dropped
========= 
========= Warning: Error buffer overflow has been detected. Some records have been dropped
========= 
========= Warning: Error buffer overflow has been detected. Some records have been dropped
========= 
========= Warning: Error buffer overflow has been detected. Some records have been dropped
========= 
========= Warning: Error buffer overflow has been detected. Some records have been dropped
========= 
========= Warning: Error buffer overflow has been detected. Some records have been dropped
========= 
========= Warning: Error buffer overflow has been detected. Some records have been dropped
========= 
========= Warning: Error buffer overflow has been detected. Some records have been dropped
========= 
========= Warning: Error buffer overflow has been detected. Some records have been dropped
========= 
========= Warning: Error buffer overflow has been detected. Some records have been dropped
========= 
========= Warning: Error buffer overflow has been detected. Some records have been dropped
========= 
========= Warning: Error buffer overflow has been detected. Some records have been dropped
========= 
========= Warning: Error buffer overflow has been detected. Some records have been dropped
========= 
========= Warning: Error buffer overflow has been detected. Some records have been dropped
========= 
========= Warning: Error buffer overflow has been detected. Some records have been dropped
========= 
========= Warning: Error buffer overflow has been detected. Some records have been dropped
========= 
========= Warning: Error buffer overflow has been detected. Some records have been dropped
========= 
========= Warning: Error buffer overflow has been detected. Some records have been dropped
========= 
========= Warning: Error buffer overflow has been detected. Some records have been dropped
========= 
========= Warning: Error buffer overflow has been detected. Some records have been dropped
========= 
========= Warning: Error buffer overflow has been detected. Some records have been dropped
========= 
========= Warning: Error buffer overflow has been detected. Some records have been dropped
========= 
========= Warning: Error buffer overflow has been detected. Some records have been dropped
========= 
========= Warning: Error buffer overflow has been detected. Some records have been dropped
========= 
========= Warning: Error buffer overflow has been detected. Some records have been dropped
========= 
========= Warning: Error buffer overflow has been detected. Some records have been dropped
========= 
========= Warning: Error buffer overflow has been detected. Some records have been dropped
========= 
========= Warning: Error buffer overflow has been detected. Some records have been dropped
========= 
========= Warning: Error buffer overflow has been detected. Some records have been dropped
========= 
========= Warning: Error buffer overflow has been detected. Some records have been dropped
========= 
========= Warning: Error buffer overflow has been detected. Some records have been dropped
========= 
========= Warning: Error buffer overflow has been detected. Some records have been dropped
========= 
========= Warning: Error buffer overflow has been detected. Some records have been dropped
========= 
========= Warning: Error buffer overflow has been detected. Some records have been dropped
========= 
========= Warning: Error buffer overflow has been detected. Some records have been dropped
========= 
========= Warning: Error buffer overflow has been detected. Some records have been dropped
========= 
========= Warning: Error buffer overflow has been detected. Some records have been dropped
========= 
========= Warning: Error buffer overflow has been detected. Some records have been dropped
========= 
========= Warning: Error buffer overflow has been detected. Some records have been dropped
========= 
========= Warning: Error buffer overflow has been detected. Some records have been dropped
========= 
========= Warning: Error buffer overflow has been detected. Some records have been dropped
========= 
========= Warning: Error buffer overflow has been detected. Some records have been dropped
========= 
========= Warning: Error buffer overflow has been detected. Some records have been dropped
========= 
========= Warning: Error buffer overflow has been detected. Some records have been dropped
========= 
========= Warning: Error buffer overflow has been detected. Some records have been dropped
========= 
========= Warning: Error buffer overflow has been detected. Some records have been dropped
========= 
========= Warning: Error buffer overflow has been detected. Some records have been dropped
========= 
========= Warning: Error buffer overflow has been detected. Some records have been dropped
========= 
========= Warning: Error buffer overflow has been detected. Some records have been dropped
========= 
========= Warning: Error buffer overflow has been detected. Some records have been dropped
========= 
========= Warning: Error buffer overflow has been detected. Some records have been dropped
========= 
========= Warning: Error buffer overflow has been detected. Some records have been dropped
========= 
========= Warning: Error buffer overflow has been detected. Some records have been dropped
========= 
========= Warning: Error buffer overflow has been detected. Some records have been dropped
========= 
========= Warning: Error buffer overflow has been detected. Some records have been dropped
========= 
========= Warning: Error buffer overflow has been detected. Some records have been dropped
========= 
========= Warning: Error buffer overflow has been detected. Some records have been dropped
========= 
========= Warning: Error buffer overflow has been detected. Some records have been dropped
========= 
========= Warning: Error buffer overflow has been detected. Some records have been dropped
========= 
========= Warning: Error buffer overflow has been detected. Some records have been dropped
========= 
========= Warning: Error buffer overflow has been detected. Some records have been dropped
========= 
========= Warning: Error buffer overflow has been detected. Some records have been dropped
========= 
========= Warning: Error buffer overflow has been detected. Some records have been dropped
========= 
========= Warning: Error buffer overflow has been detected. Some records have been dropped
========= 
========= Warning: Error buffer overflow has been detected. Some records have been dropped
========= 
========= Warning: Error buffer overflow has been detected. Some records have been dropped
========= 
========= Warning: Error buffer overflow has been detected. Some records have been dropped
========= 
========= Warning: Error buffer overflow has been detected. Some records have been dropped
========= 
========= Warning: Error buffer overflow has been detected. Some records have been dropped
========= 
========= Warning: Error buffer overflow has been detected. Some records have been dropped
========= 
========= Warning: Error buffer overflow has been detected. Some records have been dropped
========= 
========= Warning: Error buffer overflow has been detected. Some records have been dropped
========= 
========= Warning: Error buffer overflow has been detected. Some records have been dropped
========= 
========= Warning: Error buffer overflow has been detected. Some records have been dropped
========= 
========= Warning: Error buffer overflow has been detected. Some records have been dropped
========= 
========= Warning: Error buffer overflow has been detected. Some records have been dropped
========= 
========= Warning: Error buffer overflow has been detected. Some records have been dropped
========= 
========= Warning: Error buffer overflow has been detected. Some records have been dropped
========= 
========= Warning: Error buffer overflow has been detected. Some records have been dropped
========= 
========= Warning: Error buffer overflow has been detected. Some records have been dropped
========= 
========= Warning: Error buffer overflow has been detected. Some records have been dropped
========= 
========= Warning: Error buffer overflow has been detected. Some records have been dropped
========= 
========= Warning: Error buffer overflow has been detected. Some records have been dropped
========= 
========= Warning: Error buffer overflow has been detected. Some records have been dropped
========= 
========= Warning: Error buffer overflow has been detected. Some records have been dropped
========= 
========= Warning: Error buffer overflow has been detected. Some records have been dropped
========= 
========= Warning: Error buffer overflow has been detected. Some records have been dropped
========= 
========= Warning: Error buffer overflow has been detected. Some records have been dropped
========= 
========= Warning: Error buffer overflow has been detected. Some records have been dropped
========= 
========= Warning: Error buffer overflow has been detected. Some records have been dropped
========= 
========= Warning: Error buffer overflow has been detected. Some records have been dropped
========= 
========= Warning: Error buffer overflow has been detected. Some records have been dropped
========= 
========= Warning: Error buffer overflow has been detected. Some records have been dropped
========= 
========= Warning: Error buffer overflow has been detected. Some records have been dropped
========= 
========= Warning: Error buffer overflow has been detected. Some records have been dropped
========= 
========= Warning: Error buffer overflow has been detected. Some records have been dropped
========= 
========= Warning: Error buffer overflow has been detected. Some records have been dropped
========= 
========= Warning: Error buffer overflow has been detected. Some records have been dropped
========= 
========= Warning: Error buffer overflow has been detected. Some records have been dropped
========= 
========= Warning: Error buffer overflow has been detected. Some records have been dropped
========= 
========= Warning: Error buffer overflow has been detected. Some records have been dropped
========= 
========= Warning: Error buffer overflow has been detected. Some records have been dropped
========= 
========= Warning: Error buffer overflow has been detected. Some records have been dropped
========= 
========= Warning: Error buffer overflow has been detected. Some records have been dropped
========= 
========= Warning: Error buffer overflow has been detected. Some records have been dropped
========= 
========= Warning: Error buffer overflow has been detected. Some records have been dropped
========= 
========= Warning: Error buffer overflow has been detected. Some records have been dropped
========= 
========= Warning: Error buffer overflow has been detected. Some records have been dropped
========= 
========= Warning: Error buffer overflow has been detected. Some records have been dropped
========= 
========= Warning: Error buffer overflow has been detected. Some records have been dropped
========= 
========= Warning: Error buffer overflow has been detected. Some records have been dropped
========= 
========= Warning: Error buffer overflow has been detected. Some records have been dropped
========= 
========= Warning: Error buffer overflow has been detected. Some records have been dropped
========= 
========= Warning: Error buffer overflow has been detected. Some records have been dropped
========= 
========= Warning: Error buffer overflow has been detected. Some records have been dropped
========= 
========= Warning: Error buffer overflow has been detected. Some records have been dropped
========= 
========= Warning: Error buffer overflow has been detected. Some records have been dropped
========= 
========= Warning: Error buffer overflow has been detected. Some records have been dropped
========= 
========= Warning: Error buffer overflow has been detected. Some records have been dropped
========= 
========= Warning: Error buffer overflow has been detected. Some records have been dropped
========= 
========= Warning: Error buffer overflow has been detected. Some records have been dropped
========= 
========= Warning: Error buffer overflow has been detected. Some records have been dropped
========= 
========= Warning: Error buffer overflow has been detected. Some records have been dropped
========= 
========= Warning: Error buffer overflow has been detected. Some records have been dropped
========= 
========= Warning: Error buffer overflow has been detected. Some records have been dropped
========= 
========= Warning: Error buffer overflow has been detected. Some records have been dropped
========= 
========= Warning: Error buffer overflow has been detected. Some records have been dropped
========= 
========= Warning: Error buffer overflow has been detected. Some records have been dropped
========= 
========= Warning: Error buffer overflow has been detected. Some records have been dropped
========= 
========= Warning: Error buffer overflow has been detected. Some records have been dropped
========= 
========= Warning: Error buffer overflow has been detected. Some records have been dropped
========= 
========= Warning: Error buffer overflow has been detected. Some records have been dropped
========= 
========= Warning: Error buffer overflow has been detected. Some records have been dropped
========= 
========= Warning: Error buffer overflow has been detected. Some records have been dropped
========= 
========= Warning: Error buffer overflow has been detected. Some records have been dropped
========= 
========= Warning: Error buffer overflow has been detected. Some records have been dropped
========= 
========= Warning: Error buffer overflow has been detected. Some records have been dropped
========= 
========= Warning: Error buffer overflow has been detected. Some records have been dropped
========= 
========= Warning: Error buffer overflow has been detected. Some records have been dropped
========= 
========= Warning: Error buffer overflow has been detected. Some records have been dropped
========= 
========= Warning: Error buffer overflow has been detected. Some records have been dropped
========= 
========= Warning: Error buffer overflow has been detected. Some records have been dropped
========= 
========= Warning: Error buffer overflow has been detected. Some records have been dropped
========= 
========= Warning: Error buffer overflow has been detected. Some records have been dropped
========= 
========= Warning: Error buffer overflow has been detected. Some records have been dropped
========= 
========= Warning: Error buffer overflow has been detected. Some records have been dropped
========= 
========= Warning: Error buffer overflow has been detected. Some records have been dropped
========= 
========= Warning: Error buffer overflow has been detected. Some records have been dropped
========= 
========= Warning: Error buffer overflow has been detected. Some records have been dropped
========= 
========= Warning: Error buffer overflow has been detected. Some records have been dropped
========= 
========= Warning: Error buffer overflow has been detected. Some records have been dropped
========= 
========= Warning: Error buffer overflow has been detected. Some records have been dropped
========= 
========= Warning: Error buffer overflow has been detected. Some records have been dropped
========= 
========= Warning: Error buffer overflow has been detected. Some records have been dropped
========= 
========= Warning: Error buffer overflow has been detected. Some records have been dropped
========= 
========= Warning: Error buffer overflow has been detected. Some records have been dropped
========= 
========= Warning: Error buffer overflow has been detected. Some records have been dropped
========= 
========= Warning: Error buffer overflow has been detected. Some records have been dropped
========= 
========= Warning: Error buffer overflow has been detected. Some records have been dropped
========= 
========= Warning: Error buffer overflow has been detected. Some records have been dropped
========= 
========= Warning: Error buffer overflow has been detected. Some records have been dropped
========= 
========= Warning: Error buffer overflow has been detected. Some records have been dropped
========= 
========= Warning: Error buffer overflow has been detected. Some records have been dropped
========= 
========= Warning: Error buffer overflow has been detected. Some records have been dropped
========= 
========= Warning: Error buffer overflow has been detected. Some records have been dropped
========= 
========= Warning: Error buffer overflow has been detected. Some records have been dropped
========= 
========= Warning: Error buffer overflow has been detected. Some records have been dropped
========= 
========= Warning: Error buffer overflow has been detected. Some records have been dropped
========= 
========= Warning: Error buffer overflow has been detected. Some records have been dropped
========= 
========= Warning: Error buffer overflow has been detected. Some records have been dropped
========= 
========= Warning: Error buffer overflow has been detected. Some records have been dropped
========= 
========= Warning: Error buffer overflow has been detected. Some records have been dropped
========= 
========= Warning: Error buffer overflow has been detected. Some records have been dropped
========= 
========= Warning: Error buffer overflow has been detected. Some records have been dropped
========= 
========= Warning: Error buffer overflow has been detected. Some records have been dropped
========= 
========= Warning: Error buffer overflow has been detected. Some records have been dropped
========= 
========= Warning: Error buffer overflow has been detected. Some records have been dropped
========= 
========= Warning: Error buffer overflow has been detected. Some records have been dropped
========= 
========= Warning: Error buffer overflow has been detected. Some records have been dropped
========= 
========= Warning: Error buffer overflow has been detected. Some records have been dropped
========= 
========= Warning: Error buffer overflow has been detected. Some records have been dropped
========= 
========= Warning: Error buffer overflow has been detected. Some records have been dropped
========= 
========= Warning: Error buffer overflow has been detected. Some records have been dropped
========= 
========= Warning: Error buffer overflow has been detected. Some records have been dropped
========= 
========= Warning: Error buffer overflow has been detected. Some records have been dropped
========= 
========= Warning: Error buffer overflow has been detected. Some records have been dropped
========= 
========= Warning: Error buffer overflow has been detected. Some records have been dropped
========= 
========= Warning: Error buffer overflow has been detected. Some records have been dropped
========= 
========= Warning: Error buffer overflow has been detected. Some records have been dropped
========= 
========= Warning: Error buffer overflow has been detected. Some records have been dropped
========= 
========= Warning: Error buffer overflow has been detected. Some records have been dropped
========= 
========= Warning: Error buffer overflow has been detected. Some records have been dropped
========= 
========= Warning: Error buffer overflow has been detected. Some records have been dropped
========= 
========= Warning: Error buffer overflow has been detected. Some records have been dropped
========= 
========= Warning: Error buffer overflow has been detected. Some records have been dropped
========= 
========= Warning: Error buffer overflow has been detected. Some records have been dropped
========= 
========= Warning: Error buffer overflow has been detected. Some records have been dropped
========= 
========= Warning: Error buffer overflow has been detected. Some records have been dropped
========= 
========= Warning: Error buffer overflow has been detected. Some records have been dropped
========= 
========= Warning: Error buffer overflow has been detected. Some records have been dropped
========= 
========= Warning: Error buffer overflow has been detected. Some records have been dropped
========= 
========= Warning: Error buffer overflow has been detected. Some records have been dropped
========= 
========= Warning: Error buffer overflow has been detected. Some records have been dropped
========= 
========= Warning: Error buffer overflow has been detected. Some records have been dropped
========= 
========= Warning: Error buffer overflow has been detected. Some records have been dropped
========= 
========= Warning: Error buffer overflow has been detected. Some records have been dropped
========= 
========= Warning: Error buffer overflow has been detected. Some records have been dropped
========= 
========= Warning: Error buffer overflow has been detected. Some records have been dropped
========= 
========= Warning: Error buffer overflow has been detected. Some records have been dropped
========= 
========= Warning: Error buffer overflow has been detected. Some records have been dropped
========= 
========= Warning: Error buffer overflow has been detected. Some records have been dropped
========= 
========= Warning: Error buffer overflow has been detected. Some records have been dropped
========= 
========= Warning: Error buffer overflow has been detected. Some records have been dropped
========= 
========= Warning: Error buffer overflow has been detected. Some records have been dropped
========= 
========= Warning: Error buffer overflow has been detected. Some records have been dropped
========= 
========= Warning: Error buffer overflow has been detected. Some records have been dropped
========= 
========= Warning: Error buffer overflow has been detected. Some records have been dropped
========= 
========= Warning: Error buffer overflow has been detected. Some records have been dropped
========= 
========= Warning: Error buffer overflow has been detected. Some records have been dropped
========= 
========= Warning: Error buffer overflow has been detected. Some records have been dropped
========= 
========= Warning: Error buffer overflow has been detected. Some records have been dropped
========= 
========= Warning: Error buffer overflow has been detected. Some records have been dropped
========= 
========= Warning: Error buffer overflow has been detected. Some records have been dropped
========= 
========= Warning: Error buffer overflow has been detected. Some records have been dropped
========= 
========= Warning: Error buffer overflow has been detected. Some records have been dropped
========= 
========= Warning: Error buffer overflow has been detected. Some records have been dropped
========= 
========= Warning: Error buffer overflow has been detected. Some records have been dropped
========= 
========= Warning: Error buffer overflow has been detected. Some records have been dropped
========= 
========= Warning: Error buffer overflow has been detected. Some records have been dropped
========= 
========= Warning: Error buffer overflow has been detected. Some records have been dropped
========= 
========= Warning: Error buffer overflow has been detected. Some records have been dropped
========= 
========= Warning: Error buffer overflow has been detected. Some records have been dropped
========= 
========= Warning: Error buffer overflow has been detected. Some records have been dropped
========= 
========= Warning: Error buffer overflow has been detected. Some records have been dropped
========= 
========= Warning: Error buffer overflow has been detected. Some records have been dropped
========= 
========= Warning: Error buffer overflow has been detected. Some records have been dropped
========= 
========= Warning: Error buffer overflow has been detected. Some records have been dropped
========= 
========= Warning: Error buffer overflow has been detected. Some records have been dropped
========= 
========= Warning: Error buffer overflow has been detected. Some records have been dropped
========= 
========= Warning: Error buffer overflow has been detected. Some records have been dropped
========= 
========= Warning: Error buffer overflow has been detected. Some records have been dropped
========= 
========= Warning: Error buffer overflow has been detected. Some records have been dropped
========= 
========= Warning: Error buffer overflow has been detected. Some records have been dropped
========= 
========= Warning: Error buffer overflow has been detected. Some records have been dropped
========= 
========= Warning: Error buffer overflow has been detected. Some records have been dropped
========= 
========= Warning: Error buffer overflow has been detected. Some records have been dropped
========= 
========= Warning: Error buffer overflow has been detected. Some records have been dropped
========= 
========= Warning: Error buffer overflow has been detected. Some records have been dropped
========= 
========= Warning: Error buffer overflow has been detected. Some records have been dropped
========= 
========= Warning: Error buffer overflow has been detected. Some records have been dropped
========= 
========= Warning: Error buffer overflow has been detected. Some records have been dropped
========= 
========= Warning: Error buffer overflow has been detected. Some records have been dropped
========= 
========= Warning: Error buffer overflow has been detected. Some records have been dropped
========= 
========= Warning: Error buffer overflow has been detected. Some records have been dropped
========= 
========= Warning: Error buffer overflow has been detected. Some records have been dropped
========= 
========= Warning: Error buffer overflow has been detected. Some records have been dropped
========= 
========= Warning: Error buffer overflow has been detected. Some records have been dropped
========= 
========= Warning: Error buffer overflow has been detected. Some records have been dropped
========= 
========= Warning: Error buffer overflow has been detected. Some records have been dropped
========= 
========= Warning: Error buffer overflow has been detected. Some records have been dropped
========= 
========= Warning: Error buffer overflow has been detected. Some records have been dropped
========= 
========= Warning: Error buffer overflow has been detected. Some records have been dropped
========= 
========= Warning: Error buffer overflow has been detected. Some records have been dropped
========= 
========= Warning: Error buffer overflow has been detected. Some records have been dropped
========= 
========= Warning: Error buffer overflow has been detected. Some records have been dropped
========= 
========= Warning: Error buffer overflow has been detected. Some records have been dropped
========= 
========= Warning: Error buffer overflow has been detected. Some records have been dropped
========= 
========= Warning: Error buffer overflow has been detected. Some records have been dropped
========= 
========= Warning: Error buffer overflow has been detected. Some records have been dropped
========= 
========= Warning: Error buffer overflow has been detected. Some records have been dropped
========= 
========= Warning: Error buffer overflow has been detected. Some records have been dropped
========= 
========= Warning: Error buffer overflow has been detected. Some records have been dropped
========= 
========= Warning: Error buffer overflow has been detected. Some records have been dropped
========= 
========= Warning: Error buffer overflow has been detected. Some records have been dropped
========= 
========= Warning: Error buffer overflow has been detected. Some records have been dropped
========= 
========= Warning: Error buffer overflow has been detected. Some records have been dropped
========= 
========= Warning: Error buffer overflow has been detected. Some records have been dropped
========= 
========= Warning: Error buffer overflow has been detected. Some records have been dropped
========= 
========= Warning: Error buffer overflow has been detected. Some records have been dropped
========= 
========= Warning: Error buffer overflow has been detected. Some records have been dropped
========= 
========= Warning: Error buffer overflow has been detected. Some records have been dropped
========= 
========= Warning: Error buffer overflow has been detected. Some records have been dropped
========= 
========= Warning: Error buffer overflow has been detected. Some records have been dropped
========= 
========= Warning: Error buffer overflow has been detected. Some records have been dropped
========= 
========= Warning: Error buffer overflow has been detected. Some records have been dropped
========= 
========= Warning: Error buffer overflow has been detected. Some records have been dropped
========= 
========= Warning: Error buffer overflow has been detected. Some records have been dropped
========= 
========= Warning: Error buffer overflow has been detected. Some records have been dropped
========= 
========= Warning: Error buffer overflow has been detected. Some records have been dropped
========= 
========= Warning: Error buffer overflow has been detected. Some records have been dropped
========= 
========= Warning: Error buffer overflow has been detected. Some records have been dropped
========= 
========= Warning: Error buffer overflow has been detected. Some records have been dropped
========= 
========= Warning: Error buffer overflow has been detected. Some records have been dropped
========= 
========= Warning: Error buffer overflow has been detected. Some records have been dropped
========= 
========= Warning: Error buffer overflow has been detected. Some records have been dropped
========= 
========= Warning: Error buffer overflow has been detected. Some records have been dropped
========= 
========= Warning: Error buffer overflow has been detected. Some records have been dropped
========= 
========= Warning: Error buffer overflow has been detected. Some records have been dropped
========= 
========= Warning: Error buffer overflow has been detected. Some records have been dropped
========= 
========= Warning: Error buffer overflow has been detected. Some records have been dropped
========= 
========= Warning: Error buffer overflow has been detected. Some records have been dropped
========= 
========= Warning: Error buffer overflow has been detected. Some records have been dropped
========= 
========= Warning: Error buffer overflow has been detected. Some records have been dropped
========= 
========= Warning: Error buffer overflow has been detected. Some records have been dropped
========= 
========= Warning: Error buffer overflow has been detected. Some records have been dropped
========= 
========= Warning: Error buffer overflow has been detected. Some records have been dropped
========= 
========= Warning: Error buffer overflow has been detected. Some records have been dropped
========= 
========= Warning: Error buffer overflow has been detected. Some records have been dropped
========= 
========= Warning: Error buffer overflow has been detected. Some records have been dropped
========= 
========= Warning: Error buffer overflow has been detected. Some records have been dropped
========= 
========= Warning: Error buffer overflow has been detected. Some records have been dropped
========= 
========= Warning: Error buffer overflow has been detected. Some records have been dropped
========= 
========= Warning: Error buffer overflow has been detected. Some records have been dropped
========= 
========= Warning: Error buffer overflow has been detected. Some records have been dropped
========= 
========= Warning: Error buffer overflow has been detected. Some records have been dropped
========= 
========= Warning: Error buffer overflow has been detected. Some records have been dropped
========= 
========= Warning: Error buffer overflow has been detected. Some records have been dropped
========= 
========= Warning: Error buffer overflow has been detected. Some records have been dropped
========= 
========= Warning: Error buffer overflow has been detected. Some records have been dropped
========= 
========= Warning: Error buffer overflow has been detected. Some records have been dropped
========= 
========= Warning: Error buffer overflow has been detected. Some records have been dropped
========= 
========= Warning: Error buffer overflow has been detected. Some records have been dropped
========= 
========= Warning: Error buffer overflow has been detected. Some records have been dropped
========= 
========= Warning: Error buffer overflow has been detected. Some records have been dropped
========= 
========= Warning: Error buffer overflow has been detected. Some records have been dropped
========= 
========= Warning: Error buffer overflow has been detected. Some records have been dropped
========= 
========= Warning: Error buffer overflow has been detected. Some records have been dropped
========= 
========= Warning: Error buffer overflow has been detected. Some records have been dropped
========= 
========= Warning: Error buffer overflow has been detected. Some records have been dropped
========= 
========= Warning: Error buffer overflow has been detected. Some records have been dropped
========= 
========= Warning: Error buffer overflow has been detected. Some records have been dropped
========= 
========= Warning: Error buffer overflow has been detected. Some records have been dropped
========= 
========= Warning: Error buffer overflow has been detected. Some records have been dropped
========= 
========= Warning: Error buffer overflow has been detected. Some records have been dropped
========= 
========= Warning: Error buffer overflow has been detected. Some records have been dropped
========= 
========= Warning: Error buffer overflow has been detected. Some records have been dropped
========= 
========= Warning: Error buffer overflow has been detected. Some records have been dropped
========= 
========= Warning: Error buffer overflow has been detected. Some records have been dropped
========= 
========= Warning: Error buffer overflow has been detected. Some records have been dropped
========= 
========= Warning: Error buffer overflow has been detected. Some records have been dropped
========= 
========= Warning: Error buffer overflow has been detected. Some records have been dropped
========= 
========= Warning: Error buffer overflow has been detected. Some records have been dropped
========= 
========= Warning: Error buffer overflow has been detected. Some records have been dropped
========= 
========= Warning: Error buffer overflow has been detected. Some records have been dropped
========= 
========= Warning: Error buffer overflow has been detected. Some records have been dropped
========= 
========= Warning: Error buffer overflow has been detected. Some records have been dropped
========= 
========= Warning: Error buffer overflow has been detected. Some records have been dropped
========= 
========= Warning: Error buffer overflow has been detected. Some records have been dropped
========= 
========= Warning: Error buffer overflow has been detected. Some records have been dropped
========= 
========= Warning: Error buffer overflow has been detected. Some records have been dropped
========= 
========= Warning: Error buffer overflow has been detected. Some records have been dropped
========= 
========= Warning: Error buffer overflow has been detected. Some records have been dropped
========= 
========= Warning: Error buffer overflow has been detected. Some records have been dropped
========= 
========= Warning: Error buffer overflow has been detected. Some records have been dropped
========= 
========= Warning: Error buffer overflow has been detected. Some records have been dropped
========= 
========= Warning: Error buffer overflow has been detected. Some records have been dropped
========= 
========= Warning: Error buffer overflow has been detected. Some records have been dropped
========= 
========= Warning: Error buffer overflow has been detected. Some records have been dropped
========= 
========= Warning: Error buffer overflow has been detected. Some records have been dropped
========= 
========= Warning: Error buffer overflow has been detected. Some records have been dropped
========= 
========= Warning: Error buffer overflow has been detected. Some records have been dropped
========= 
========= Warning: Error buffer overflow has been detected. Some records have been dropped
========= 
========= Warning: Error buffer overflow has been detected. Some records have been dropped
========= 
========= Warning: Error buffer overflow has been detected. Some records have been dropped
========= 
========= Warning: Error buffer overflow has been detected. Some records have been dropped
========= 
========= Warning: Error buffer overflow has been detected. Some records have been dropped
========= 
========= Warning: Error buffer overflow has been detected. Some records have been dropped
========= 
========= Warning: Error buffer overflow has been detected. Some records have been dropped
========= 
========= Warning: Error buffer overflow has been detected. Some records have been dropped
========= 
========= Warning: Error buffer overflow has been detected. Some records have been dropped
========= 
========= Warning: Error buffer overflow has been detected. Some records have been dropped
========= 
========= Warning: Error buffer overflow has been detected. Some records have been dropped
========= 
========= Warning: Error buffer overflow has been detected. Some records have been dropped
========= 
========= Warning: Error buffer overflow has been detected. Some records have been dropped
========= 
========= Warning: Error buffer overflow has been detected. Some records have been dropped
========= 
========= Warning: Error buffer overflow has been detected. Some records have been dropped
========= 
========= Warning: Error buffer overflow has been detected. Some records have been dropped
========= 
========= Warning: Error buffer overflow has been detected. Some records have been dropped
========= 
========= Warning: Error buffer overflow has been detected. Some records have been dropped
========= 
========= Warning: Error buffer overflow has been detected. Some records have been dropped
========= 
========= Warning: Error buffer overflow has been detected. Some records have been dropped
========= 
========= Warning: Error buffer overflow has been detected. Some records have been dropped
========= 
========= Warning: Error buffer overflow has been detected. Some records have been dropped
========= 
========= Warning: Error buffer overflow has been detected. Some records have been dropped
========= 
========= Warning: Error buffer overflow has been detected. Some records have been dropped
========= 
========= Warning: Error buffer overflow has been detected. Some records have been dropped
========= 
========= Warning: Error buffer overflow has been detected. Some records have been dropped
========= 
========= Warning: Error buffer overflow has been detected. Some records have been dropped
========= 
========= Warning: Error buffer overflow has been detected. Some records have been dropped
========= 
========= Warning: Error buffer overflow has been detected. Some records have been dropped
========= 
========= Warning: Error buffer overflow has been detected. Some records have been dropped
========= 
========= Warning: Error buffer overflow has been detected. Some records have been dropped
========= 
========= Warning: Error buffer overflow has been detected. Some records have been dropped
========= 
========= Warning: Error buffer overflow has been detected. Some records have been dropped
========= 
========= Warning: Error buffer overflow has been detected. Some records have been dropped
========= 
========= Warning: Error buffer overflow has been detected. Some records have been dropped
========= 
========= Warning: Error buffer overflow has been detected. Some records have been dropped
========= 
========= Warning: Error buffer overflow has been detected. Some records have been dropped
========= 
========= Warning: Error buffer overflow has been detected. Some records have been dropped
========= 
========= Warning: Error buffer overflow has been detected. Some records have been dropped
========= 
========= Warning: Error buffer overflow has been detected. Some records have been dropped
========= 
========= Warning: Error buffer overflow has been detected. Some records have been dropped
========= 
========= Warning: Error buffer overflow has been detected. Some records have been dropped
========= 
========= Warning: Error buffer overflow has been detected. Some records have been dropped
========= 
========= Warning: Error buffer overflow has been detected. Some records have been dropped
========= 
========= Warning: Error buffer overflow has been detected. Some records have been dropped
========= 
========= Warning: Error buffer overflow has been detected. Some records have been dropped
========= 
========= Warning: Error buffer overflow has been detected. Some records have been dropped
========= 
========= Warning: Error buffer overflow has been detected. Some records have been dropped
========= 
========= Warning: Error buffer overflow has been detected. Some records have been dropped
========= 
========= Warning: Error buffer overflow has been detected. Some records have been dropped
========= 
========= Warning: Error buffer overflow has been detected. Some records have been dropped
========= 
========= Warning: Error buffer overflow has been detected. Some records have been dropped
========= 
========= Warning: Error buffer overflow has been detected. Some records have been dropped
========= 
========= Warning: Error buffer overflow has been detected. Some records have been dropped
========= 
========= Warning: Error buffer overflow has been detected. Some records have been dropped
========= 
========= Warning: Error buffer overflow has been detected. Some records have been dropped
========= 
========= Warning: Error buffer overflow has been detected. Some records have been dropped
========= 
========= Warning: Error buffer overflow has been detected. Some records have been dropped
========= 
========= Warning: Error buffer overflow has been detected. Some records have been dropped
========= 
========= Warning: Error buffer overflow has been detected. Some records have been dropped
========= 
========= Warning: Error buffer overflow has been detected. Some records have been dropped
========= 
========= Warning: Error buffer overflow has been detected. Some records have been dropped
========= 
========= Warning: Error buffer overflow has been detected. Some records have been dropped
========= 
========= Warning: Error buffer overflow has been detected. Some records have been dropped
========= 
========= Warning: Error buffer overflow has been detected. Some records have been dropped
========= 
========= Warning: Error buffer overflow has been detected. Some records have been dropped
========= 
========= Warning: Error buffer overflow has been detected. Some records have been dropped
========= 
========= Warning: Error buffer overflow has been detected. Some records have been dropped
========= 
========= Warning: Error buffer overflow has been detected. Some records have been dropped
========= 
========= Warning: Error buffer overflow has been detected. Some records have been dropped
========= 
========= Warning: Error buffer overflow has been detected. Some records have been dropped
========= 
========= Warning: Error buffer overflow has been detected. Some records have been dropped
========= 
========= Warning: Error buffer overflow has been detected. Some records have been dropped
========= 
========= Warning: Error buffer overflow has been detected. Some records have been dropped
========= 
========= Warning: Error buffer overflow has been detected. Some records have been dropped
========= 
========= Warning: Error buffer overflow has been detected. Some records have been dropped
========= 
========= Warning: Error buffer overflow has been detected. Some records have been dropped
========= 
========= Warning: Error buffer overflow has been detected. Some records have been dropped
========= 
========= Warning: Error buffer overflow has been detected. Some records have been dropped
========= 
========= Warning: Error buffer overflow has been detected. Some records have been dropped
========= 
========= Warning: Error buffer overflow has been detected. Some records have been dropped
========= 
========= Warning: Error buffer overflow has been detected. Some records have been dropped
========= 
========= Warning: Error buffer overflow has been detected. Some records have been dropped
========= 
========= Warning: Error buffer overflow has been detected. Some records have been dropped
========= 
========= Warning: Error buffer overflow has been detected. Some records have been dropped
========= 
========= Warning: Error buffer overflow has been detected. Some records have been dropped
========= 
========= Warning: Error buffer overflow has been detected. Some records have been dropped
========= 
========= Warning: Error buffer overflow has been detected. Some records have been dropped
========= 
========= Warning: Error buffer overflow has been detected. Some records have been dropped
========= 
========= Warning: Error buffer overflow has been detected. Some records have been dropped
========= 
========= Warning: Error buffer overflow has been detected. Some records have been dropped
========= 
========= Warning: Error buffer overflow has been detected. Some records have been dropped
========= 
========= Warning: Error buffer overflow has been detected. Some records have been dropped
========= 
========= Warning: Error buffer overflow has been detected. Some records have been dropped
========= 
========= Warning: Error buffer overflow has been detected. Some records have been dropped
========= 
========= Warning: Error buffer overflow has been detected. Some records have been dropped
========= 
========= Warning: Error buffer overflow has been detected. Some records have been dropped
========= 
========= Warning: Error buffer overflow has been detected. Some records have been dropped
========= 
========= Warning: Error buffer overflow has been detected. Some records have been dropped
========= 
========= Warning: Error buffer overflow has been detected. Some records have been dropped
========= 
========= Warning: Error buffer overflow has been detected. Some records have been dropped
========= 
========= Warning: Error buffer overflow has been detected. Some records have been dropped
========= 
========= Warning: Error buffer overflow has been detected. Some records have been dropped
========= 
========= Warning: Error buffer overflow has been detected. Some records have been dropped
========= 
========= Warning: Error buffer overflow has been detected. Some records have been dropped
========= 
========= Warning: Error buffer overflow has been detected. Some records have been dropped
========= 
========= Warning: Error buffer overflow has been detected. Some records have been dropped
========= 
========= Warning: Error buffer overflow has been detected. Some records have been dropped
========= 
========= Warning: Error buffer overflow has been detected. Some records have been dropped
========= 
========= Warning: Error buffer overflow has been detected. Some records have been dropped
========= 
========= Warning: Error buffer overflow has been detected. Some records have been dropped
========= 
========= Warning: Error buffer overflow has been detected. Some records have been dropped
========= 
========= Warning: Error buffer overflow has been detected. Some records have been dropped
========= 
========= Warning: Error buffer overflow has been detected. Some records have been dropped
========= 
========= Warning: Error buffer overflow has been detected. Some records have been dropped
========= 
========= Warning: Error buffer overflow has been detected. Some records have been dropped
========= 
========= Warning: Error buffer overflow has been detected. Some records have been dropped
========= 
========= Warning: Error buffer overflow has been detected. Some records have been dropped
========= 
========= Warning: Error buffer overflow has been detected. Some records have been dropped
========= 
========= Warning: Error buffer overflow has been detected. Some records have been dropped
========= 
========= Warning: Error buffer overflow has been detected. Some records have been dropped
========= 
========= Warning: Error buffer overflow has been detected. Some records have been dropped
========= 
========= Warning: Error buffer overflow has been detected. Some records have been dropped
========= 
========= Warning: Error buffer overflow has been detected. Some records have been dropped
========= 
========= Warning: Error buffer overflow has been detected. Some records have been dropped
========= 
========= Warning: Error buffer overflow has been detected. Some records have been dropped
========= 
========= Warning: Error buffer overflow has been detected. Some records have been dropped
========= 
========= Warning: Error buffer overflow has been detected. Some records have been dropped
========= 
========= ERROR SUMMARY: 314380 errors
========= ERROR SUMMARY: 313132 errors were not printed. Use --print-limit option to adjust the number of printed errors
========= 
========= 271287220 errors were skipped (error buffer overflow).
rc=0
