PKG /opt/real/r6/pybase/ctranslate2/__init__.py /home/ubuntu/w/base/install/lib/libctranslate2.so.4.8.2
========= COMPUTE-SANITIZER
========= Uninitialized __global__ memory read of size 16 bytes
=========     at void flash_fwd_kernel<Flash_fwd_kernel_traits<(int)64, (int)128, (int)128, (int)4, (bool)0, (bool)0, cutlass::half_t, Flash_kernel_traits<(int)64, (int)128, (int)128, (int)4, cutlass::half_t>>, (bool)0, (bool)0, (bool)0, (bool)0, (bool)1, (bool)0>(Flash_fwd_params)+0xa10
=========     by thread (96,0,0) in block (4,0,6)
=========     Address 0xe274f1900
========= 
========= Uninitialized __global__ memory read of size 16 bytes
=========     at void flash_fwd_kernel<Flash_fwd_kernel_traits<(int)64, (int)128, (int)128, (int)4, (bool)0, (bool)0, cutlass::half_t, Flash_kernel_traits<(int)64, (int)128, (int)128, (int)4, cutlass::half_t>>, (bool)0, (bool)0, (bool)0, (bool)0, (bool)1, (bool)0>(Flash_fwd_params)+0xa10
=========     by thread (97,0,0) in block (4,0,6)
=========     Address 0xe274f1910
========= 
========= Uninitialized __global__ memory read of size 16 bytes
=========     at void flash_fwd_kernel<Flash_fwd_kernel_traits<(int)64, (int)128, (int)128, (int)4, (bool)0, (bool)0, cutlass::half_t, Flash_kernel_traits<(int)64, (int)128, (int)128, (int)4, cutlass::half_t>>, (bool)0, (bool)0, (bool)0, (bool)0, (bool)1, (bool)0>(Flash_fwd_params)+0xa10
=========     by thread (98,0,0) in block (4,0,6)
=========     Address 0xe274f1920
========= 
========= Uninitialized __global__ memory read of size 16 bytes
=========     at void flash_fwd_kernel<Flash_fwd_kernel_traits<(int)64, (int)128, (int)128, (int)4, (bool)0, (bool)0, cutlass::half_t, Flash_kernel_traits<(int)64, (int)128, (int)128, (int)4, cutlass::half_t>>, (bool)0, (bool)0, (bool)0, (bool)0, (bool)1, (bool)0>(Flash_fwd_params)+0xa10
=========     by thread (99,0,0) in block (4,0,6)
=========     Address 0xe274f1930
========= 
========= Uninitialized __global__ memory read of size 16 bytes
=========     at void flash_fwd_kernel<Flash_fwd_kernel_traits<(int)64, (int)128, (int)128, (int)4, (bool)0, (bool)0, cutlass::half_t, Flash_kernel_traits<(int)64, (int)128, (int)128, (int)4, cutlass::half_t>>, (bool)0, (bool)0, (bool)0, (bool)0, (bool)1, (bool)0>(Flash_fwd_params)+0xa10
=========     by thread (100,0,0) in block (4,0,6)
=========     Address 0xe274f1940
========= 
========= Uninitialized __global__ memory read of size 16 bytes
=========     at void flash_fwd_kernel<Flash_fwd_kernel_traits<(int)64, (int)128, (int)128, (int)4, (bool)0, (bool)0, cutlass::half_t, Flash_kernel_traits<(int)64, (int)128, (int)128, (int)4, cutlass::half_t>>, (bool)0, (bool)0, (bool)0, (bool)0, (bool)1, (bool)0>(Flash_fwd_params)+0xa10
=========     by thread (101,0,0) in block (4,0,6)
=========     Address 0xe274f1950
========= 
========= Uninitialized __global__ memory read of size 16 bytes
=========     at void flash_fwd_kernel<Flash_fwd_kernel_traits<(int)64, (int)128, (int)128, (int)4, (bool)0, (bool)0, cutlass::half_t, Flash_kernel_traits<(int)64, (int)128, (int)128, (int)4, cutlass::half_t>>, (bool)0, (bool)0, (bool)0, (bool)0, (bool)1, (bool)0>(Flash_fwd_params)+0xa10
=========     by thread (102,0,0) in block (4,0,6)
=========     Address 0xe274f1960
========= 
========= Uninitialized __global__ memory read of size 16 bytes
=========     at void flash_fwd_kernel<Flash_fwd_kernel_traits<(int)64, (int)128, (int)128, (int)4, (bool)0, (bool)0, cutlass::half_t, Flash_kernel_traits<(int)64, (int)128, (int)128, (int)4, cutlass::half_t>>, (bool)0, (bool)0, (bool)0, (bool)0, (bool)1, (bool)0>(Flash_fwd_params)+0xa10
=========     by thread (103,0,0) in block (4,0,6)
=========     Address 0xe274f1970
========= 
========= Uninitialized __global__ memory read of size 16 bytes
=========     at void flash_fwd_kernel<Flash_fwd_kernel_traits<(int)64, (int)128, (int)128, (int)4, (bool)0, (bool)0, cutlass::half_t, Flash_kernel_traits<(int)64, (int)128, (int)128, (int)4, cutlass::half_t>>, (bool)0, (bool)0, (bool)0, (bool)0, (bool)1, (bool)0>(Flash_fwd_params)+0xa10
=========     by thread (104,0,0) in block (4,0,6)
=========     Address 0xe274f1f00
========= 
========= Uninitialized __global__ memory read of size 16 bytes
=========     at void flash_fwd_kernel<Flash_fwd_kernel_traits<(int)64, (int)128, (int)128, (int)4, (bool)0, (bool)0, cutlass::half_t, Flash_kernel_traits<(int)64, (int)128, (int)128, (int)4, cutlass::half_t>>, (bool)0, (bool)0, (bool)0, (bool)0, (bool)1, (bool)0>(Flash_fwd_params)+0xa10
=========     by thread (105,0,0) in block (4,0,6)
=========     Address 0xe274f1f10
========= 
========= Uninitialized __global__ memory read of size 16 bytes
=========     at void flash_fwd_kernel<Flash_fwd_kernel_traits<(int)64, (int)128, (int)128, (int)4, (bool)0, (bool)0, cutlass::half_t, Flash_kernel_traits<(int)64, (int)128, (int)128, (int)4, cutlass::half_t>>, (bool)0, (bool)0, (bool)0, (bool)0, (bool)1, (bool)0>(Flash_fwd_params)+0xa10
=========     by thread (106,0,0) in block (4,0,6)
=========     Address 0xe274f1f20
========= 
========= Uninitialized __global__ memory read of size 16 bytes
=========     at void flash_fwd_kernel<Flash_fwd_kernel_traits<(int)64, (int)128, (int)128, (int)4, (bool)0, (bool)0, cutlass::half_t, Flash_kernel_traits<(int)64, (int)128, (int)128, (int)4, cutlass::half_t>>, (bool)0, (bool)0, (bool)0, (bool)0, (bool)1, (bool)0>(Flash_fwd_params)+0xa10
=========     by thread (107,0,0) in block (4,0,6)
=========     Address 0xe274f1f30
========= 
========= Uninitialized __global__ memory read of size 16 bytes
=========     at void flash_fwd_kernel<Flash_fwd_kernel_traits<(int)64, (int)128, (int)128, (int)4, (bool)0, (bool)0, cutlass::half_t, Flash_kernel_traits<(int)64, (int)128, (int)128, (int)4, cutlass::half_t>>, (bool)0, (bool)0, (bool)0, (bool)0, (bool)1, (bool)0>(Flash_fwd_params)+0xa10
=========     by thread (108,0,0) in block (4,0,6)
=========     Address 0xe274f1f40
========= 
========= Uninitialized __global__ memory read of size 16 bytes
=========     at void flash_fwd_kernel<Flash_fwd_kernel_traits<(int)64, (int)128, (int)128, (int)4, (bool)0, (bool)0, cutlass::half_t, Flash_kernel_traits<(int)64, (int)128, (int)128, (int)4, cutlass::half_t>>, (bool)0, (bool)0, (bool)0, (bool)0, (bool)1, (bool)0>(Flash_fwd_params)+0xa10
=========     by thread (109,0,0) in block (4,0,6)
=========     Address 0xe274f1f50
========= 
========= Uninitialized __global__ memory read of size 16 bytes
=========     at void flash_fwd_kernel<Flash_fwd_kernel_traits<(int)64, (int)128, (int)128, (int)4, (bool)0, (bool)0, cutlass::half_t, Flash_kernel_traits<(int)64, (int)128, (int)128, (int)4, cutlass::half_t>>, (bool)0, (bool)0, (bool)0, (bool)0, (bool)1, (bool)0>(Flash_fwd_params)+0xa10
=========     by thread (110,0,0) in block (4,0,6)
=========     Address 0xe274f1f60
========= 
========= Uninitialized __global__ memory read of size 16 bytes
=========     at void flash_fwd_kernel<Flash_fwd_kernel_traits<(int)64, (int)128, (int)128, (int)4, (bool)0, (bool)0, cutlass::half_t, Flash_kernel_traits<(int)64, (int)128, (int)128, (int)4, cutlass::half_t>>, (bool)0, (bool)0, (bool)0, (bool)0, (bool)1, (bool)0>(Flash_fwd_params)+0xa10
=========     by thread (111,0,0) in block (4,0,6)
=========     Address 0xe274f1f70
========= 
========= Uninitialized __global__ memory read of size 16 bytes
=========     at void flash_fwd_kernel<Flash_fwd_kernel_traits<(int)64, (int)128, (int)128, (int)4, (bool)0, (bool)0, cutlass::half_t, Flash_kernel_traits<(int)64, (int)128, (int)128, (int)4, cutlass::half_t>>, (bool)0, (bool)0, (bool)0, (bool)0, (bool)1, (bool)0>(Flash_fwd_params)+0xa10
=========     by thread (112,0,0) in block (4,0,6)
=========     Address 0xe274f2500
========= 
========= Uninitialized __global__ memory read of size 16 bytes
=========     at void flash_fwd_kernel<Flash_fwd_kernel_traits<(int)64, (int)128, (int)128, (int)4, (bool)0, (bool)0, cutlass::half_t, Flash_kernel_traits<(int)64, (int)128, (int)128, (int)4, cutlass::half_t>>, (bool)0, (bool)0, (bool)0, (bool)0, (bool)1, (bool)0>(Flash_fwd_params)+0xa10
=========     by thread (113,0,0) in block (4,0,6)
=========     Address 0xe274f2510
========= 
========= Uninitialized __global__ memory read of size 16 bytes
=========     at void flash_fwd_kernel<Flash_fwd_kernel_traits<(int)64, (int)128, (int)128, (int)4, (bool)0, (bool)0, cutlass::half_t, Flash_kernel_traits<(int)64, (int)128, (int)128, (int)4, cutlass::half_t>>, (bool)0, (bool)0, (bool)0, (bool)0, (bool)1, (bool)0>(Flash_fwd_params)+0xa10
=========     by thread (114,0,0) in block (4,0,6)
=========     Address 0xe274f2520
========= 
========= Uninitialized __global__ memory read of size 16 bytes
=========     at void flash_fwd_kernel<Flash_fwd_kernel_traits<(int)64, (int)128, (int)128, (int)4, (bool)0, (bool)0, cutlass::half_t, Flash_kernel_traits<(int)64, (int)128, (int)128, (int)4, cutlass::half_t>>, (bool)0, (bool)0, (bool)0, (bool)0, (bool)1, (bool)0>(Flash_fwd_params)+0xa10
=========     by thread (115,0,0) in block (4,0,6)
=========     Address 0xe274f2530
========= 
========= Uninitialized __global__ memory read of size 16 bytes
=========     at void flash_fwd_kernel<Flash_fwd_kernel_traits<(int)64, (int)128, (int)128, (int)4, (bool)0, (bool)0, cutlass::half_t, Flash_kernel_traits<(int)64, (int)128, (int)128, (int)4, cutlass::half_t>>, (bool)0, (bool)0, (bool)0, (bool)0, (bool)1, (bool)0>(Flash_fwd_params)+0xa10
=========     by thread (116,0,0) in block (4,0,6)
=========     Address 0xe274f2540
========= 
========= Uninitialized __global__ memory read of size 16 bytes
=========     at void flash_fwd_kernel<Flash_fwd_kernel_traits<(int)64, (int)128, (int)128, (int)4, (bool)0, (bool)0, cutlass::half_t, Flash_kernel_traits<(int)64, (int)128, (int)128, (int)4, cutlass::half_t>>, (bool)0, (bool)0, (bool)0, (bool)0, (bool)1, (bool)0>(Flash_fwd_params)+0xa10
=========     by thread (117,0,0) in block (4,0,6)
=========     Address 0xe274f2550
========= 
========= Uninitialized __global__ memory read of size 16 bytes
=========     at void flash_fwd_kernel<Flash_fwd_kernel_traits<(int)64, (int)128, (int)128, (int)4, (bool)0, (bool)0, cutlass::half_t, Flash_kernel_traits<(int)64, (int)128, (int)128, (int)4, cutlass::half_t>>, (bool)0, (bool)0, (bool)0, (bool)0, (bool)1, (bool)0>(Flash_fwd_params)+0xa10
=========     by thread (118,0,0) in block (4,0,6)
=========     Address 0xe274f2560
========= 
========= Uninitialized __global__ memory read of size 16 bytes
=========     at void flash_fwd_kernel<Flash_fwd_kernel_traits<(int)64, (int)128, (int)128, (int)4, (bool)0, (bool)0, cutlass::half_t, Flash_kernel_traits<(int)64, (int)128, (int)128, (int)4, cutlass::half_t>>, (bool)0, (bool)0, (bool)0, (bool)0, (bool)1, (bool)0>(Flash_fwd_params)+0xa10
=========     by thread (119,0,0) in block (4,0,6)
=========     Address 0xe274f2570
========= 
========= Uninitialized __global__ memory read of size 16 bytes
=========     at void flash_fwd_kernel<Flash_fwd_kernel_traits<(int)64, (int)128, (int)128, (int)4, (bool)0, (bool)0, cutlass::half_t, Flash_kernel_traits<(int)64, (int)128, (int)128, (int)4, cutlass::half_t>>, (bool)0, (bool)0, (bool)0, (bool)0, (bool)1, (bool)0>(Flash_fwd_params)+0xa10
=========     by thread (120,0,0) in block (4,0,6)
=========     Address 0xe274f2b00
========= 
========= Uninitialized __global__ memory read of size 16 bytes
=========     at void flash_fwd_kernel<Flash_fwd_kernel_traits<(int)64, (int)128, (int)128, (int)4, (bool)0, (bool)0, cutlass::half_t, Flash_kernel_traits<(int)64, (int)128, (int)128, (int)4, cutlass::half_t>>, (bool)0, (bool)0, (bool)0, (bool)0, (bool)1, (bool)0>(Flash_fwd_params)+0xa10
=========     by thread (121,0,0) in block (4,0,6)
=========     Address 0xe274f2b10
========= 
========= Uninitialized __global__ memory read of size 16 bytes
=========     at void flash_fwd_kernel<Flash_fwd_kernel_traits<(int)64, (int)128, (int)128, (int)4, (bool)0, (bool)0, cutlass::half_t, Flash_kernel_traits<(int)64, (int)128, (int)128, (int)4, cutlass::half_t>>, (bool)0, (bool)0, (bool)0, (bool)0, (bool)1, (bool)0>(Flash_fwd_params)+0xa10
=========     by thread (122,0,0) in block (4,0,6)
=========     Address 0xe274f2b20
========= 
========= Uninitialized __global__ memory read of size 16 bytes
=========     at void flash_fwd_kernel<Flash_fwd_kernel_traits<(int)64, (int)128, (int)128, (int)4, (bool)0, (bool)0, cutlass::half_t, Flash_kernel_traits<(int)64, (int)128, (int)128, (int)4, cutlass::half_t>>, (bool)0, (bool)0, (bool)0, (bool)0, (bool)1, (bool)0>(Flash_fwd_params)+0xa10
=========     by thread (123,0,0) in block (4,0,6)
=========     Address 0xe274f2b30
========= 
========= Uninitialized __global__ memory read of size 16 bytes
=========     at void flash_fwd_kernel<Flash_fwd_kernel_traits<(int)64, (int)128, (int)128, (int)4, (bool)0, (bool)0, cutlass::half_t, Flash_kernel_traits<(int)64, (int)128, (int)128, (int)4, cutlass::half_t>>, (bool)0, (bool)0, (bool)0, (bool)0, (bool)1, (bool)0>(Flash_fwd_params)+0xa10
=========     by thread (124,0,0) in block (4,0,6)
=========     Address 0xe274f2b40
========= 
========= Uninitialized __global__ memory read of size 16 bytes
=========     at void flash_fwd_kernel<Flash_fwd_kernel_traits<(int)64, (int)128, (int)128, (int)4, (bool)0, (bool)0, cutlass::half_t, Flash_kernel_traits<(int)64, (int)128, (int)128, (int)4, cutlass::half_t>>, (bool)0, (bool)0, (bool)0, (bool)0, (bool)1, (bool)0>(Flash_fwd_params)+0xa10
=========     by thread (125,0,0) in block (4,0,6)
=========     Address 0xe274f2b50
========= 
========= Uninitialized __global__ memory read of size 16 bytes
=========     at void flash_fwd_kernel<Flash_fwd_kernel_traits<(int)64, (int)128, (int)128, (int)4, (bool)0, (bool)0, cutlass::half_t, Flash_kernel_traits<(int)64, (int)128, (int)128, (int)4, cutlass::half_t>>, (bool)0, (bool)0, (bool)0, (bool)0, (bool)1, (bool)0>(Flash_fwd_params)+0xa10
=========     by thread (126,0,0) in block (4,0,6)
=========     Address 0xe274f2b60
========= 
========= Uninitialized __global__ memory read of size 16 bytes
=========     at void flash_fwd_kernel<Flash_fwd_kernel_traits<(int)64, (int)128, (int)128, (int)4, (bool)0, (bool)0, cutlass::half_t, Flash_kernel_traits<(int)64, (int)128, (int)128, (int)4, cutlass::half_t>>, (bool)0, (bool)0, (bool)0, (bool)0, (bool)1, (bool)0>(Flash_fwd_params)+0xa10
=========     by thread (127,0,0) in block (4,0,6)
=========     Address 0xe274f2b70
========= 
========= Uninitialized __global__ memory read of size 16 bytes
=========     at void flash_fwd_kernel<Flash_fwd_kernel_traits<(int)64, (int)128, (int)128, (int)4, (bool)0, (bool)0, cutlass::half_t, Flash_kernel_traits<(int)64, (int)128, (int)128, (int)4, cutlass::half_t>>, (bool)0, (bool)0, (bool)0, (bool)0, (bool)1, (bool)0>(Flash_fwd_params)+0xa10
=========     by thread (64,0,0) in block (4,0,6)
=========     Address 0xe274f0100
========= 
========= Uninitialized __global__ memory read of size 16 bytes
=========     at void flash_fwd_kernel<Flash_fwd_kernel_traits<(int)64, (int)128, (int)128, (int)4, (bool)0, (bool)0, cutlass::half_t, Flash_kernel_traits<(int)64, (int)128, (int)128, (int)4, cutlass::half_t>>, (bool)0, (bool)0, (bool)0, (bool)0, (bool)1, (bool)0>(Flash_fwd_params)+0xa10
=========     by thread (65,0,0) in block (4,0,6)
=========     Address 0xe274f0110
========= 
========= Uninitialized __global__ memory read of size 16 bytes
=========     at void flash_fwd_kernel<Flash_fwd_kernel_traits<(int)64, (int)128, (int)128, (int)4, (bool)0, (bool)0, cutlass::half_t, Flash_kernel_traits<(int)64, (int)128, (int)128, (int)4, cutlass::half_t>>, (bool)0, (bool)0, (bool)0, (bool)0, (bool)1, (bool)0>(Flash_fwd_params)+0xa10
=========     by thread (66,0,0) in block (4,0,6)
=========     Address 0xe274f0120
========= 
========= Uninitialized __global__ memory read of size 16 bytes
=========     at void flash_fwd_kernel<Flash_fwd_kernel_traits<(int)64, (int)128, (int)128, (int)4, (bool)0, (bool)0, cutlass::half_t, Flash_kernel_traits<(int)64, (int)128, (int)128, (int)4, cutlass::half_t>>, (bool)0, (bool)0, (bool)0, (bool)0, (bool)1, (bool)0>(Flash_fwd_params)+0xa10
=========     by thread (67,0,0) in block (4,0,6)
=========     Address 0xe274f0130
========= 
========= Uninitialized __global__ memory read of size 16 bytes
=========     at void flash_fwd_kernel<Flash_fwd_kernel_traits<(int)64, (int)128, (int)128, (int)4, (bool)0, (bool)0, cutlass::half_t, Flash_kernel_traits<(int)64, (int)128, (int)128, (int)4, cutlass::half_t>>, (bool)0, (bool)0, (bool)0, (bool)0, (bool)1, (bool)0>(Flash_fwd_params)+0xa10
=========     by thread (68,0,0) in block (4,0,6)
=========     Address 0xe274f0140
========= 
========= Uninitialized __global__ memory read of size 16 bytes
=========     at void flash_fwd_kernel<Flash_fwd_kernel_traits<(int)64, (int)128, (int)128, (int)4, (bool)0, (bool)0, cutlass::half_t, Flash_kernel_traits<(int)64, (int)128, (int)128, (int)4, cutlass::half_t>>, (bool)0, (bool)0, (bool)0, (bool)0, (bool)1, (bool)0>(Flash_fwd_params)+0xa10
=========     by thread (69,0,0) in block (4,0,6)
=========     Address 0xe274f0150
========= 
========= Uninitialized __global__ memory read of size 16 bytes
=========     at void flash_fwd_kernel<Flash_fwd_kernel_traits<(int)64, (int)128, (int)128, (int)4, (bool)0, (bool)0, cutlass::half_t, Flash_kernel_traits<(int)64, (int)128, (int)128, (int)4, cutlass::half_t>>, (bool)0, (bool)0, (bool)0, (bool)0, (bool)1, (bool)0>(Flash_fwd_params)+0xa10
=========     by thread (70,0,0) in block (4,0,6)
=========     Address 0xe274f0160
========= 
========= Uninitialized __global__ memory read of size 16 bytes
=========     at void flash_fwd_kernel<Flash_fwd_kernel_traits<(int)64, (int)128, (int)128, (int)4, (bool)0, (bool)0, cutlass::half_t, Flash_kernel_traits<(int)64, (int)128, (int)128, (int)4, cutlass::half_t>>, (bool)0, (bool)0, (bool)0, (bool)0, (bool)1, (bool)0>(Flash_fwd_params)+0xa10
=========     by thread (71,0,0) in block (4,0,6)
=========     Address 0xe274f0170
========= 
========= Uninitialized __global__ memory read of size 16 bytes
=========     at void flash_fwd_kernel<Flash_fwd_kernel_traits<(int)64, (int)128, (int)128, (int)4, (bool)0, (bool)0, cutlass::half_t, Flash_kernel_traits<(int)64, (int)128, (int)128, (int)4, cutlass::half_t>>, (bool)0, (bool)0, (bool)0, (bool)0, (bool)1, (bool)0>(Flash_fwd_params)+0xa10
=========     by thread (72,0,0) in block (4,0,6)
=========     Address 0xe274f0700
========= 
========= Uninitialized __global__ memory read of size 16 bytes
=========     at void flash_fwd_kernel<Flash_fwd_kernel_traits<(int)64, (int)128, (int)128, (int)4, (bool)0, (bool)0, cutlass::half_t, Flash_kernel_traits<(int)64, (int)128, (int)128, (int)4, cutlass::half_t>>, (bool)0, (bool)0, (bool)0, (bool)0, (bool)1, (bool)0>(Flash_fwd_params)+0xa10
=========     by thread (73,0,0) in block (4,0,6)
=========     Address 0xe274f0710
========= 
========= Uninitialized __global__ memory read of size 16 bytes
=========     at void flash_fwd_kernel<Flash_fwd_kernel_traits<(int)64, (int)128, (int)128, (int)4, (bool)0, (bool)0, cutlass::half_t, Flash_kernel_traits<(int)64, (int)128, (int)128, (int)4, cutlass::half_t>>, (bool)0, (bool)0, (bool)0, (bool)0, (bool)1, (bool)0>(Flash_fwd_params)+0xa10
=========     by thread (74,0,0) in block (4,0,6)
=========     Address 0xe274f0720
========= 
========= Uninitialized __global__ memory read of size 16 bytes
=========     at void flash_fwd_kernel<Flash_fwd_kernel_traits<(int)64, (int)128, (int)128, (int)4, (bool)0, (bool)0, cutlass::half_t, Flash_kernel_traits<(int)64, (int)128, (int)128, (int)4, cutlass::half_t>>, (bool)0, (bool)0, (bool)0, (bool)0, (bool)1, (bool)0>(Flash_fwd_params)+0xa10
=========     by thread (75,0,0) in block (4,0,6)
=========     Address 0xe274f0730
========= 
========= Uninitialized __global__ memory read of size 16 bytes
=========     at void flash_fwd_kernel<Flash_fwd_kernel_traits<(int)64, (int)128, (int)128, (int)4, (bool)0, (bool)0, cutlass::half_t, Flash_kernel_traits<(int)64, (int)128, (int)128, (int)4, cutlass::half_t>>, (bool)0, (bool)0, (bool)0, (bool)0, (bool)1, (bool)0>(Flash_fwd_params)+0xa10
=========     by thread (76,0,0) in block (4,0,6)
=========     Address 0xe274f0740
========= 
========= Uninitialized __global__ memory read of size 16 bytes
=========     at void flash_fwd_kernel<Flash_fwd_kernel_traits<(int)64, (int)128, (int)128, (int)4, (bool)0, (bool)0, cutlass::half_t, Flash_kernel_traits<(int)64, (int)128, (int)128, (int)4, cutlass::half_t>>, (bool)0, (bool)0, (bool)0, (bool)0, (bool)1, (bool)0>(Flash_fwd_params)+0xa10
=========     by thread (77,0,0) in block (4,0,6)
=========     Address 0xe274f0750
========= 
========= Uninitialized __global__ memory read of size 16 bytes
=========     at void flash_fwd_kernel<Flash_fwd_kernel_traits<(int)64, (int)128, (int)128, (int)4, (bool)0, (bool)0, cutlass::half_t, Flash_kernel_traits<(int)64, (int)128, (int)128, (int)4, cutlass::half_t>>, (bool)0, (bool)0, (bool)0, (bool)0, (bool)1, (bool)0>(Flash_fwd_params)+0xa10
=========     by thread (78,0,0) in block (4,0,6)
=========     Address 0xe274f0760
========= 
========= Uninitialized __global__ memory read of size 16 bytes
=========     at void flash_fwd_kernel<Flash_fwd_kernel_traits<(int)64, (int)128, (int)128, (int)4, (bool)0, (bool)0, cutlass::half_t, Flash_kernel_traits<(int)64, (int)128, (int)128, (int)4, cutlass::half_t>>, (bool)0, (bool)0, (bool)0, (bool)0, (bool)1, (bool)0>(Flash_fwd_params)+0xa10
=========     by thread (79,0,0) in block (4,0,6)
=========     Address 0xe274f0770
========= 
========= Uninitialized __global__ memory read of size 16 bytes
=========     at void flash_fwd_kernel<Flash_fwd_kernel_traits<(int)64, (int)128, (int)128, (int)4, (bool)0, (bool)0, cutlass::half_t, Flash_kernel_traits<(int)64, (int)128, (int)128, (int)4, cutlass::half_t>>, (bool)0, (bool)0, (bool)0, (bool)0, (bool)1, (bool)0>(Flash_fwd_params)+0xa10
=========     by thread (80,0,0) in block (4,0,6)
=========     Address 0xe274f0d00
========= 
========= Uninitialized __global__ memory read of size 16 bytes
=========     at void flash_fwd_kernel<Flash_fwd_kernel_traits<(int)64, (int)128, (int)128, (int)4, (bool)0, (bool)0, cutlass::half_t, Flash_kernel_traits<(int)64, (int)128, (int)128, (int)4, cutlass::half_t>>, (bool)0, (bool)0, (bool)0, (bool)0, (bool)1, (bool)0>(Flash_fwd_params)+0xa10
=========     by thread (81,0,0) in block (4,0,6)
=========     Address 0xe274f0d10
========= 
========= Uninitialized __global__ memory read of size 16 bytes
=========     at void flash_fwd_kernel<Flash_fwd_kernel_traits<(int)64, (int)128, (int)128, (int)4, (bool)0, (bool)0, cutlass::half_t, Flash_kernel_traits<(int)64, (int)128, (int)128, (int)4, cutlass::half_t>>, (bool)0, (bool)0, (bool)0, (bool)0, (bool)1, (bool)0>(Flash_fwd_params)+0xa10
=========     by thread (82,0,0) in block (4,0,6)
=========     Address 0xe274f0d20
========= 
========= Uninitialized __global__ memory read of size 16 bytes
=========     at void flash_fwd_kernel<Flash_fwd_kernel_traits<(int)64, (int)128, (int)128, (int)4, (bool)0, (bool)0, cutlass::half_t, Flash_kernel_traits<(int)64, (int)128, (int)128, (int)4, cutlass::half_t>>, (bool)0, (bool)0, (bool)0, (bool)0, (bool)1, (bool)0>(Flash_fwd_params)+0xa10
=========     by thread (83,0,0) in block (4,0,6)
=========     Address 0xe274f0d30
========= 
========= Uninitialized __global__ memory read of size 16 bytes
=========     at void flash_fwd_kernel<Flash_fwd_kernel_traits<(int)64, (int)128, (int)128, (int)4, (bool)0, (bool)0, cutlass::half_t, Flash_kernel_traits<(int)64, (int)128, (int)128, (int)4, cutlass::half_t>>, (bool)0, (bool)0, (bool)0, (bool)0, (bool)1, (bool)0>(Flash_fwd_params)+0xa10
=========     by thread (84,0,0) in block (4,0,6)
=========     Address 0xe274f0d40
========= 
========= Uninitialized __global__ memory read of size 16 bytes
=========     at void flash_fwd_kernel<Flash_fwd_kernel_traits<(int)64, (int)128, (int)128, (int)4, (bool)0, (bool)0, cutlass::half_t, Flash_kernel_traits<(int)64, (int)128, (int)128, (int)4, cutlass::half_t>>, (bool)0, (bool)0, (bool)0, (bool)0, (bool)1, (bool)0>(Flash_fwd_params)+0xa10
=========     by thread (85,0,0) in block (4,0,6)
=========     Address 0xe274f0d50
========= 
========= Uninitialized __global__ memory read of size 16 bytes
=========     at void flash_fwd_kernel<Flash_fwd_kernel_traits<(int)64, (int)128, (int)128, (int)4, (bool)0, (bool)0, cutlass::half_t, Flash_kernel_traits<(int)64, (int)128, (int)128, (int)4, cutlass::half_t>>, (bool)0, (bool)0, (bool)0, (bool)0, (bool)1, (bool)0>(Flash_fwd_params)+0xa10
=========     by thread (86,0,0) in block (4,0,6)
=========     Address 0xe274f0d60
========= 
========= Uninitialized __global__ memory read of size 16 bytes
=========     at void flash_fwd_kernel<Flash_fwd_kernel_traits<(int)64, (int)128, (int)128, (int)4, (bool)0, (bool)0, cutlass::half_t, Flash_kernel_traits<(int)64, (int)128, (int)128, (int)4, cutlass::half_t>>, (bool)0, (bool)0, (bool)0, (bool)0, (bool)1, (bool)0>(Flash_fwd_params)+0xa10
=========     by thread (96,0,0) in block (3,0,6)
=========     Address 0xe274c1900
========= 
========= Uninitialized __global__ memory read of size 16 bytes
=========     at void flash_fwd_kernel<Flash_fwd_kernel_traits<(int)64, (int)128, (int)128, (int)4, (bool)0, (bool)0, cutlass::half_t, Flash_kernel_traits<(int)64, (int)128, (int)128, (int)4, cutlass::half_t>>, (bool)0, (bool)0, (bool)0, (bool)0, (bool)1, (bool)0>(Flash_fwd_params)+0xa10
=========     by thread (97,0,0) in block (3,0,6)
=========     Address 0xe274c1910
========= 
========= Uninitialized __global__ memory read of size 16 bytes
=========     at void flash_fwd_kernel<Flash_fwd_kernel_traits<(int)64, (int)128, (int)128, (int)4, (bool)0, (bool)0, cutlass::half_t, Flash_kernel_traits<(int)64, (int)128, (int)128, (int)4, cutlass::half_t>>, (bool)0, (bool)0, (bool)0, (bool)0, (bool)1, (bool)0>(Flash_fwd_params)+0xa10
=========     by thread (98,0,0) in block (3,0,6)
=========     Address 0xe274c1920
========= 
========= Uninitialized __global__ memory read of size 16 bytes
=========     at void flash_fwd_kernel<Flash_fwd_kernel_traits<(int)64, (int)128, (int)128, (int)4, (bool)0, (bool)0, cutlass::half_t, Flash_kernel_traits<(int)64, (int)128, (int)128, (int)4, cutlass::half_t>>, (bool)0, (bool)0, (bool)0, (bool)0, (bool)1, (bool)0>(Flash_fwd_params)+0xa10
=========     by thread (99,0,0) in block (3,0,6)
=========     Address 0xe274c1930
========= 
========= Uninitialized __global__ memory read of size 16 bytes
=========     at void flash_fwd_kernel<Flash_fwd_kernel_traits<(int)64, (int)128, (int)128, (int)4, (bool)0, (bool)0, cutlass::half_t, Flash_kernel_traits<(int)64, (int)128, (int)128, (int)4, cutlass::half_t>>, (bool)0, (bool)0, (bool)0, (bool)0, (bool)1, (bool)0>(Flash_fwd_params)+0xa10
=========     by thread (100,0,0) in block (3,0,6)
=========     Address 0xe274c1940
========= 
========= Uninitialized __global__ memory read of size 16 bytes
=========     at void flash_fwd_kernel<Flash_fwd_kernel_traits<(int)64, (int)128, (int)128, (int)4, (bool)0, (bool)0, cutlass::half_t, Flash_kernel_traits<(int)64, (int)128, (int)128, (int)4, cutlass::half_t>>, (bool)0, (bool)0, (bool)0, (bool)0, (bool)1, (bool)0>(Flash_fwd_params)+0xa10
=========     by thread (101,0,0) in block (3,0,6)
=========     Address 0xe274c1950
========= 
========= Uninitialized __global__ memory read of size 16 bytes
=========     at void flash_fwd_kernel<Flash_fwd_kernel_traits<(int)64, (int)128, (int)128, (int)4, (bool)0, (bool)0, cutlass::half_t, Flash_kernel_traits<(int)64, (int)128, (int)128, (int)4, cutlass::half_t>>, (bool)0, (bool)0, (bool)0, (bool)0, (bool)1, (bool)0>(Flash_fwd_params)+0xa10
=========     by thread (102,0,0) in block (3,0,6)
=========     Address 0xe274c1960
========= 
========= Uninitialized __global__ memory read of size 16 bytes
=========     at void flash_fwd_kernel<Flash_fwd_kernel_traits<(int)64, (int)128, (int)128, (int)4, (bool)0, (bool)0, cutlass::half_t, Flash_kernel_traits<(int)64, (int)128, (int)128, (int)4, cutlass::half_t>>, (bool)0, (bool)0, (bool)0, (bool)0, (bool)1, (bool)0>(Flash_fwd_params)+0xa10
=========     by thread (103,0,0) in block (3,0,6)
=========     Address 0xe274c1970
========= 
========= Uninitialized __global__ memory read of size 16 bytes
=========     at void flash_fwd_kernel<Flash_fwd_kernel_traits<(int)64, (int)128, (int)128, (int)4, (bool)0, (bool)0, cutlass::half_t, Flash_kernel_traits<(int)64, (int)128, (int)128, (int)4, cutlass::half_t>>, (bool)0, (bool)0, (bool)0, (bool)0, (bool)1, (bool)0>(Flash_fwd_params)+0xa10
=========     by thread (104,0,0) in block (3,0,6)
=========     Address 0xe274c1f00
========= 
========= Uninitialized __global__ memory read of size 16 bytes
=========     at void flash_fwd_kernel<Flash_fwd_kernel_traits<(int)64, (int)128, (int)128, (int)4, (bool)0, (bool)0, cutlass::half_t, Flash_kernel_traits<(int)64, (int)128, (int)128, (int)4, cutlass::half_t>>, (bool)0, (bool)0, (bool)0, (bool)0, (bool)1, (bool)0>(Flash_fwd_params)+0xa10
=========     by thread (105,0,0) in block (3,0,6)
=========     Address 0xe274c1f10
========= 
========= Uninitialized __global__ memory read of size 16 bytes
=========     at void flash_fwd_kernel<Flash_fwd_kernel_traits<(int)64, (int)128, (int)128, (int)4, (bool)0, (bool)0, cutlass::half_t, Flash_kernel_traits<(int)64, (int)128, (int)128, (int)4, cutlass::half_t>>, (bool)0, (bool)0, (bool)0, (bool)0, (bool)1, (bool)0>(Flash_fwd_params)+0xa10
=========     by thread (106,0,0) in block (3,0,6)
=========     Address 0xe274c1f20
========= 
========= Uninitialized __global__ memory read of size 16 bytes
=========     at void flash_fwd_kernel<Flash_fwd_kernel_traits<(int)64, (int)128, (int)128, (int)4, (bool)0, (bool)0, cutlass::half_t, Flash_kernel_traits<(int)64, (int)128, (int)128, (int)4, cutlass::half_t>>, (bool)0, (bool)0, (bool)0, (bool)0, (bool)1, (bool)0>(Flash_fwd_params)+0xa10
=========     by thread (107,0,0) in block (3,0,6)
=========     Address 0xe274c1f30
========= 
========= Uninitialized __global__ memory read of size 16 bytes
=========     at void flash_fwd_kernel<Flash_fwd_kernel_traits<(int)64, (int)128, (int)128, (int)4, (bool)0, (bool)0, cutlass::half_t, Flash_kernel_traits<(int)64, (int)128, (int)128, (int)4, cutlass::half_t>>, (bool)0, (bool)0, (bool)0, (bool)0, (bool)1, (bool)0>(Flash_fwd_params)+0xa10
=========     by thread (108,0,0) in block (3,0,6)
=========     Address 0xe274c1f40
========= 
========= Uninitialized __global__ memory read of size 16 bytes
=========     at void flash_fwd_kernel<Flash_fwd_kernel_traits<(int)64, (int)128, (int)128, (int)4, (bool)0, (bool)0, cutlass::half_t, Flash_kernel_traits<(int)64, (int)128, (int)128, (int)4, cutlass::half_t>>, (bool)0, (bool)0, (bool)0, (bool)0, (bool)1, (bool)0>(Flash_fwd_params)+0xa10
=========     by thread (109,0,0) in block (3,0,6)
=========     Address 0xe274c1f50
========= 
========= Uninitialized __global__ memory read of size 16 bytes
=========     at void flash_fwd_kernel<Flash_fwd_kernel_traits<(int)64, (int)128, (int)128, (int)4, (bool)0, (bool)0, cutlass::half_t, Flash_kernel_traits<(int)64, (int)128, (int)128, (int)4, cutlass::half_t>>, (bool)0, (bool)0, (bool)0, (bool)0, (bool)1, (bool)0>(Flash_fwd_params)+0xa10
=========     by thread (110,0,0) in block (3,0,6)
=========     Address 0xe274c1f60
========= 
========= Uninitialized __global__ memory read of size 16 bytes
=========     at void flash_fwd_kernel<Flash_fwd_kernel_traits<(int)64, (int)128, (int)128, (int)4, (bool)0, (bool)0, cutlass::half_t, Flash_kernel_traits<(int)64, (int)128, (int)128, (int)4, cutlass::half_t>>, (bool)0, (bool)0, (bool)0, (bool)0, (bool)1, (bool)0>(Flash_fwd_params)+0xa10
=========     by thread (111,0,0) in block (3,0,6)
=========     Address 0xe274c1f70
========= 
========= Uninitialized __global__ memory read of size 16 bytes
=========     at void flash_fwd_kernel<Flash_fwd_kernel_traits<(int)64, (int)128, (int)128, (int)4, (bool)0, (bool)0, cutlass::half_t, Flash_kernel_traits<(int)64, (int)128, (int)128, (int)4, cutlass::half_t>>, (bool)0, (bool)0, (bool)0, (bool)0, (bool)1, (bool)0>(Flash_fwd_params)+0xa10
=========     by thread (112,0,0) in block (3,0,6)
=========     Address 0xe274c2500
========= 
========= Uninitialized __global__ memory read of size 16 bytes
=========     at void flash_fwd_kernel<Flash_fwd_kernel_traits<(int)64, (int)128, (int)128, (int)4, (bool)0, (bool)0, cutlass::half_t, Flash_kernel_traits<(int)64, (int)128, (int)128, (int)4, cutlass::half_t>>, (bool)0, (bool)0, (bool)0, (bool)0, (bool)1, (bool)0>(Flash_fwd_params)+0xa10
=========     by thread (113,0,0) in block (3,0,6)
=========     Address 0xe274c2510
========= 
========= Uninitialized __global__ memory read of size 16 bytes
=========     at void flash_fwd_kernel<Flash_fwd_kernel_traits<(int)64, (int)128, (int)128, (int)4, (bool)0, (bool)0, cutlass::half_t, Flash_kernel_traits<(int)64, (int)128, (int)128, (int)4, cutlass::half_t>>, (bool)0, (bool)0, (bool)0, (bool)0, (bool)1, (bool)0>(Flash_fwd_params)+0xa10
=========     by thread (114,0,0) in block (3,0,6)
=========     Address 0xe274c2520
========= 
========= Uninitialized __global__ memory read of size 16 bytes
=========     at void flash_fwd_kernel<Flash_fwd_kernel_traits<(int)64, (int)128, (int)128, (int)4, (bool)0, (bool)0, cutlass::half_t, Flash_kernel_traits<(int)64, (int)128, (int)128, (int)4, cutlass::half_t>>, (bool)0, (bool)0, (bool)0, (bool)0, (bool)1, (bool)0>(Flash_fwd_params)+0xa10
=========     by thread (115,0,0) in block (3,0,6)
=========     Address 0xe274c2530
========= 
========= Uninitialized __global__ memory read of size 16 bytes
=========     at void flash_fwd_kernel<Flash_fwd_kernel_traits<(int)64, (int)128, (int)128, (int)4, (bool)0, (bool)0, cutlass::half_t, Flash_kernel_traits<(int)64, (int)128, (int)128, (int)4, cutlass::half_t>>, (bool)0, (bool)0, (bool)0, (bool)0, (bool)1, (bool)0>(Flash_fwd_params)+0xa10
=========     by thread (116,0,0) in block (3,0,6)
=========     Address 0xe274c2540
========= 
========= Uninitialized __global__ memory read of size 16 bytes
=========     at void flash_fwd_kernel<Flash_fwd_kernel_traits<(int)64, (int)128, (int)128, (int)4, (bool)0, (bool)0, cutlass::half_t, Flash_kernel_traits<(int)64, (int)128, (int)128, (int)4, cutlass::half_t>>, (bool)0, (bool)0, (bool)0, (bool)0, (bool)1, (bool)0>(Flash_fwd_params)+0xa10
=========     by thread (117,0,0) in block (3,0,6)
=========     Address 0xe274c2550
========= 
========= Uninitialized __global__ memory read of size 16 bytes
=========     at void flash_fwd_kernel<Flash_fwd_kernel_traits<(int)64, (int)128, (int)128, (int)4, (bool)0, (bool)0, cutlass::half_t, Flash_kernel_traits<(int)64, (int)128, (int)128, (int)4, cutlass::half_t>>, (bool)0, (bool)0, (bool)0, (bool)0, (bool)1, (bool)0>(Flash_fwd_params)+0xa10
=========     by thread (118,0,0) in block (3,0,6)
=========     Address 0xe274c2560
========= 
========= Uninitialized __global__ memory read of size 16 bytes
=========     at void flash_fwd_kernel<Flash_fwd_kernel_traits<(int)64, (int)128, (int)128, (int)4, (bool)0, (bool)0, cutlass::half_t, Flash_kernel_traits<(int)64, (int)128, (int)128, (int)4, cutlass::half_t>>, (bool)0, (bool)0, (bool)0, (bool)0, (bool)1, (bool)0>(Flash_fwd_params)+0xa10
=========     by thread (119,0,0) in block (3,0,6)
=========     Address 0xe274c2570
========= 
========= Uninitialized __global__ memory read of size 16 bytes
=========     at void flash_fwd_kernel<Flash_fwd_kernel_traits<(int)64, (int)128, (int)128, (int)4, (bool)0, (bool)0, cutlass::half_t, Flash_kernel_traits<(int)64, (int)128, (int)128, (int)4, cutlass::half_t>>, (bool)0, (bool)0, (bool)0, (bool)0, (bool)1, (bool)0>(Flash_fwd_params)+0xa10
=========     by thread (120,0,0) in block (3,0,6)
=========     Address 0xe274c2b00
========= 
========= Uninitialized __global__ memory read of size 16 bytes
=========     at void flash_fwd_kernel<Flash_fwd_kernel_traits<(int)64, (int)128, (int)128, (int)4, (bool)0, (bool)0, cutlass::half_t, Flash_kernel_traits<(int)64, (int)128, (int)128, (int)4, cutlass::half_t>>, (bool)0, (bool)0, (bool)0, (bool)0, (bool)1, (bool)0>(Flash_fwd_params)+0xa10
=========     by thread (121,0,0) in block (3,0,6)
=========     Address 0xe274c2b10
========= 
========= Uninitialized __global__ memory read of size 16 bytes
=========     at void flash_fwd_kernel<Flash_fwd_kernel_traits<(int)64, (int)128, (int)128, (int)4, (bool)0, (bool)0, cutlass::half_t, Flash_kernel_traits<(int)64, (int)128, (int)128, (int)4, cutlass::half_t>>, (bool)0, (bool)0, (bool)0, (bool)0, (bool)1, (bool)0>(Flash_fwd_params)+0xa10
=========     by thread (122,0,0) in block (3,0,6)
=========     Address 0xe274c2b20
========= 
========= Uninitialized __global__ memory read of size 16 bytes
=========     at void flash_fwd_kernel<Flash_fwd_kernel_traits<(int)64, (int)128, (int)128, (int)4, (bool)0, (bool)0, cutlass::half_t, Flash_kernel_traits<(int)64, (int)128, (int)128, (int)4, cutlass::half_t>>, (bool)0, (bool)0, (bool)0, (bool)0, (bool)1, (bool)0>(Flash_fwd_params)+0xa10
=========     by thread (123,0,0) in block (3,0,6)
=========     Address 0xe274c2b30
========= 
========= Uninitialized __global__ memory read of size 16 bytes
=========     at void flash_fwd_kernel<Flash_fwd_kernel_traits<(int)64, (int)128, (int)128, (int)4, (bool)0, (bool)0, cutlass::half_t, Flash_kernel_traits<(int)64, (int)128, (int)128, (int)4, cutlass::half_t>>, (bool)0, (bool)0, (bool)0, (bool)0, (bool)1, (bool)0>(Flash_fwd_params)+0xa10
=========     by thread (124,0,0) in block (3,0,6)
=========     Address 0xe274c2b40
========= 
========= Uninitialized __global__ memory read of size 16 bytes
=========     at void flash_fwd_kernel<Flash_fwd_kernel_traits<(int)64, (int)128, (int)128, (int)4, (bool)0, (bool)0, cutlass::half_t, Flash_kernel_traits<(int)64, (int)128, (int)128, (int)4, cutlass::half_t>>, (bool)0, (bool)0, (bool)0, (bool)0, (bool)1, (bool)0>(Flash_fwd_params)+0xa10
=========     by thread (125,0,0) in block (3,0,6)
=========     Address 0xe274c2b50
========= 
========= Uninitialized __global__ memory read of size 16 bytes
=========     at void flash_fwd_kernel<Flash_fwd_kernel_traits<(int)64, (int)128, (int)128, (int)4, (bool)0, (bool)0, cutlass::half_t, Flash_kernel_traits<(int)64, (int)128, (int)128, (int)4, cutlass::half_t>>, (bool)0, (bool)0, (bool)0, (bool)0, (bool)1, (bool)0>(Flash_fwd_params)+0xa10
=========     by thread (126,0,0) in block (3,0,6)
=========     Address 0xe274c2b60
========= 
========= Uninitialized __global__ memory read of size 16 bytes
=========     at void flash_fwd_kernel<Flash_fwd_kernel_traits<(int)64, (int)128, (int)128, (int)4, (bool)0, (bool)0, cutlass::half_t, Flash_kernel_traits<(int)64, (int)128, (int)128, (int)4, cutlass::half_t>>, (bool)0, (bool)0, (bool)0, (bool)0, (bool)1, (bool)0>(Flash_fwd_params)+0xa10
=========     by thread (127,0,0) in block (3,0,6)
=========     Address 0xe274c2b70
========= 
========= Uninitialized __global__ memory read of size 16 bytes
=========     at void flash_fwd_kernel<Flash_fwd_kernel_traits<(int)64, (int)128, (int)128, (int)4, (bool)0, (bool)0, cutlass::half_t, Flash_kernel_traits<(int)64, (int)128, (int)128, (int)4, cutlass::half_t>>, (bool)0, (bool)0, (bool)0, (bool)0, (bool)1, (bool)0>(Flash_fwd_params)+0xa10
=========     by thread (87,0,0) in block (4,0,6)
=========     Address 0xe274f0d70
========= 
========= Uninitialized __global__ memory read of size 16 bytes
=========     at void flash_fwd_kernel<Flash_fwd_kernel_traits<(int)64, (int)128, (int)128, (int)4, (bool)0, (bool)0, cutlass::half_t, Flash_kernel_traits<(int)64, (int)128, (int)128, (int)4, cutlass::half_t>>, (bool)0, (bool)0, (bool)0, (bool)0, (bool)1, (bool)0>(Flash_fwd_params)+0xa10
=========     by thread (88,0,0) in block (4,0,6)
=========     Address 0xe274f1300
========= 
========= Uninitialized __global__ memory read of size 16 bytes
=========     at void flash_fwd_kernel<Flash_fwd_kernel_traits<(int)64, (int)128, (int)128, (int)4, (bool)0, (bool)0, cutlass::half_t, Flash_kernel_traits<(int)64, (int)128, (int)128, (int)4, cutlass::half_t>>, (bool)0, (bool)0, (bool)0, (bool)0, (bool)1, (bool)0>(Flash_fwd_params)+0xa10
=========     by thread (0,0,0) in block (3,0,6)
=========     Address 0xe274bd100
========= 
========= Uninitialized __global__ memory read of size 16 bytes
=========     at void flash_fwd_kernel<Flash_fwd_kernel_traits<(int)64, (int)128, (int)128, (int)4, (bool)0, (bool)0, cutlass::half_t, Flash_kernel_traits<(int)64, (int)128, (int)128, (int)4, cutlass::half_t>>, (bool)0, (bool)0, (bool)0, (bool)0, (bool)1, (bool)0>(Flash_fwd_params)+0xa10
=========     by thread (89,0,0) in block (4,0,6)
=========     Address 0xe274f1310
========= 
========= Uninitialized __global__ memory read of size 16 bytes
=========     at void flash_fwd_kernel<Flash_fwd_kernel_traits<(int)64, (int)128, (int)128, (int)4, (bool)0, (bool)0, cutlass::half_t, Flash_kernel_traits<(int)64, (int)128, (int)128, (int)4, cutlass::half_t>>, (bool)0, (bool)0, (bool)0, (bool)0, (bool)1, (bool)0>(Flash_fwd_params)+0xa10
=========     by thread (1,0,0) in block (3,0,6)
=========     Address 0xe274bd110
========= 
========= Uninitialized __global__ memory read of size 16 bytes
=========     at void flash_fwd_kernel<Flash_fwd_kernel_traits<(int)64, (int)128, (int)128, (int)4, (bool)0, (bool)0, cutlass::half_t, Flash_kernel_traits<(int)64, (int)128, (int)128, (int)4, cutlass::half_t>>, (bool)0, (bool)0, (bool)0, (bool)0, (bool)1, (bool)0>(Flash_fwd_params)+0xa10
=========     by thread (90,0,0) in block (4,0,6)
=========     Address 0xe274f1320
========= 
========= Uninitialized __global__ memory read of size 16 bytes
=========     at void flash_fwd_kernel<Flash_fwd_kernel_traits<(int)64, (int)128, (int)128, (int)4, (bool)0, (bool)0, cutlass::half_t, Flash_kernel_traits<(int)64, (int)128, (int)128, (int)4, cutlass::half_t>>, (bool)0, (bool)0, (bool)0, (bool)0, (bool)1, (bool)0>(Flash_fwd_params)+0xa10
=========     by thread (2,0,0) in block (3,0,6)
=========     Address 0xe274bd120
========= 
========= Uninitialized __global__ memory read of size 16 bytes
=========     at void flash_fwd_kernel<Flash_fwd_kernel_traits<(int)64, (int)128, (int)128, (int)4, (bool)0, (bool)0, cutlass::half_t, Flash_kernel_traits<(int)64, (int)128, (int)128, (int)4, cutlass::half_t>>, (bool)0, (bool)0, (bool)0, (bool)0, (bool)1, (bool)0>(Flash_fwd_params)+0xa10
=========     by thread (91,0,0) in block (4,0,6)
=========     Address 0xe274f1330
========= 
========= Uninitialized __global__ memory read of size 16 bytes
=========     at void flash_fwd_kernel<Flash_fwd_kernel_traits<(int)64, (int)128, (int)128, (int)4, (bool)0, (bool)0, cutlass::half_t, Flash_kernel_traits<(int)64, (int)128, (int)128, (int)4, cutlass::half_t>>, (bool)0, (bool)0, (bool)0, (bool)0, (bool)1, (bool)0>(Flash_fwd_params)+0xa10
=========     by thread (3,0,0) in block (3,0,6)
=========     Address 0xe274bd130
========= 
========= Uninitialized __global__ memory read of size 16 bytes
=========     at void flash_fwd_kernel<Flash_fwd_kernel_traits<(int)64, (int)128, (int)128, (int)4, (bool)0, (bool)0, cutlass::half_t, Flash_kernel_traits<(int)64, (int)128, (int)128, (int)4, cutlass::half_t>>, (bool)0, (bool)0, (bool)0, (bool)0, (bool)1, (bool)0>(Flash_fwd_params)+0xa10
=========     by thread (92,0,0) in block (4,0,6)
=========     Address 0xe274f1340
========= 
========= Uninitialized __global__ memory read of size 16 bytes
=========     at void flash_fwd_kernel<Flash_fwd_kernel_traits<(int)64, (int)128, (int)128, (int)4, (bool)0, (bool)0, cutlass::half_t, Flash_kernel_traits<(int)64, (int)128, (int)128, (int)4, cutlass::half_t>>, (bool)0, (bool)0, (bool)0, (bool)0, (bool)1, (bool)0>(Flash_fwd_params)+0xa10
=========     by thread (4,0,0) in block (3,0,6)
=========     Address 0xe274bd140
========= 
========= Uninitialized __global__ memory read of size 16 bytes
=========     at void flash_fwd_kernel<Flash_fwd_kernel_traits<(int)64, (int)128, (int)128, (int)4, (bool)0, (bool)0, cutlass::half_t, Flash_kernel_traits<(int)64, (int)128, (int)128, (int)4, cutlass::half_t>>, (bool)0, (bool)0, (bool)0, (bool)0, (bool)1, (bool)0>(Flash_fwd_params)+0xa10
=========     by thread (93,0,0) in block (4,0,6)
=========     Address 0xe274f1350
========= 
========= Uninitialized __global__ memory read of size 16 bytes
=========     at void flash_fwd_kernel<Flash_fwd_kernel_traits<(int)64, (int)128, (int)128, (int)4, (bool)0, (bool)0, cutlass::half_t, Flash_kernel_traits<(int)64, (int)128, (int)128, (int)4, cutlass::half_t>>, (bool)0, (bool)0, (bool)0, (bool)0, (bool)1, (bool)0>(Flash_fwd_params)+0xa10
=========     by thread (5,0,0) in block (3,0,6)
=========     Address 0xe274bd150
========= 
========= Warning: Error buffer overflow has been detected. Some records have been dropped
========= 
SANCELL flash_b5 [84] [-0.19494]
========= Warning: Error buffer overflow has been detected. Some records have been dropped
========= 
========= Warning: Error buffer overflow has been detected. Some records have been dropped
========= 
========= Warning: Error buffer overflow has been detected. Some records have been dropped
========= 
========= Warning: Error buffer overflow has been detected. Some records have been dropped
========= 
========= Warning: Error buffer overflow has been detected. Some records have been dropped
========= 
========= Warning: Error buffer overflow has been detected. Some records have been dropped
========= 
========= Warning: Error buffer overflow has been detected. Some records have been dropped
========= 
========= Warning: Error buffer overflow has been detected. Some records have been dropped
========= 
========= Warning: Error buffer overflow has been detected. Some records have been dropped
========= 
========= Warning: Error buffer overflow has been detected. Some records have been dropped
========= 
========= Warning: Error buffer overflow has been detected. Some records have been dropped
========= 
========= Warning: Error buffer overflow has been detected. Some records have been dropped
========= 
========= Warning: Error buffer overflow has been detected. Some records have been dropped
========= 
========= Warning: Error buffer overflow has been detected. Some records have been dropped
========= 
========= Warning: Error buffer overflow has been detected. Some records have been dropped
========= 
========= Warning: Error buffer overflow has been detected. Some records have been dropped
========= 
========= Warning: Error buffer overflow has been detected. Some records have been dropped
========= 
========= Warning: Error buffer overflow has been detected. Some records have been dropped
========= 
========= Warning: Error buffer overflow has been detected. Some records have been dropped
========= 
========= Warning: Error buffer overflow has been detected. Some records have been dropped
========= 
========= Warning: Error buffer overflow has been detected. Some records have been dropped
========= 
========= Warning: Error buffer overflow has been detected. Some records have been dropped
========= 
========= Warning: Error buffer overflow has been detected. Some records have been dropped
========= 
========= Warning: Error buffer overflow has been detected. Some records have been dropped
========= 
========= Warning: Error buffer overflow has been detected. Some records have been dropped
========= 
========= Warning: Error buffer overflow has been detected. Some records have been dropped
========= 
========= Warning: Error buffer overflow has been detected. Some records have been dropped
========= 
========= Warning: Error buffer overflow has been detected. Some records have been dropped
========= 
========= Warning: Error buffer overflow has been detected. Some records have been dropped
========= 
========= Warning: Error buffer overflow has been detected. Some records have been dropped
========= 
========= Warning: Error buffer overflow has been detected. Some records have been dropped
========= 
========= Warning: Error buffer overflow has been detected. Some records have been dropped
========= 
========= Warning: Error buffer overflow has been detected. Some records have been dropped
========= 
========= Warning: Error buffer overflow has been detected. Some records have been dropped
========= 
========= Warning: Error buffer overflow has been detected. Some records have been dropped
========= 
========= Warning: Error buffer overflow has been detected. Some records have been dropped
========= 
========= Warning: Error buffer overflow has been detected. Some records have been dropped
========= 
========= Warning: Error buffer overflow has been detected. Some records have been dropped
========= 
========= Warning: Error buffer overflow has been detected. Some records have been dropped
========= 
========= Warning: Error buffer overflow has been detected. Some records have been dropped
========= 
========= Warning: Error buffer overflow has been detected. Some records have been dropped
========= 
========= Warning: Error buffer overflow has been detected. Some records have been dropped
========= 
========= Warning: Error buffer overflow has been detected. Some records have been dropped
========= 
========= Warning: Error buffer overflow has been detected. Some records have been dropped
========= 
========= Warning: Error buffer overflow has been detected. Some records have been dropped
========= 
========= Warning: Error buffer overflow has been detected. Some records have been dropped
========= 
========= Warning: Error buffer overflow has been detected. Some records have been dropped
========= 
========= Warning: Error buffer overflow has been detected. Some records have been dropped
========= 
========= Warning: Error buffer overflow has been detected. Some records have been dropped
========= 
========= Warning: Error buffer overflow has been detected. Some records have been dropped
========= 
========= Warning: Error buffer overflow has been detected. Some records have been dropped
========= 
========= Warning: Error buffer overflow has been detected. Some records have been dropped
========= 
========= Warning: Error buffer overflow has been detected. Some records have been dropped
========= 
========= Warning: Error buffer overflow has been detected. Some records have been dropped
========= 
========= Warning: Error buffer overflow has been detected. Some records have been dropped
========= 
========= Warning: Error buffer overflow has been detected. Some records have been dropped
========= 
========= Warning: Error buffer overflow has been detected. Some records have been dropped
========= 
========= Warning: Error buffer overflow has been detected. Some records have been dropped
========= 
========= Warning: Error buffer overflow has been detected. Some records have been dropped
========= 
========= Warning: Error buffer overflow has been detected. Some records have been dropped
========= 
========= Warning: Error buffer overflow has been detected. Some records have been dropped
========= 
========= Warning: Error buffer overflow has been detected. Some records have been dropped
========= 
========= Warning: Error buffer overflow has been detected. Some records have been dropped
========= 
========= Warning: Error buffer overflow has been detected. Some records have been dropped
========= 
========= Warning: Error buffer overflow has been detected. Some records have been dropped
========= 
========= Warning: Error buffer overflow has been detected. Some records have been dropped
========= 
========= Warning: Error buffer overflow has been detected. Some records have been dropped
========= 
========= Warning: Error buffer overflow has been detected. Some records have been dropped
========= 
========= Warning: Error buffer overflow has been detected. Some records have been dropped
========= 
========= Warning: Error buffer overflow has been detected. Some records have been dropped
========= 
========= Warning: Error buffer overflow has been detected. Some records have been dropped
========= 
========= Warning: Error buffer overflow has been detected. Some records have been dropped
========= 
========= Warning: Error buffer overflow has been detected. Some records have been dropped
========= 
========= Warning: Error buffer overflow has been detected. Some records have been dropped
========= 
========= Warning: Error buffer overflow has been detected. Some records have been dropped
========= 
========= Warning: Error buffer overflow has been detected. Some records have been dropped
========= 
========= Warning: Error buffer overflow has been detected. Some records have been dropped
========= 
========= Warning: Error buffer overflow has been detected. Some records have been dropped
========= 
========= Warning: Error buffer overflow has been detected. Some records have been dropped
========= 
========= Warning: Error buffer overflow has been detected. Some records have been dropped
========= 
========= Warning: Error buffer overflow has been detected. Some records have been dropped
========= 
========= Warning: Error buffer overflow has been detected. Some records have been dropped
========= 
========= Warning: Error buffer overflow has been detected. Some records have been dropped
========= 
========= Warning: Error buffer overflow has been detected. Some records have been dropped
========= 
========= Warning: Error buffer overflow has been detected. Some records have been dropped
========= 
========= Warning: Error buffer overflow has been detected. Some records have been dropped
========= 
========= Warning: Error buffer overflow has been detected. Some records have been dropped
========= 
========= Warning: Error buffer overflow has been detected. Some records have been dropped
========= 
========= Warning: Error buffer overflow has been detected. Some records have been dropped
========= 
========= Warning: Error buffer overflow has been detected. Some records have been dropped
========= 
========= Warning: Error buffer overflow has been detected. Some records have been dropped
========= 
========= Warning: Error buffer overflow has been detected. Some records have been dropped
========= 
========= Warning: Error buffer overflow has been detected. Some records have been dropped
========= 
========= Warning: Error buffer overflow has been detected. Some records have been dropped
========= 
========= Warning: Error buffer overflow has been detected. Some records have been dropped
========= 
========= Warning: Error buffer overflow has been detected. Some records have been dropped
========= 
========= Warning: Error buffer overflow has been detected. Some records have been dropped
========= 
========= Warning: Error buffer overflow has been detected. Some records have been dropped
========= 
========= Warning: Error buffer overflow has been detected. Some records have been dropped
========= 
========= Warning: Error buffer overflow has been detected. Some records have been dropped
========= 
========= Warning: Error buffer overflow has been detected. Some records have been dropped
========= 
========= Warning: Error buffer overflow has been detected. Some records have been dropped
========= 
========= Warning: Error buffer overflow has been detected. Some records have been dropped
========= 
========= Warning: Error buffer overflow has been detected. Some records have been dropped
========= 
========= Warning: Error buffer overflow has been detected. Some records have been dropped
========= 
========= Warning: Error buffer overflow has been detected. Some records have been dropped
========= 
========= Warning: Error buffer overflow has been detected. Some records have been dropped
========= 
========= Warning: Error buffer overflow has been detected. Some records have been dropped
========= 
========= Warning: Error buffer overflow has been detected. Some records have been dropped
========= 
========= Warning: Error buffer overflow has been detected. Some records have been dropped
========= 
========= Warning: Error buffer overflow has been detected. Some records have been dropped
========= 
========= Warning: Error buffer overflow has been detected. Some records have been dropped
========= 
========= Warning: Error buffer overflow has been detected. Some records have been dropped
========= 
========= Warning: Error buffer overflow has been detected. Some records have been dropped
========= 
========= Warning: Error buffer overflow has been detected. Some records have been dropped
========= 
========= Warning: Error buffer overflow has been detected. Some records have been dropped
========= 
========= Warning: Error buffer overflow has been detected. Some records have been dropped
========= 
========= Warning: Error buffer overflow has been detected. Some records have been dropped
========= 
========= Warning: Error buffer overflow has been detected. Some records have been dropped
========= 
========= Warning: Error buffer overflow has been detected. Some records have been dropped
========= 
========= Warning: Error buffer overflow has been detected. Some records have been dropped
========= 
========= Warning: Error buffer overflow has been detected. Some records have been dropped
========= 
========= Warning: Error buffer overflow has been detected. Some records have been dropped
========= 
========= Warning: Error buffer overflow has been detected. Some records have been dropped
========= 
========= Warning: Error buffer overflow has been detected. Some records have been dropped
========= 
========= Warning: Error buffer overflow has been detected. Some records have been dropped
========= 
========= Warning: Error buffer overflow has been detected. Some records have been dropped
========= 
========= Warning: Error buffer overflow has been detected. Some records have been dropped
========= 
========= Warning: Error buffer overflow has been detected. Some records have been dropped
========= 
========= Warning: Error buffer overflow has been detected. Some records have been dropped
========= 
========= Warning: Error buffer overflow has been detected. Some records have been dropped
========= 
========= Warning: Error buffer overflow has been detected. Some records have been dropped
========= 
========= Warning: Error buffer overflow has been detected. Some records have been dropped
========= 
========= Warning: Error buffer overflow has been detected. Some records have been dropped
========= 
========= Warning: Error buffer overflow has been detected. Some records have been dropped
========= 
========= Warning: Error buffer overflow has been detected. Some records have been dropped
========= 
========= Warning: Error buffer overflow has been detected. Some records have been dropped
========= 
========= Warning: Error buffer overflow has been detected. Some records have been dropped
========= 
========= Warning: Error buffer overflow has been detected. Some records have been dropped
========= 
========= Warning: Error buffer overflow has been detected. Some records have been dropped
========= 
========= Warning: Error buffer overflow has been detected. Some records have been dropped
========= 
========= Warning: Error buffer overflow has been detected. Some records have been dropped
========= 
========= Warning: Error buffer overflow has been detected. Some records have been dropped
========= 
========= Warning: Error buffer overflow has been detected. Some records have been dropped
========= 
========= Warning: Error buffer overflow has been detected. Some records have been dropped
========= 
========= Warning: Error buffer overflow has been detected. Some records have been dropped
========= 
========= Warning: Error buffer overflow has been detected. Some records have been dropped
========= 
========= Warning: Error buffer overflow has been detected. Some records have been dropped
========= 
========= Warning: Error buffer overflow has been detected. Some records have been dropped
========= 
========= Warning: Error buffer overflow has been detected. Some records have been dropped
========= 
========= Warning: Error buffer overflow has been detected. Some records have been dropped
========= 
========= Warning: Error buffer overflow has been detected. Some records have been dropped
========= 
========= Warning: Error buffer overflow has been detected. Some records have been dropped
========= 
========= Warning: Error buffer overflow has been detected. Some records have been dropped
========= 
========= Warning: Error buffer overflow has been detected. Some records have been dropped
========= 
========= Warning: Error buffer overflow has been detected. Some records have been dropped
========= 
========= Warning: Error buffer overflow has been detected. Some records have been dropped
========= 
========= Warning: Error buffer overflow has been detected. Some records have been dropped
========= 
========= Warning: Error buffer overflow has been detected. Some records have been dropped
========= 
========= Warning: Error buffer overflow has been detected. Some records have been dropped
========= 
========= Warning: Error buffer overflow has been detected. Some records have been dropped
========= 
========= Warning: Error buffer overflow has been detected. Some records have been dropped
========= 
========= Warning: Error buffer overflow has been detected. Some records have been dropped
========= 
========= Warning: Error buffer overflow has been detected. Some records have been dropped
========= 
========= Warning: Error buffer overflow has been detected. Some records have been dropped
========= 
========= Warning: Error buffer overflow has been detected. Some records have been dropped
========= 
========= Warning: Error buffer overflow has been detected. Some records have been dropped
========= 
========= Warning: Error buffer overflow has been detected. Some records have been dropped
========= 
========= Warning: Error buffer overflow has been detected. Some records have been dropped
========= 
========= Warning: Error buffer overflow has been detected. Some records have been dropped
========= 
========= Warning: Error buffer overflow has been detected. Some records have been dropped
========= 
========= Warning: Error buffer overflow has been detected. Some records have been dropped
========= 
========= Warning: Error buffer overflow has been detected. Some records have been dropped
========= 
========= Warning: Error buffer overflow has been detected. Some records have been dropped
========= 
========= Warning: Error buffer overflow has been detected. Some records have been dropped
========= 
========= Warning: Error buffer overflow has been detected. Some records have been dropped
========= 
========= Warning: Error buffer overflow has been detected. Some records have been dropped
========= 
========= Warning: Error buffer overflow has been detected. Some records have been dropped
========= 
========= Warning: Error buffer overflow has been detected. Some records have been dropped
========= 
========= Warning: Error buffer overflow has been detected. Some records have been dropped
========= 
========= Warning: Error buffer overflow has been detected. Some records have been dropped
========= 
========= Warning: Error buffer overflow has been detected. Some records have been dropped
========= 
========= Warning: Error buffer overflow has been detected. Some records have been dropped
========= 
========= Warning: Error buffer overflow has been detected. Some records have been dropped
========= 
========= Warning: Error buffer overflow has been detected. Some records have been dropped
========= 
========= Warning: Error buffer overflow has been detected. Some records have been dropped
========= 
========= Warning: Error buffer overflow has been detected. Some records have been dropped
========= 
========= Warning: Error buffer overflow has been detected. Some records have been dropped
========= 
========= Warning: Error buffer overflow has been detected. Some records have been dropped
========= 
========= Warning: Error buffer overflow has been detected. Some records have been dropped
========= 
========= Warning: Error buffer overflow has been detected. Some records have been dropped
========= 
========= Warning: Error buffer overflow has been detected. Some records have been dropped
========= 
========= Warning: Error buffer overflow has been detected. Some records have been dropped
========= 
========= Warning: Error buffer overflow has been detected. Some records have been dropped
========= 
========= Warning: Error buffer overflow has been detected. Some records have been dropped
========= 
========= Warning: Error buffer overflow has been detected. Some records have been dropped
========= 
========= Warning: Error buffer overflow has been detected. Some records have been dropped
========= 
========= Warning: Error buffer overflow has been detected. Some records have been dropped
========= 
========= Warning: Error buffer overflow has been detected. Some records have been dropped
========= 
========= Warning: Error buffer overflow has been detected. Some records have been dropped
========= 
========= Warning: Error buffer overflow has been detected. Some records have been dropped
========= 
========= Warning: Error buffer overflow has been detected. Some records have been dropped
========= 
========= Warning: Error buffer overflow has been detected. Some records have been dropped
========= 
========= Warning: Error buffer overflow has been detected. Some records have been dropped
========= 
========= Warning: Error buffer overflow has been detected. Some records have been dropped
========= 
========= Warning: Error buffer overflow has been detected. Some records have been dropped
========= 
========= Warning: Error buffer overflow has been detected. Some records have been dropped
========= 
========= Warning: Error buffer overflow has been detected. Some records have been dropped
========= 
========= Warning: Error buffer overflow has been detected. Some records have been dropped
========= 
========= Warning: Error buffer overflow has been detected. Some records have been dropped
========= 
========= Warning: Error buffer overflow has been detected. Some records have been dropped
========= 
========= Warning: Error buffer overflow has been detected. Some records have been dropped
========= 
========= Warning: Error buffer overflow has been detected. Some records have been dropped
========= 
========= Warning: Error buffer overflow has been detected. Some records have been dropped
========= 
========= Warning: Error buffer overflow has been detected. Some records have been dropped
========= 
========= Warning: Error buffer overflow has been detected. Some records have been dropped
========= 
========= Warning: Error buffer overflow has been detected. Some records have been dropped
========= 
========= Warning: Error buffer overflow has been detected. Some records have been dropped
========= 
========= Warning: Error buffer overflow has been detected. Some records have been dropped
========= 
========= Warning: Error buffer overflow has been detected. Some records have been dropped
========= 
========= Warning: Error buffer overflow has been detected. Some records have been dropped
========= 
========= Warning: Error buffer overflow has been detected. Some records have been dropped
========= 
========= Warning: Error buffer overflow has been detected. Some records have been dropped
========= 
========= Warning: Error buffer overflow has been detected. Some records have been dropped
========= 
========= Warning: Error buffer overflow has been detected. Some records have been dropped
========= 
========= Warning: Error buffer overflow has been detected. Some records have been dropped
========= 
========= Warning: Error buffer overflow has been detected. Some records have been dropped
========= 
========= Warning: Error buffer overflow has been detected. Some records have been dropped
========= 
========= Warning: Error buffer overflow has been detected. Some records have been dropped
========= 
========= Warning: Error buffer overflow has been detected. Some records have been dropped
========= 
========= Warning: Error buffer overflow has been detected. Some records have been dropped
========= 
========= Warning: Error buffer overflow has been detected. Some records have been dropped
========= 
========= Warning: Error buffer overflow has been detected. Some records have been dropped
========= 
========= Warning: Error buffer overflow has been detected. Some records have been dropped
========= 
========= Warning: Error buffer overflow has been detected. Some records have been dropped
========= 
========= Warning: Error buffer overflow has been detected. Some records have been dropped
========= 
========= Warning: Error buffer overflow has been detected. Some records have been dropped
========= 
========= Warning: Error buffer overflow has been detected. Some records have been dropped
========= 
========= Warning: Error buffer overflow has been detected. Some records have been dropped
========= 
========= Warning: Error buffer overflow has been detected. Some records have been dropped
========= 
========= Warning: Error buffer overflow has been detected. Some records have been dropped
========= 
========= Warning: Error buffer overflow has been detected. Some records have been dropped
========= 
========= Warning: Error buffer overflow has been detected. Some records have been dropped
========= 
========= Warning: Error buffer overflow has been detected. Some records have been dropped
========= 
========= Warning: Error buffer overflow has been detected. Some records have been dropped
========= 
========= Warning: Error buffer overflow has been detected. Some records have been dropped
========= 
========= Warning: Error buffer overflow has been detected. Some records have been dropped
========= 
========= Warning: Error buffer overflow has been detected. Some records have been dropped
========= 
========= Warning: Error buffer overflow has been detected. Some records have been dropped
========= 
========= Warning: Error buffer overflow has been detected. Some records have been dropped
========= 
========= Warning: Error buffer overflow has been detected. Some records have been dropped
========= 
========= Warning: Error buffer overflow has been detected. Some records have been dropped
========= 
========= Warning: Error buffer overflow has been detected. Some records have been dropped
========= 
========= Warning: Error buffer overflow has been detected. Some records have been dropped
========= 
========= Warning: Error buffer overflow has been detected. Some records have been dropped
========= 
========= Warning: Error buffer overflow has been detected. Some records have been dropped
========= 
========= Warning: Error buffer overflow has been detected. Some records have been dropped
========= 
========= Warning: Error buffer overflow has been detected. Some records have been dropped
========= 
========= Warning: Error buffer overflow has been detected. Some records have been dropped
========= 
========= Warning: Error buffer overflow has been detected. Some records have been dropped
========= 
========= Warning: Error buffer overflow has been detected. Some records have been dropped
========= 
========= Warning: Error buffer overflow has been detected. Some records have been dropped
========= 
========= Warning: Error buffer overflow has been detected. Some records have been dropped
========= 
========= Warning: Error buffer overflow has been detected. Some records have been dropped
========= 
========= Warning: Error buffer overflow has been detected. Some records have been dropped
========= 
========= Warning: Error buffer overflow has been detected. Some records have been dropped
========= 
========= Warning: Error buffer overflow has been detected. Some records have been dropped
========= 
========= Warning: Error buffer overflow has been detected. Some records have been dropped
========= 
========= Warning: Error buffer overflow has been detected. Some records have been dropped
========= 
========= Warning: Error buffer overflow has been detected. Some records have been dropped
========= 
========= Warning: Error buffer overflow has been detected. Some records have been dropped
========= 
========= Warning: Error buffer overflow has been detected. Some records have been dropped
========= 
========= Warning: Error buffer overflow has been detected. Some records have been dropped
========= 
========= Warning: Error buffer overflow has been detected. Some records have been dropped
========= 
========= Warning: Error buffer overflow has been detected. Some records have been dropped
========= 
========= Warning: Error buffer overflow has been detected. Some records have been dropped
========= 
========= Warning: Error buffer overflow has been detected. Some records have been dropped
========= 
========= Warning: Error buffer overflow has been detected. Some records have been dropped
========= 
========= Warning: Error buffer overflow has been detected. Some records have been dropped
========= 
========= Warning: Error buffer overflow has been detected. Some records have been dropped
========= 
========= Warning: Error buffer overflow has been detected. Some records have been dropped
========= 
========= Warning: Error buffer overflow has been detected. Some records have been dropped
========= 
========= Warning: Error buffer overflow has been detected. Some records have been dropped
========= 
========= Warning: Error buffer overflow has been detected. Some records have been dropped
========= 
========= Warning: Error buffer overflow has been detected. Some records have been dropped
========= 
========= Warning: Error buffer overflow has been detected. Some records have been dropped
========= 
========= Warning: Error buffer overflow has been detected. Some records have been dropped
========= 
========= Warning: Error buffer overflow has been detected. Some records have been dropped
========= 
========= Warning: Error buffer overflow has been detected. Some records have been dropped
========= 
========= Warning: Error buffer overflow has been detected. Some records have been dropped
========= 
========= Warning: Error buffer overflow has been detected. Some records have been dropped
========= 
========= Warning: Error buffer overflow has been detected. Some records have been dropped
========= 
========= Warning: Error buffer overflow has been detected. Some records have been dropped
========= 
========= Warning: Error buffer overflow has been detected. Some records have been dropped
========= 
========= Warning: Error buffer overflow has been detected. Some records have been dropped
========= 
========= Warning: Error buffer overflow has been detected. Some records have been dropped
========= 
========= Warning: Error buffer overflow has been detected. Some records have been dropped
========= 
========= Warning: Error buffer overflow has been detected. Some records have been dropped
========= 
========= Warning: Error buffer overflow has been detected. Some records have been dropped
========= 
========= Warning: Error buffer overflow has been detected. Some records have been dropped
========= 
========= Warning: Error buffer overflow has been detected. Some records have been dropped
========= 
========= Warning: Error buffer overflow has been detected. Some records have been dropped
========= 
========= Warning: Error buffer overflow has been detected. Some records have been dropped
========= 
========= Warning: Error buffer overflow has been detected. Some records have been dropped
========= 
========= Warning: Error buffer overflow has been detected. Some records have been dropped
========= 
========= Warning: Error buffer overflow has been detected. Some records have been dropped
========= 
========= Warning: Error buffer overflow has been detected. Some records have been dropped
========= 
========= Warning: Error buffer overflow has been detected. Some records have been dropped
========= 
========= Warning: Error buffer overflow has been detected. Some records have been dropped
========= 
========= Warning: Error buffer overflow has been detected. Some records have been dropped
========= 
========= Warning: Error buffer overflow has been detected. Some records have been dropped
========= 
========= Warning: Error buffer overflow has been detected. Some records have been dropped
========= 
========= Warning: Error buffer overflow has been detected. Some records have been dropped
========= 
========= Warning: Error buffer overflow has been detected. Some records have been dropped
========= 
========= Warning: Error buffer overflow has been detected. Some records have been dropped
========= 
========= Warning: Error buffer overflow has been detected. Some records have been dropped
========= 
========= Warning: Error buffer overflow has been detected. Some records have been dropped
========= 
========= Warning: Error buffer overflow has been detected. Some records have been dropped
========= 
========= Warning: Error buffer overflow has been detected. Some records have been dropped
========= 
========= Warning: Error buffer overflow has been detected. Some records have been dropped
========= 
========= Warning: Error buffer overflow has been detected. Some records have been dropped
========= 
========= Warning: Error buffer overflow has been detected. Some records have been dropped
========= 
========= Warning: Error buffer overflow has been detected. Some records have been dropped
========= 
========= Warning: Error buffer overflow has been detected. Some records have been dropped
========= 
========= Warning: Error buffer overflow has been detected. Some records have been dropped
========= 
========= Warning: Error buffer overflow has been detected. Some records have been dropped
========= 
========= Warning: Error buffer overflow has been detected. Some records have been dropped
========= 
========= Warning: Error buffer overflow has been detected. Some records have been dropped
========= 
========= Warning: Error buffer overflow has been detected. Some records have been dropped
========= 
========= Warning: Error buffer overflow has been detected. Some records have been dropped
========= 
========= Warning: Error buffer overflow has been detected. Some records have been dropped
========= 
========= Warning: Error buffer overflow has been detected. Some records have been dropped
========= 
========= Warning: Error buffer overflow has been detected. Some records have been dropped
========= 
========= Warning: Error buffer overflow has been detected. Some records have been dropped
========= 
========= Warning: Error buffer overflow has been detected. Some records have been dropped
========= 
========= Warning: Error buffer overflow has been detected. Some records have been dropped
========= 
========= Warning: Error buffer overflow has been detected. Some records have been dropped
========= 
========= Warning: Error buffer overflow has been detected. Some records have been dropped
========= 
========= Warning: Error buffer overflow has been detected. Some records have been dropped
========= 
========= Warning: Error buffer overflow has been detected. Some records have been dropped
========= 
========= Warning: Error buffer overflow has been detected. Some records have been dropped
========= 
========= Warning: Error buffer overflow has been detected. Some records have been dropped
========= 
========= Warning: Error buffer overflow has been detected. Some records have been dropped
========= 
========= Warning: Error buffer overflow has been detected. Some records have been dropped
========= 
========= Warning: Error buffer overflow has been detected. Some records have been dropped
========= 
========= Warning: Error buffer overflow has been detected. Some records have been dropped
========= 
========= Warning: Error buffer overflow has been detected. Some records have been dropped
========= 
========= Warning: Error buffer overflow has been detected. Some records have been dropped
========= 
========= Warning: Error buffer overflow has been detected. Some records have been dropped
========= 
========= Warning: Error buffer overflow has been detected. Some records have been dropped
========= 
========= Warning: Error buffer overflow has been detected. Some records have been dropped
========= 
========= Warning: Error buffer overflow has been detected. Some records have been dropped
========= 
========= Warning: Error buffer overflow has been detected. Some records have been dropped
========= 
========= Warning: Error buffer overflow has been detected. Some records have been dropped
========= 
========= Warning: Error buffer overflow has been detected. Some records have been dropped
========= 
========= Warning: Error buffer overflow has been detected. Some records have been dropped
========= 
========= Warning: Error buffer overflow has been detected. Some records have been dropped
========= 
========= Warning: Error buffer overflow has been detected. Some records have been dropped
========= 
========= Warning: Error buffer overflow has been detected. Some records have been dropped
========= 
========= Warning: Error buffer overflow has been detected. Some records have been dropped
========= 
========= Warning: Error buffer overflow has been detected. Some records have been dropped
========= 
========= Warning: Error buffer overflow has been detected. Some records have been dropped
========= 
========= Warning: Error buffer overflow has been detected. Some records have been dropped
========= 
========= Warning: Error buffer overflow has been detected. Some records have been dropped
========= 
========= Warning: Error buffer overflow has been detected. Some records have been dropped
========= 
========= Warning: Error buffer overflow has been detected. Some records have been dropped
========= 
========= Warning: Error buffer overflow has been detected. Some records have been dropped
========= 
========= Warning: Error buffer overflow has been detected. Some records have been dropped
========= 
========= Warning: Error buffer overflow has been detected. Some records have been dropped
========= 
========= Warning: Error buffer overflow has been detected. Some records have been dropped
========= 
========= Warning: Error buffer overflow has been detected. Some records have been dropped
========= 
========= Warning: Error buffer overflow has been detected. Some records have been dropped
========= 
========= Warning: Error buffer overflow has been detected. Some records have been dropped
========= 
========= Warning: Error buffer overflow has been detected. Some records have been dropped
========= 
========= Warning: Error buffer overflow has been detected. Some records have been dropped
========= 
========= Warning: Error buffer overflow has been detected. Some records have been dropped
========= 
========= Warning: Error buffer overflow has been detected. Some records have been dropped
========= 
========= Warning: Error buffer overflow has been detected. Some records have been dropped
========= 
========= Warning: Error buffer overflow has been detected. Some records have been dropped
========= 
========= Warning: Error buffer overflow has been detected. Some records have been dropped
========= 
========= Warning: Error buffer overflow has been detected. Some records have been dropped
========= 
========= Warning: Error buffer overflow has been detected. Some records have been dropped
========= 
========= Warning: Error buffer overflow has been detected. Some records have been dropped
========= 
========= Warning: Error buffer overflow has been detected. Some records have been dropped
========= 
========= Warning: Error buffer overflow has been detected. Some records have been dropped
========= 
========= Warning: Error buffer overflow has been detected. Some records have been dropped
========= 
========= Warning: Error buffer overflow has been detected. Some records have been dropped
========= 
========= Warning: Error buffer overflow has been detected. Some records have been dropped
========= 
========= Warning: Error buffer overflow has been detected. Some records have been dropped
========= 
========= Warning: Error buffer overflow has been detected. Some records have been dropped
========= 
========= Warning: Error buffer overflow has been detected. Some records have been dropped
========= 
========= Warning: Error buffer overflow has been detected. Some records have been dropped
========= 
========= Warning: Error buffer overflow has been detected. Some records have been dropped
========= 
========= Warning: Error buffer overflow has been detected. Some records have been dropped
========= 
========= Warning: Error buffer overflow has been detected. Some records have been dropped
========= 
========= Warning: Error buffer overflow has been detected. Some records have been dropped
========= 
========= Warning: Error buffer overflow has been detected. Some records have been dropped
========= 
========= Warning: Error buffer overflow has been detected. Some records have been dropped
========= 
========= Warning: Error buffer overflow has been detected. Some records have been dropped
========= 
========= Warning: Error buffer overflow has been detected. Some records have been dropped
========= 
========= Warning: Error buffer overflow has been detected. Some records have been dropped
========= 
========= Warning: Error buffer overflow has been detected. Some records have been dropped
========= 
========= Warning: Error buffer overflow has been detected. Some records have been dropped
========= 
========= Warning: Error buffer overflow has been detected. Some records have been dropped
========= 
========= Warning: Error buffer overflow has been detected. Some records have been dropped
========= 
========= Warning: Error buffer overflow has been detected. Some records have been dropped
========= 
========= Warning: Error buffer overflow has been detected. Some records have been dropped
========= 
========= Warning: Error buffer overflow has been detected. Some records have been dropped
========= 
========= Warning: Error buffer overflow has been detected. Some records have been dropped
========= 
========= Warning: Error buffer overflow has been detected. Some records have been dropped
========= 
========= Warning: Error buffer overflow has been detected. Some records have been dropped
========= 
========= Warning: Error buffer overflow has been detected. Some records have been dropped
========= 
========= Warning: Error buffer overflow has been detected. Some records have been dropped
========= 
========= Warning: Error buffer overflow has been detected. Some records have been dropped
========= 
========= Warning: Error buffer overflow has been detected. Some records have been dropped
========= 
========= Warning: Error buffer overflow has been detected. Some records have been dropped
========= 
========= Warning: Error buffer overflow has been detected. Some records have been dropped
========= 
========= Warning: Error buffer overflow has been detected. Some records have been dropped
========= 
========= Warning: Error buffer overflow has been detected. Some records have been dropped
========= 
========= Warning: Error buffer overflow has been detected. Some records have been dropped
========= 
========= Warning: Error buffer overflow has been detected. Some records have been dropped
========= 
========= Warning: Error buffer overflow has been detected. Some records have been dropped
========= 
========= Warning: Error buffer overflow has been detected. Some records have been dropped
========= 
========= Warning: Error buffer overflow has been detected. Some records have been dropped
========= 
========= Warning: Error buffer overflow has been detected. Some records have been dropped
========= 
========= Warning: Error buffer overflow has been detected. Some records have been dropped
========= 
========= Warning: Error buffer overflow has been detected. Some records have been dropped
========= 
========= Warning: Error buffer overflow has been detected. Some records have been dropped
========= 
========= Warning: Error buffer overflow has been detected. Some records have been dropped
========= 
========= Warning: Error buffer overflow has been detected. Some records have been dropped
========= 
========= Warning: Error buffer overflow has been detected. Some records have been dropped
========= 
========= Warning: Error buffer overflow has been detected. Some records have been dropped
========= 
========= Warning: Error buffer overflow has been detected. Some records have been dropped
========= 
========= Warning: Error buffer overflow has been detected. Some records have been dropped
========= 
========= Warning: Error buffer overflow has been detected. Some records have been dropped
========= 
========= Warning: Error buffer overflow has been detected. Some records have been dropped
========= 
========= Warning: Error buffer overflow has been detected. Some records have been dropped
========= 
========= Warning: Error buffer overflow has been detected. Some records have been dropped
========= 
========= Warning: Error buffer overflow has been detected. Some records have been dropped
========= 
========= Warning: Error buffer overflow has been detected. Some records have been dropped
========= 
========= Warning: Error buffer overflow has been detected. Some records have been dropped
========= 
========= Warning: Error buffer overflow has been detected. Some records have been dropped
========= 
========= Warning: Error buffer overflow has been detected. Some records have been dropped
========= 
========= Warning: Error buffer overflow has been detected. Some records have been dropped
========= 
========= Warning: Error buffer overflow has been detected. Some records have been dropped
========= 
========= Warning: Error buffer overflow has been detected. Some records have been dropped
========= 
========= Warning: Error buffer overflow has been detected. Some records have been dropped
========= 
========= Warning: Error buffer overflow has been detected. Some records have been dropped
========= 
========= Warning: Error buffer overflow has been detected. Some records have been dropped
========= 
========= Warning: Error buffer overflow has been detected. Some records have been dropped
========= 
========= Warning: Error buffer overflow has been detected. Some records have been dropped
========= 
========= Warning: Error buffer overflow has been detected. Some records have been dropped
========= 
========= Warning: Error buffer overflow has been detected. Some records have been dropped
========= 
========= Warning: Error buffer overflow has been detected. Some records have been dropped
========= 
========= Warning: Error buffer overflow has been detected. Some records have been dropped
========= 
========= Warning: Error buffer overflow has been detected. Some records have been dropped
========= 
========= Warning: Error buffer overflow has been detected. Some records have been dropped
========= 
========= Warning: Error buffer overflow has been detected. Some records have been dropped
========= 
========= Warning: Error buffer overflow has been detected. Some records have been dropped
========= 
========= Warning: Error buffer overflow has been detected. Some records have been dropped
========= 
========= Warning: Error buffer overflow has been detected. Some records have been dropped
========= 
========= Warning: Error buffer overflow has been detected. Some records have been dropped
========= 
========= Warning: Error buffer overflow has been detected. Some records have been dropped
========= 
========= Warning: Error buffer overflow has been detected. Some records have been dropped
========= 
========= Warning: Error buffer overflow has been detected. Some records have been dropped
========= 
========= Warning: Error buffer overflow has been detected. Some records have been dropped
========= 
========= Warning: Error buffer overflow has been detected. Some records have been dropped
========= 
========= Warning: Error buffer overflow has been detected. Some records have been dropped
========= 
========= Warning: Error buffer overflow has been detected. Some records have been dropped
========= 
========= Warning: Error buffer overflow has been detected. Some records have been dropped
========= 
========= Warning: Error buffer overflow has been detected. Some records have been dropped
========= 
========= Warning: Error buffer overflow has been detected. Some records have been dropped
========= 
========= Warning: Error buffer overflow has been detected. Some records have been dropped
========= 
========= Warning: Error buffer overflow has been detected. Some records have been dropped
========= 
========= Warning: Error buffer overflow has been detected. Some records have been dropped
========= 
========= Warning: Error buffer overflow has been detected. Some records have been dropped
========= 
========= Warning: Error buffer overflow has been detected. Some records have been dropped
========= 
========= Warning: Error buffer overflow has been detected. Some records have been dropped
========= 
========= Warning: Error buffer overflow has been detected. Some records have been dropped
========= 
========= Warning: Error buffer overflow has been detected. Some records have been dropped
========= 
========= Warning: Error buffer overflow has been detected. Some records have been dropped
========= 
========= Warning: Error buffer overflow has been detected. Some records have been dropped
========= 
========= Warning: Error buffer overflow has been detected. Some records have been dropped
========= 
========= Warning: Error buffer overflow has been detected. Some records have been dropped
========= 
========= Warning: Error buffer overflow has been detected. Some records have been dropped
========= 
========= Warning: Error buffer overflow has been detected. Some records have been dropped
========= 
========= Warning: Error buffer overflow has been detected. Some records have been dropped
========= 
========= Warning: Error buffer overflow has been detected. Some records have been dropped
========= 
========= Warning: Error buffer overflow has been detected. Some records have been dropped
========= 
========= Warning: Error buffer overflow has been detected. Some records have been dropped
========= 
========= Warning: Error buffer overflow has been detected. Some records have been dropped
========= 
========= Warning: Error buffer overflow has been detected. Some records have been dropped
========= 
========= Warning: Error buffer overflow has been detected. Some records have been dropped
========= 
========= Warning: Error buffer overflow has been detected. Some records have been dropped
========= 
========= Warning: Error buffer overflow has been detected. Some records have been dropped
========= 
========= Warning: Error buffer overflow has been detected. Some records have been dropped
========= 
========= Warning: Error buffer overflow has been detected. Some records have been dropped
========= 
========= Warning: Error buffer overflow has been detected. Some records have been dropped
========= 
========= Warning: Error buffer overflow has been detected. Some records have been dropped
========= 
========= Warning: Error buffer overflow has been detected. Some records have been dropped
========= 
========= Warning: Error buffer overflow has been detected. Some records have been dropped
========= 
========= Warning: Error buffer overflow has been detected. Some records have been dropped
========= 
========= Warning: Error buffer overflow has been detected. Some records have been dropped
========= 
========= Warning: Error buffer overflow has been detected. Some records have been dropped
========= 
========= Warning: Error buffer overflow has been detected. Some records have been dropped
========= 
========= Warning: Error buffer overflow has been detected. Some records have been dropped
========= 
========= Warning: Error buffer overflow has been detected. Some records have been dropped
========= 
========= Warning: Error buffer overflow has been detected. Some records have been dropped
========= 
========= Warning: Error buffer overflow has been detected. Some records have been dropped
========= 
========= Warning: Error buffer overflow has been detected. Some records have been dropped
========= 
========= Warning: Error buffer overflow has been detected. Some records have been dropped
========= 
========= Warning: Error buffer overflow has been detected. Some records have been dropped
========= 
========= Warning: Error buffer overflow has been detected. Some records have been dropped
========= 
========= Warning: Error buffer overflow has been detected. Some records have been dropped
========= 
========= Warning: Error buffer overflow has been detected. Some records have been dropped
========= 
========= Warning: Error buffer overflow has been detected. Some records have been dropped
========= 
========= Warning: Error buffer overflow has been detected. Some records have been dropped
========= 
========= Warning: Error buffer overflow has been detected. Some records have been dropped
========= 
========= Warning: Error buffer overflow has been detected. Some records have been dropped
========= 
========= Warning: Error buffer overflow has been detected. Some records have been dropped
========= 
========= Warning: Error buffer overflow has been detected. Some records have been dropped
========= 
========= Warning: Error buffer overflow has been detected. Some records have been dropped
========= 
========= Warning: Error buffer overflow has been detected. Some records have been dropped
========= 
========= Warning: Error buffer overflow has been detected. Some records have been dropped
========= 
========= Warning: Error buffer overflow has been detected. Some records have been dropped
========= 
========= Warning: Error buffer overflow has been detected. Some records have been dropped
========= 
========= Warning: Error buffer overflow has been detected. Some records have been dropped
========= 
========= Warning: Error buffer overflow has been detected. Some records have been dropped
========= 
========= Warning: Error buffer overflow has been detected. Some records have been dropped
========= 
========= Warning: Error buffer overflow has been detected. Some records have been dropped
========= 
========= Warning: Error buffer overflow has been detected. Some records have been dropped
========= 
========= Warning: Error buffer overflow has been detected. Some records have been dropped
========= 
========= Warning: Error buffer overflow has been detected. Some records have been dropped
========= 
========= Warning: Error buffer overflow has been detected. Some records have been dropped
========= 
========= Warning: Error buffer overflow has been detected. Some records have been dropped
========= 
========= Warning: Error buffer overflow has been detected. Some records have been dropped
========= 
========= Warning: Error buffer overflow has been detected. Some records have been dropped
========= 
========= Warning: Error buffer overflow has been detected. Some records have been dropped
========= 
========= Warning: Error buffer overflow has been detected. Some records have been dropped
========= 
========= Warning: Error buffer overflow has been detected. Some records have been dropped
========= 
========= Warning: Error buffer overflow has been detected. Some records have been dropped
========= 
========= Warning: Error buffer overflow has been detected. Some records have been dropped
========= 
========= Warning: Error buffer overflow has been detected. Some records have been dropped
========= 
========= Warning: Error buffer overflow has been detected. Some records have been dropped
========= 
========= Warning: Error buffer overflow has been detected. Some records have been dropped
========= 
========= Warning: Error buffer overflow has been detected. Some records have been dropped
========= 
========= Warning: Error buffer overflow has been detected. Some records have been dropped
========= 
========= Warning: Error buffer overflow has been detected. Some records have been dropped
========= 
========= Warning: Error buffer overflow has been detected. Some records have been dropped
========= 
========= Warning: Error buffer overflow has been detected. Some records have been dropped
========= 
========= Warning: Error buffer overflow has been detected. Some records have been dropped
========= 
========= Warning: Error buffer overflow has been detected. Some records have been dropped
========= 
========= Warning: Error buffer overflow has been detected. Some records have been dropped
========= 
========= Warning: Error buffer overflow has been detected. Some records have been dropped
========= 
========= Warning: Error buffer overflow has been detected. Some records have been dropped
========= 
========= Warning: Error buffer overflow has been detected. Some records have been dropped
========= 
========= Warning: Error buffer overflow has been detected. Some records have been dropped
========= 
========= Warning: Error buffer overflow has been detected. Some records have been dropped
========= 
========= Warning: Error buffer overflow has been detected. Some records have been dropped
========= 
========= Warning: Error buffer overflow has been detected. Some records have been dropped
========= 
========= Warning: Error buffer overflow has been detected. Some records have been dropped
========= 
========= Warning: Error buffer overflow has been detected. Some records have been dropped
========= 
========= Warning: Error buffer overflow has been detected. Some records have been dropped
========= 
========= Warning: Error buffer overflow has been detected. Some records have been dropped
========= 
========= Warning: Error buffer overflow has been detected. Some records have been dropped
========= 
========= Warning: Error buffer overflow has been detected. Some records have been dropped
========= 
========= Warning: Error buffer overflow has been detected. Some records have been dropped
========= 
========= Warning: Error buffer overflow has been detected. Some records have been dropped
========= 
========= Warning: Error buffer overflow has been detected. Some records have been dropped
========= 
========= Warning: Error buffer overflow has been detected. Some records have been dropped
========= 
========= Warning: Error buffer overflow has been detected. Some records have been dropped
========= 
========= Warning: Error buffer overflow has been detected. Some records have been dropped
========= 
========= Warning: Error buffer overflow has been detected. Some records have been dropped
========= 
========= Warning: Error buffer overflow has been detected. Some records have been dropped
========= 
========= Warning: Error buffer overflow has been detected. Some records have been dropped
========= 
========= Warning: Error buffer overflow has been detected. Some records have been dropped
========= 
========= Warning: Error buffer overflow has been detected. Some records have been dropped
========= 
========= Warning: Error buffer overflow has been detected. Some records have been dropped
========= 
========= Warning: Error buffer overflow has been detected. Some records have been dropped
========= 
========= Warning: Error buffer overflow has been detected. Some records have been dropped
========= 
========= Warning: Error buffer overflow has been detected. Some records have been dropped
========= 
========= Warning: Error buffer overflow has been detected. Some records have been dropped
========= 
========= Warning: Error buffer overflow has been detected. Some records have been dropped
========= 
========= Warning: Error buffer overflow has been detected. Some records have been dropped
========= 
========= Warning: Error buffer overflow has been detected. Some records have been dropped
========= 
========= Warning: Error buffer overflow has been detected. Some records have been dropped
========= 
========= Warning: Error buffer overflow has been detected. Some records have been dropped
========= 
========= Warning: Error buffer overflow has been detected. Some records have been dropped
========= 
========= Warning: Error buffer overflow has been detected. Some records have been dropped
========= 
========= Warning: Error buffer overflow has been detected. Some records have been dropped
========= 
========= Warning: Error buffer overflow has been detected. Some records have been dropped
========= 
========= Warning: Error buffer overflow has been detected. Some records have been dropped
========= 
========= Warning: Error buffer overflow has been detected. Some records have been dropped
========= 
========= Warning: Error buffer overflow has been detected. Some records have been dropped
========= 
========= Warning: Error buffer overflow has been detected. Some records have been dropped
========= 
========= Warning: Error buffer overflow has been detected. Some records have been dropped
========= 
========= Warning: Error buffer overflow has been detected. Some records have been dropped
========= 
========= Warning: Error buffer overflow has been detected. Some records have been dropped
========= 
========= Warning: Error buffer overflow has been detected. Some records have been dropped
========= 
========= Warning: Error buffer overflow has been detected. Some records have been dropped
========= 
========= Warning: Error buffer overflow has been detected. Some records have been dropped
========= 
========= Warning: Error buffer overflow has been detected. Some records have been dropped
========= 
========= Warning: Error buffer overflow has been detected. Some records have been dropped
========= 
========= Warning: Error buffer overflow has been detected. Some records have been dropped
========= 
========= Warning: Error buffer overflow has been detected. Some records have been dropped
========= 
========= Warning: Error buffer overflow has been detected. Some records have been dropped
========= 
========= Warning: Error buffer overflow has been detected. Some records have been dropped
========= 
========= Warning: Error buffer overflow has been detected. Some records have been dropped
========= 
========= Warning: Error buffer overflow has been detected. Some records have been dropped
========= 
========= Warning: Error buffer overflow has been detected. Some records have been dropped
========= 
========= Warning: Error buffer overflow has been detected. Some records have been dropped
========= 
========= Warning: Error buffer overflow has been detected. Some records have been dropped
========= 
========= Warning: Error buffer overflow has been detected. Some records have been dropped
========= 
========= Warning: Error buffer overflow has been detected. Some records have been dropped
========= 
========= Warning: Error buffer overflow has been detected. Some records have been dropped
========= 
========= Warning: Error buffer overflow has been detected. Some records have been dropped
========= 
========= Warning: Error buffer overflow has been detected. Some records have been dropped
========= 
========= Warning: Error buffer overflow has been detected. Some records have been dropped
========= 
========= Warning: Error buffer overflow has been detected. Some records have been dropped
========= 
========= Warning: Error buffer overflow has been detected. Some records have been dropped
========= 
========= Warning: Error buffer overflow has been detected. Some records have been dropped
========= 
========= Warning: Error buffer overflow has been detected. Some records have been dropped
========= 
========= Warning: Error buffer overflow has been detected. Some records have been dropped
========= 
========= Warning: Error buffer overflow has been detected. Some records have been dropped
========= 
========= Warning: Error buffer overflow has been detected. Some records have been dropped
========= 
========= Warning: Error buffer overflow has been detected. Some records have been dropped
========= 
========= Warning: Error buffer overflow has been detected. Some records have been dropped
========= 
========= Warning: Error buffer overflow has been detected. Some records have been dropped
========= 
========= Warning: Error buffer overflow has been detected. Some records have been dropped
========= 
========= Warning: Error buffer overflow has been detected. Some records have been dropped
========= 
========= Warning: Error buffer overflow has been detected. Some records have been dropped
========= 
========= Warning: Error buffer overflow has been detected. Some records have been dropped
========= 
========= Warning: Error buffer overflow has been detected. Some records have been dropped
========= 
========= Warning: Error buffer overflow has been detected. Some records have been dropped
========= 
========= Warning: Error buffer overflow has been detected. Some records have been dropped
========= 
========= Warning: Error buffer overflow has been detected. Some records have been dropped
========= 
========= Warning: Error buffer overflow has been detected. Some records have been dropped
========= 
========= Warning: Error buffer overflow has been detected. Some records have been dropped
========= 
========= Warning: Error buffer overflow has been detected. Some records have been dropped
========= 
========= Warning: Error buffer overflow has been detected. Some records have been dropped
========= 
========= Warning: Error buffer overflow has been detected. Some records have been dropped
========= 
========= Warning: Error buffer overflow has been detected. Some records have been dropped
========= 
========= Warning: Error buffer overflow has been detected. Some records have been dropped
========= 
========= Warning: Error buffer overflow has been detected. Some records have been dropped
========= 
========= Warning: Error buffer overflow has been detected. Some records have been dropped
========= 
========= Warning: Error buffer overflow has been detected. Some records have been dropped
========= 
========= Warning: Error buffer overflow has been detected. Some records have been dropped
========= 
========= Warning: Error buffer overflow has been detected. Some records have been dropped
========= 
========= Warning: Error buffer overflow has been detected. Some records have been dropped
========= 
========= Warning: Error buffer overflow has been detected. Some records have been dropped
========= 
========= Warning: Error buffer overflow has been detected. Some records have been dropped
========= 
========= Warning: Error buffer overflow has been detected. Some records have been dropped
========= 
========= Warning: Error buffer overflow has been detected. Some records have been dropped
========= 
========= Warning: Error buffer overflow has been detected. Some records have been dropped
========= 
========= Warning: Error buffer overflow has been detected. Some records have been dropped
========= 
========= Warning: Error buffer overflow has been detected. Some records have been dropped
========= 
========= Warning: Error buffer overflow has been detected. Some records have been dropped
========= 
========= Warning: Error buffer overflow has been detected. Some records have been dropped
========= 
========= Warning: Error buffer overflow has been detected. Some records have been dropped
========= 
========= Warning: Error buffer overflow has been detected. Some records have been dropped
========= 
========= Warning: Error buffer overflow has been detected. Some records have been dropped
========= 
========= Warning: Error buffer overflow has been detected. Some records have been dropped
========= 
========= Warning: Error buffer overflow has been detected. Some records have been dropped
========= 
========= Warning: Error buffer overflow has been detected. Some records have been dropped
========= 
========= Warning: Error buffer overflow has been detected. Some records have been dropped
========= 
========= Warning: Error buffer overflow has been detected. Some records have been dropped
========= 
========= Warning: Error buffer overflow has been detected. Some records have been dropped
========= 
========= Warning: Error buffer overflow has been detected. Some records have been dropped
========= 
========= Warning: Error buffer overflow has been detected. Some records have been dropped
========= 
========= Warning: Error buffer overflow has been detected. Some records have been dropped
========= 
========= Warning: Error buffer overflow has been detected. Some records have been dropped
========= 
========= Warning: Error buffer overflow has been detected. Some records have been dropped
========= 
========= Warning: Error buffer overflow has been detected. Some records have been dropped
========= 
========= Warning: Error buffer overflow has been detected. Some records have been dropped
========= 
========= Warning: Error buffer overflow has been detected. Some records have been dropped
========= 
========= Warning: Error buffer overflow has been detected. Some records have been dropped
========= 
========= Warning: Error buffer overflow has been detected. Some records have been dropped
========= 
========= Warning: Error buffer overflow has been detected. Some records have been dropped
========= 
========= Warning: Error buffer overflow has been detected. Some records have been dropped
========= 
========= Warning: Error buffer overflow has been detected. Some records have been dropped
========= 
========= Warning: Error buffer overflow has been detected. Some records have been dropped
========= 
========= Warning: Error buffer overflow has been detected. Some records have been dropped
========= 
========= Warning: Error buffer overflow has been detected. Some records have been dropped
========= 
========= Warning: Error buffer overflow has been detected. Some records have been dropped
========= 
========= Warning: Error buffer overflow has been detected. Some records have been dropped
========= 
========= Warning: Error buffer overflow has been detected. Some records have been dropped
========= 
========= Warning: Error buffer overflow has been detected. Some records have been dropped
========= 
========= Warning: Error buffer overflow has been detected. Some records have been dropped
========= 
========= Warning: Error buffer overflow has been detected. Some records have been dropped
========= 
========= Warning: Error buffer overflow has been detected. Some records have been dropped
========= 
========= Warning: Error buffer overflow has been detected. Some records have been dropped
========= 
========= Warning: Error buffer overflow has been detected. Some records have been dropped
========= 
========= Warning: Error buffer overflow has been detected. Some records have been dropped
========= 
========= Warning: Error buffer overflow has been detected. Some records have been dropped
========= 
========= Warning: Error buffer overflow has been detected. Some records have been dropped
========= 
========= Warning: Error buffer overflow has been detected. Some records have been dropped
========= 
========= Warning: Error buffer overflow has been detected. Some records have been dropped
========= 
========= Warning: Error buffer overflow has been detected. Some records have been dropped
========= 
========= Warning: Error buffer overflow has been detected. Some records have been dropped
========= 
========= Warning: Error buffer overflow has been detected. Some records have been dropped
========= 
========= Warning: Error buffer overflow has been detected. Some records have been dropped
========= 
========= Warning: Error buffer overflow has been detected. Some records have been dropped
========= 
========= Warning: Error buffer overflow has been detected. Some records have been dropped
========= 
========= Warning: Error buffer overflow has been detected. Some records have been dropped
========= 
========= Warning: Error buffer overflow has been detected. Some records have been dropped
========= 
========= Warning: Error buffer overflow has been detected. Some records have been dropped
========= 
========= Warning: Error buffer overflow has been detected. Some records have been dropped
========= 
========= Warning: Error buffer overflow has been detected. Some records have been dropped
========= 
========= Warning: Error buffer overflow has been detected. Some records have been dropped
========= 
========= Warning: Error buffer overflow has been detected. Some records have been dropped
========= 
========= Warning: Error buffer overflow has been detected. Some records have been dropped
========= 
========= Warning: Error buffer overflow has been detected. Some records have been dropped
========= 
========= Warning: Error buffer overflow has been detected. Some records have been dropped
========= 
========= Warning: Error buffer overflow has been detected. Some records have been dropped
========= 
========= Warning: Error buffer overflow has been detected. Some records have been dropped
========= 
========= Warning: Error buffer overflow has been detected. Some records have been dropped
========= 
========= Warning: Error buffer overflow has been detected. Some records have been dropped
========= 
========= Warning: Error buffer overflow has been detected. Some records have been dropped
========= 
========= Warning: Error buffer overflow has been detected. Some records have been dropped
========= 
========= Warning: Error buffer overflow has been detected. Some records have been dropped
========= 
========= Warning: Error buffer overflow has been detected. Some records have been dropped
========= 
========= Warning: Error buffer overflow has been detected. Some records have been dropped
========= 
========= Warning: Error buffer overflow has been detected. Some records have been dropped
========= 
========= Warning: Error buffer overflow has been detected. Some records have been dropped
========= 
========= Warning: Error buffer overflow has been detected. Some records have been dropped
========= 
========= Warning: Error buffer overflow has been detected. Some records have been dropped
========= 
========= Warning: Error buffer overflow has been detected. Some records have been dropped
========= 
========= Warning: Error buffer overflow has been detected. Some records have been dropped
========= 
========= Warning: Error buffer overflow has been detected. Some records have been dropped
========= 
========= Warning: Error buffer overflow has been detected. Some records have been dropped
========= 
========= Warning: Error buffer overflow has been detected. Some records have been dropped
========= 
========= Warning: Error buffer overflow has been detected. Some records have been dropped
========= 
========= Warning: Error buffer overflow has been detected. Some records have been dropped
========= 
========= Warning: Error buffer overflow has been detected. Some records have been dropped
========= 
========= Warning: Error buffer overflow has been detected. Some records have been dropped
========= 
========= Warning: Error buffer overflow has been detected. Some records have been dropped
========= 
========= Warning: Error buffer overflow has been detected. Some records have been dropped
========= 
========= Warning: Error buffer overflow has been detected. Some records have been dropped
========= 
========= Warning: Error buffer overflow has been detected. Some records have been dropped
========= 
========= Warning: Error buffer overflow has been detected. Some records have been dropped
========= 
========= Warning: Error buffer overflow has been detected. Some records have been dropped
========= 
========= Warning: Error buffer overflow has been detected. Some records have been dropped
========= 
========= Warning: Error buffer overflow has been detected. Some records have been dropped
========= 
========= Warning: Error buffer overflow has been detected. Some records have been dropped
========= 
========= Warning: Error buffer overflow has been detected. Some records have been dropped
========= 
========= Warning: Error buffer overflow has been detected. Some records have been dropped
========= 
========= Warning: Error buffer overflow has been detected. Some records have been dropped
========= 
========= Warning: Error buffer overflow has been detected. Some records have been dropped
========= 
========= Warning: Error buffer overflow has been detected. Some records have been dropped
========= 
========= Warning: Error buffer overflow has been detected. Some records have been dropped
========= 
========= Warning: Error buffer overflow has been detected. Some records have been dropped
========= 
========= Warning: Error buffer overflow has been detected. Some records have been dropped
========= 
========= Warning: Error buffer overflow has been detected. Some records have been dropped
========= 
========= Warning: Error buffer overflow has been detected. Some records have been dropped
========= 
========= Warning: Error buffer overflow has been detected. Some records have been dropped
========= 
========= Warning: Error buffer overflow has been detected. Some records have been dropped
========= 
========= Warning: Error buffer overflow has been detected. Some records have been dropped
========= 
========= Warning: Error buffer overflow has been detected. Some records have been dropped
========= 
========= Warning: Error buffer overflow has been detected. Some records have been dropped
========= 
========= Warning: Error buffer overflow has been detected. Some records have been dropped
========= 
========= Warning: Error buffer overflow has been detected. Some records have been dropped
========= 
========= Warning: Error buffer overflow has been detected. Some records have been dropped
========= 
========= Warning: Error buffer overflow has been detected. Some records have been dropped
========= 
========= Warning: Error buffer overflow has been detected. Some records have been dropped
========= 
========= Warning: Error buffer overflow has been detected. Some records have been dropped
========= 
========= Warning: Error buffer overflow has been detected. Some records have been dropped
========= 
========= Warning: Error buffer overflow has been detected. Some records have been dropped
========= 
========= Warning: Error buffer overflow has been detected. Some records have been dropped
========= 
========= Warning: Error buffer overflow has been detected. Some records have been dropped
========= 
========= Warning: Error buffer overflow has been detected. Some records have been dropped
========= 
========= Warning: Error buffer overflow has been detected. Some records have been dropped
========= 
========= Warning: Error buffer overflow has been detected. Some records have been dropped
========= 
========= Warning: Error buffer overflow has been detected. Some records have been dropped
========= 
========= Warning: Error buffer overflow has been detected. Some records have been dropped
========= 
========= Warning: Error buffer overflow has been detected. Some records have been dropped
========= 
========= Warning: Error buffer overflow has been detected. Some records have been dropped
========= 
========= Warning: Error buffer overflow has been detected. Some records have been dropped
========= 
========= Warning: Error buffer overflow has been detected. Some records have been dropped
========= 
========= Warning: Error buffer overflow has been detected. Some records have been dropped
========= 
========= Warning: Error buffer overflow has been detected. Some records have been dropped
========= 
========= Warning: Error buffer overflow has been detected. Some records have been dropped
========= 
========= Warning: Error buffer overflow has been detected. Some records have been dropped
========= 
========= Warning: Error buffer overflow has been detected. Some records have been dropped
========= 
========= Warning: Error buffer overflow has been detected. Some records have been dropped
========= 
========= Warning: Error buffer overflow has been detected. Some records have been dropped
========= 
========= Warning: Error buffer overflow has been detected. Some records have been dropped
========= 
========= Warning: Error buffer overflow has been detected. Some records have been dropped
========= 
========= Warning: Error buffer overflow has been detected. Some records have been dropped
========= 
========= Warning: Error buffer overflow has been detected. Some records have been dropped
========= 
========= Warning: Error buffer overflow has been detected. Some records have been dropped
========= 
========= Warning: Error buffer overflow has been detected. Some records have been dropped
========= 
========= Warning: Error buffer overflow has been detected. Some records have been dropped
========= 
========= Warning: Error buffer overflow has been detected. Some records have been dropped
========= 
========= Warning: Error buffer overflow has been detected. Some records have been dropped
========= 
========= Warning: Error buffer overflow has been detected. Some records have been dropped
========= 
========= Warning: Error buffer overflow has been detected. Some records have been dropped
========= 
========= Warning: Error buffer overflow has been detected. Some records have been dropped
========= 
========= Warning: Error buffer overflow has been detected. Some records have been dropped
========= 
========= Warning: Error buffer overflow has been detected. Some records have been dropped
========= 
========= Warning: Error buffer overflow has been detected. Some records have been dropped
========= 
========= Warning: Error buffer overflow has been detected. Some records have been dropped
========= 
========= Warning: Error buffer overflow has been detected. Some records have been dropped
========= 
========= Warning: Error buffer overflow has been detected. Some records have been dropped
========= 
========= Warning: Error buffer overflow has been detected. Some records have been dropped
========= 
========= Warning: Error buffer overflow has been detected. Some records have been dropped
========= 
========= Warning: Error buffer overflow has been detected. Some records have been dropped
========= 
========= Warning: Error buffer overflow has been detected. Some records have been dropped
========= 
========= Warning: Error buffer overflow has been detected. Some records have been dropped
========= 
========= Warning: Error buffer overflow has been detected. Some records have been dropped
========= 
========= Warning: Error buffer overflow has been detected. Some records have been dropped
========= 
========= Warning: Error buffer overflow has been detected. Some records have been dropped
========= 
========= Warning: Error buffer overflow has been detected. Some records have been dropped
========= 
========= Warning: Error buffer overflow has been detected. Some records have been dropped
========= 
========= Warning: Error buffer overflow has been detected. Some records have been dropped
========= 
========= Warning: Error buffer overflow has been detected. Some records have been dropped
========= 
========= Warning: Error buffer overflow has been detected. Some records have been dropped
========= 
========= Warning: Error buffer overflow has been detected. Some records have been dropped
========= 
========= Warning: Error buffer overflow has been detected. Some records have been dropped
========= 
========= Warning: Error buffer overflow has been detected. Some records have been dropped
========= 
========= Warning: Error buffer overflow has been detected. Some records have been dropped
========= 
========= Warning: Error buffer overflow has been detected. Some records have been dropped
========= 
========= Warning: Error buffer overflow has been detected. Some records have been dropped
========= 
========= Warning: Error buffer overflow has been detected. Some records have been dropped
========= 
========= Warning: Error buffer overflow has been detected. Some records have been dropped
========= 
========= Warning: Error buffer overflow has been detected. Some records have been dropped
========= 
========= Warning: Error buffer overflow has been detected. Some records have been dropped
========= 
========= Warning: Error buffer overflow has been detected. Some records have been dropped
========= 
========= Warning: Error buffer overflow has been detected. Some records have been dropped
========= 
========= Warning: Error buffer overflow has been detected. Some records have been dropped
========= 
========= Warning: Error buffer overflow has been detected. Some records have been dropped
========= 
========= Warning: Error buffer overflow has been detected. Some records have been dropped
========= 
========= Warning: Error buffer overflow has been detected. Some records have been dropped
========= 
========= Warning: Error buffer overflow has been detected. Some records have been dropped
========= 
========= Warning: Error buffer overflow has been detected. Some records have been dropped
========= 
========= Warning: Error buffer overflow has been detected. Some records have been dropped
========= 
========= Warning: Error buffer overflow has been detected. Some records have been dropped
========= 
========= Warning: Error buffer overflow has been detected. Some records have been dropped
========= 
========= Warning: Error buffer overflow has been detected. Some records have been dropped
========= 
========= Warning: Error buffer overflow has been detected. Some records have been dropped
========= 
========= Warning: Error buffer overflow has been detected. Some records have been dropped
========= 
========= Warning: Error buffer overflow has been detected. Some records have been dropped
========= 
========= Warning: Error buffer overflow has been detected. Some records have been dropped
========= 
========= Warning: Error buffer overflow has been detected. Some records have been dropped
========= 
========= Warning: Error buffer overflow has been detected. Some records have been dropped
========= 
========= Warning: Error buffer overflow has been detected. Some records have been dropped
========= 
========= Warning: Error buffer overflow has been detected. Some records have been dropped
========= 
========= Warning: Error buffer overflow has been detected. Some records have been dropped
========= 
========= Warning: Error buffer overflow has been detected. Some records have been dropped
========= 
========= Warning: Error buffer overflow has been detected. Some records have been dropped
========= 
========= Warning: Error buffer overflow has been detected. Some records have been dropped
========= 
========= Warning: Error buffer overflow has been detected. Some records have been dropped
========= 
========= Warning: Error buffer overflow has been detected. Some records have been dropped
========= 
========= Warning: Error buffer overflow has been detected. Some records have been dropped
========= 
========= Warning: Error buffer overflow has been detected. Some records have been dropped
========= 
========= Warning: Error buffer overflow has been detected. Some records have been dropped
========= 
========= Warning: Error buffer overflow has been detected. Some records have been dropped
========= 
========= Warning: Error buffer overflow has been detected. Some records have been dropped
========= 
========= Warning: Error buffer overflow has been detected. Some records have been dropped
========= 
========= Warning: Error buffer overflow has been detected. Some records have been dropped
========= 
========= Warning: Error buffer overflow has been detected. Some records have been dropped
========= 
========= Warning: Error buffer overflow has been detected. Some records have been dropped
========= 
========= Warning: Error buffer overflow has been detected. Some records have been dropped
========= 
========= Warning: Error buffer overflow has been detected. Some records have been dropped
========= 
========= Warning: Error buffer overflow has been detected. Some records have been dropped
========= 
========= Warning: Error buffer overflow has been detected. Some records have been dropped
========= 
========= Warning: Error buffer overflow has been detected. Some records have been dropped
========= 
========= Warning: Error buffer overflow has been detected. Some records have been dropped
========= 
========= Warning: Error buffer overflow has been detected. Some records have been dropped
========= 
========= Warning: Error buffer overflow has been detected. Some records have been dropped
========= 
========= Warning: Error buffer overflow has been detected. Some records have been dropped
========= 
========= Warning: Error buffer overflow has been detected. Some records have been dropped
========= 
========= Warning: Error buffer overflow has been detected. Some records have been dropped
========= 
========= Warning: Error buffer overflow has been detected. Some records have been dropped
========= 
========= Warning: Error buffer overflow has been detected. Some records have been dropped
========= 
========= Warning: Error buffer overflow has been detected. Some records have been dropped
========= 
========= Warning: Error buffer overflow has been detected. Some records have been dropped
========= 
========= Warning: Error buffer overflow has been detected. Some records have been dropped
========= 
========= Warning: Error buffer overflow has been detected. Some records have been dropped
========= 
========= Warning: Error buffer overflow has been detected. Some records have been dropped
========= 
========= Warning: Error buffer overflow has been detected. Some records have been dropped
========= 
========= Warning: Error buffer overflow has been detected. Some records have been dropped
========= 
========= Warning: Error buffer overflow has been detected. Some records have been dropped
========= 
========= Warning: Error buffer overflow has been detected. Some records have been dropped
========= 
========= Warning: Error buffer overflow has been detected. Some records have been dropped
========= 
========= Warning: Error buffer overflow has been detected. Some records have been dropped
========= 
========= Warning: Error buffer overflow has been detected. Some records have been dropped
========= 
========= Warning: Error buffer overflow has been detected. Some records have been dropped
========= 
========= Warning: Error buffer overflow has been detected. Some records have been dropped
========= 
========= Warning: Error buffer overflow has been detected. Some records have been dropped
========= 
========= Warning: Error buffer overflow has been detected. Some records have been dropped
========= 
========= Warning: Error buffer overflow has been detected. Some records have been dropped
========= 
========= Warning: Error buffer overflow has been detected. Some records have been dropped
========= 
========= Warning: Error buffer overflow has been detected. Some records have been dropped
========= 
========= Warning: Error buffer overflow has been detected. Some records have been dropped
========= 
========= Warning: Error buffer overflow has been detected. Some records have been dropped
========= 
========= Warning: Error buffer overflow has been detected. Some records have been dropped
========= 
========= Warning: Error buffer overflow has been detected. Some records have been dropped
========= 
========= Warning: Error buffer overflow has been detected. Some records have been dropped
========= 
========= Warning: Error buffer overflow has been detected. Some records have been dropped
========= 
========= Warning: Error buffer overflow has been detected. Some records have been dropped
========= 
========= Warning: Error buffer overflow has been detected. Some records have been dropped
========= 
========= Warning: Error buffer overflow has been detected. Some records have been dropped
========= 
========= Warning: Error buffer overflow has been detected. Some records have been dropped
========= 
========= Warning: Error buffer overflow has been detected. Some records have been dropped
========= 
========= Warning: Error buffer overflow has been detected. Some records have been dropped
========= 
========= Warning: Error buffer overflow has been detected. Some records have been dropped
========= 
========= Warning: Error buffer overflow has been detected. Some records have been dropped
========= 
========= Warning: Error buffer overflow has been detected. Some records have been dropped
========= 
========= Warning: Error buffer overflow has been detected. Some records have been dropped
========= 
========= Warning: Error buffer overflow has been detected. Some records have been dropped
========= 
========= Warning: Error buffer overflow has been detected. Some records have been dropped
========= 
========= Warning: Error buffer overflow has been detected. Some records have been dropped
========= 
========= Warning: Error buffer overflow has been detected. Some records have been dropped
========= 
========= Warning: Error buffer overflow has been detected. Some records have been dropped
========= 
========= Warning: Error buffer overflow has been detected. Some records have been dropped
========= 
========= Warning: Error buffer overflow has been detected. Some records have been dropped
========= 
========= Warning: Error buffer overflow has been detected. Some records have been dropped
========= 
========= Warning: Error buffer overflow has been detected. Some records have been dropped
========= 
========= Warning: Error buffer overflow has been detected. Some records have been dropped
========= 
========= Warning: Error buffer overflow has been detected. Some records have been dropped
========= 
========= Warning: Error buffer overflow has been detected. Some records have been dropped
========= 
========= Warning: Error buffer overflow has been detected. Some records have been dropped
========= 
========= Warning: Error buffer overflow has been detected. Some records have been dropped
========= 
========= Warning: Error buffer overflow has been detected. Some records have been dropped
========= 
========= Warning: Error buffer overflow has been detected. Some records have been dropped
========= 
========= Warning: Error buffer overflow has been detected. Some records have been dropped
========= 
========= Warning: Error buffer overflow has been detected. Some records have been dropped
========= 
========= Warning: Error buffer overflow has been detected. Some records have been dropped
========= 
========= Warning: Error buffer overflow has been detected. Some records have been dropped
========= 
========= Warning: Error buffer overflow has been detected. Some records have been dropped
========= 
========= Warning: Error buffer overflow has been detected. Some records have been dropped
========= 
========= Warning: Error buffer overflow has been detected. Some records have been dropped
========= 
========= Warning: Error buffer overflow has been detected. Some records have been dropped
========= 
========= Warning: Error buffer overflow has been detected. Some records have been dropped
========= 
========= Warning: Error buffer overflow has been detected. Some records have been dropped
========= 
========= Warning: Error buffer overflow has been detected. Some records have been dropped
========= 
========= Warning: Error buffer overflow has been detected. Some records have been dropped
========= 
========= Warning: Error buffer overflow has been detected. Some records have been dropped
========= 
========= Warning: Error buffer overflow has been detected. Some records have been dropped
========= 
========= Warning: Error buffer overflow has been detected. Some records have been dropped
========= 
========= Warning: Error buffer overflow has been detected. Some records have been dropped
========= 
========= Warning: Error buffer overflow has been detected. Some records have been dropped
========= 
========= Warning: Error buffer overflow has been detected. Some records have been dropped
========= 
========= Warning: Error buffer overflow has been detected. Some records have been dropped
========= 
========= Warning: Error buffer overflow has been detected. Some records have been dropped
========= 
========= Warning: Error buffer overflow has been detected. Some records have been dropped
========= 
========= Warning: Error buffer overflow has been detected. Some records have been dropped
========= 
========= Warning: Error buffer overflow has been detected. Some records have been dropped
========= 
========= Warning: Error buffer overflow has been detected. Some records have been dropped
========= 
========= Warning: Error buffer overflow has been detected. Some records have been dropped
========= 
========= Warning: Error buffer overflow has been detected. Some records have been dropped
========= 
========= Warning: Error buffer overflow has been detected. Some records have been dropped
========= 
========= Warning: Error buffer overflow has been detected. Some records have been dropped
========= 
========= Warning: Error buffer overflow has been detected. Some records have been dropped
========= 
========= Warning: Error buffer overflow has been detected. Some records have been dropped
========= 
========= Warning: Error buffer overflow has been detected. Some records have been dropped
========= 
========= Warning: Error buffer overflow has been detected. Some records have been dropped
========= 
========= Warning: Error buffer overflow has been detected. Some records have been dropped
========= 
========= Warning: Error buffer overflow has been detected. Some records have been dropped
========= 
========= Warning: Error buffer overflow has been detected. Some records have been dropped
========= 
========= Warning: Error buffer overflow has been detected. Some records have been dropped
========= 
========= Warning: Error buffer overflow has been detected. Some records have been dropped
========= 
========= Warning: Error buffer overflow has been detected. Some records have been dropped
========= 
========= Warning: Error buffer overflow has been detected. Some records have been dropped
========= 
========= Warning: Error buffer overflow has been detected. Some records have been dropped
========= 
========= Warning: Error buffer overflow has been detected. Some records have been dropped
========= 
========= Warning: Error buffer overflow has been detected. Some records have been dropped
========= 
========= Warning: Error buffer overflow has been detected. Some records have been dropped
========= 
========= Warning: Error buffer overflow has been detected. Some records have been dropped
========= 
========= Warning: Error buffer overflow has been detected. Some records have been dropped
========= 
========= Warning: Error buffer overflow has been detected. Some records have been dropped
========= 
========= Warning: Error buffer overflow has been detected. Some records have been dropped
========= 
========= Warning: Error buffer overflow has been detected. Some records have been dropped
========= 
========= Warning: Error buffer overflow has been detected. Some records have been dropped
========= 
========= Warning: Error buffer overflow has been detected. Some records have been dropped
========= 
========= Warning: Error buffer overflow has been detected. Some records have been dropped
========= 
========= Warning: Error buffer overflow has been detected. Some records have been dropped
========= 
========= Warning: Error buffer overflow has been detected. Some records have been dropped
========= 
========= Warning: Error buffer overflow has been detected. Some records have been dropped
========= 
========= Warning: Error buffer overflow has been detected. Some records have been dropped
========= 
========= Warning: Error buffer overflow has been detected. Some records have been dropped
========= 
========= Warning: Error buffer overflow has been detected. Some records have been dropped
========= 
========= Warning: Error buffer overflow has been detected. Some records have been dropped
========= 
========= Warning: Error buffer overflow has been detected. Some records have been dropped
========= 
========= Warning: Error buffer overflow has been detected. Some records have been dropped
========= 
========= Warning: Error buffer overflow has been detected. Some records have been dropped
========= 
========= Warning: Error buffer overflow has been detected. Some records have been dropped
========= 
========= Warning: Error buffer overflow has been detected. Some records have been dropped
========= 
========= Warning: Error buffer overflow has been detected. Some records have been dropped
========= 
========= Warning: Error buffer overflow has been detected. Some records have been dropped
========= 
========= Warning: Error buffer overflow has been detected. Some records have been dropped
========= 
========= Warning: Error buffer overflow has been detected. Some records have been dropped
========= 
========= Warning: Error buffer overflow has been detected. Some records have been dropped
========= 
========= Warning: Error buffer overflow has been detected. Some records have been dropped
========= 
========= Warning: Error buffer overflow has been detected. Some records have been dropped
========= 
========= Warning: Error buffer overflow has been detected. Some records have been dropped
========= 
========= Warning: Error buffer overflow has been detected. Some records have been dropped
========= 
========= Warning: Error buffer overflow has been detected. Some records have been dropped
========= 
========= Warning: Error buffer overflow has been detected. Some records have been dropped
========= 
========= Warning: Error buffer overflow has been detected. Some records have been dropped
========= 
========= Warning: Error buffer overflow has been detected. Some records have been dropped
========= 
========= Warning: Error buffer overflow has been detected. Some records have been dropped
========= 
========= Warning: Error buffer overflow has been detected. Some records have been dropped
========= 
========= Warning: Error buffer overflow has been detected. Some records have been dropped
========= 
========= Warning: Error buffer overflow has been detected. Some records have been dropped
========= 
========= Warning: Error buffer overflow has been detected. Some records have been dropped
========= 
========= Warning: Error buffer overflow has been detected. Some records have been dropped
========= 
========= Warning: Error buffer overflow has been detected. Some records have been dropped
========= 
========= Warning: Error buffer overflow has been detected. Some records have been dropped
========= 
========= Warning: Error buffer overflow has been detected. Some records have been dropped
========= 
========= Warning: Error buffer overflow has been detected. Some records have been dropped
========= 
========= Warning: Error buffer overflow has been detected. Some records have been dropped
========= 
========= Warning: Error buffer overflow has been detected. Some records have been dropped
========= 
========= Warning: Error buffer overflow has been detected. Some records have been dropped
========= 
========= Warning: Error buffer overflow has been detected. Some records have been dropped
========= 
========= Warning: Error buffer overflow has been detected. Some records have been dropped
========= 
========= Warning: Error buffer overflow has been detected. Some records have been dropped
========= 
========= Warning: Error buffer overflow has been detected. Some records have been dropped
========= 
========= Warning: Error buffer overflow has been detected. Some records have been dropped
========= 
========= Warning: Error buffer overflow has been detected. Some records have been dropped
========= 
========= Warning: Error buffer overflow has been detected. Some records have been dropped
========= 
========= Warning: Error buffer overflow has been detected. Some records have been dropped
========= 
========= Warning: Error buffer overflow has been detected. Some records have been dropped
========= 
========= Warning: Error buffer overflow has been detected. Some records have been dropped
========= 
========= Warning: Error buffer overflow has been detected. Some records have been dropped
========= 
========= Warning: Error buffer overflow has been detected. Some records have been dropped
========= 
========= Warning: Error buffer overflow has been detected. Some records have been dropped
========= 
========= Warning: Error buffer overflow has been detected. Some records have been dropped
========= 
========= Warning: Error buffer overflow has been detected. Some records have been dropped
========= 
========= Warning: Error buffer overflow has been detected. Some records have been dropped
========= 
========= Warning: Error buffer overflow has been detected. Some records have been dropped
========= 
========= Warning: Error buffer overflow has been detected. Some records have been dropped
========= 
========= Warning: Error buffer overflow has been detected. Some records have been dropped
========= 
========= Warning: Error buffer overflow has been detected. Some records have been dropped
========= 
========= Warning: Error buffer overflow has been detected. Some records have been dropped
========= 
========= Warning: Error buffer overflow has been detected. Some records have been dropped
========= 
========= Warning: Error buffer overflow has been detected. Some records have been dropped
========= 
========= Warning: Error buffer overflow has been detected. Some records have been dropped
========= 
========= Warning: Error buffer overflow has been detected. Some records have been dropped
========= 
========= Warning: Error buffer overflow has been detected. Some records have been dropped
========= 
========= Warning: Error buffer overflow has been detected. Some records have been dropped
========= 
========= Warning: Error buffer overflow has been detected. Some records have been dropped
========= 
========= Warning: Error buffer overflow has been detected. Some records have been dropped
========= 
========= Warning: Error buffer overflow has been detected. Some records have been dropped
========= 
========= Warning: Error buffer overflow has been detected. Some records have been dropped
========= 
========= Warning: Error buffer overflow has been detected. Some records have been dropped
========= 
========= Warning: Error buffer overflow has been detected. Some records have been dropped
========= 
========= Warning: Error buffer overflow has been detected. Some records have been dropped
========= 
========= Warning: Error buffer overflow has been detected. Some records have been dropped
========= 
========= Warning: Error buffer overflow has been detected. Some records have been dropped
========= 
========= Warning: Error buffer overflow has been detected. Some records have been dropped
========= 
========= Warning: Error buffer overflow has been detected. Some records have been dropped
========= 
========= Warning: Error buffer overflow has been detected. Some records have been dropped
========= 
========= Warning: Error buffer overflow has been detected. Some records have been dropped
========= 
========= Warning: Error buffer overflow has been detected. Some records have been dropped
========= 
========= Warning: Error buffer overflow has been detected. Some records have been dropped
========= 
========= Warning: Error buffer overflow has been detected. Some records have been dropped
========= 
========= Warning: Error buffer overflow has been detected. Some records have been dropped
========= 
========= Warning: Error buffer overflow has been detected. Some records have been dropped
========= 
========= Warning: Error buffer overflow has been detected. Some records have been dropped
========= 
========= Warning: Error buffer overflow has been detected. Some records have been dropped
========= 
========= Warning: Error buffer overflow has been detected. Some records have been dropped
========= 
========= Warning: Error buffer overflow has been detected. Some records have been dropped
========= 
========= Warning: Error buffer overflow has been detected. Some records have been dropped
========= 
========= Warning: Error buffer overflow has been detected. Some records have been dropped
========= 
========= Warning: Error buffer overflow has been detected. Some records have been dropped
========= 
========= Warning: Error buffer overflow has been detected. Some records have been dropped
========= 
========= Warning: Error buffer overflow has been detected. Some records have been dropped
========= 
========= Warning: Error buffer overflow has been detected. Some records have been dropped
========= 
========= Warning: Error buffer overflow has been detected. Some records have been dropped
========= 
========= Warning: Error buffer overflow has been detected. Some records have been dropped
========= 
========= Warning: Error buffer overflow has been detected. Some records have been dropped
========= 
========= Warning: Error buffer overflow has been detected. Some records have been dropped
========= 
========= Warning: Error buffer overflow has been detected. Some records have been dropped
========= 
========= Warning: Error buffer overflow has been detected. Some records have been dropped
========= 
========= Warning: Error buffer overflow has been detected. Some records have been dropped
========= 
========= Warning: Error buffer overflow has been detected. Some records have been dropped
========= 
========= Warning: Error buffer overflow has been detected. Some records have been dropped
========= 
========= Warning: Error buffer overflow has been detected. Some records have been dropped
========= 
========= Warning: Error buffer overflow has been detected. Some records have been dropped
========= 
========= Warning: Error buffer overflow has been detected. Some records have been dropped
========= 
========= Warning: Error buffer overflow has been detected. Some records have been dropped
========= 
========= Warning: Error buffer overflow has been detected. Some records have been dropped
========= 
========= Warning: Error buffer overflow has been detected. Some records have been dropped
========= 
========= Warning: Error buffer overflow has been detected. Some records have been dropped
========= 
========= Warning: Error buffer overflow has been detected. Some records have been dropped
========= 
========= Warning: Error buffer overflow has been detected. Some records have been dropped
========= 
========= Warning: Error buffer overflow has been detected. Some records have been dropped
========= 
========= Warning: Error buffer overflow has been detected. Some records have been dropped
========= 
========= Warning: Error buffer overflow has been detected. Some records have been dropped
========= 
========= Warning: Error buffer overflow has been detected. Some records have been dropped
========= 
========= Warning: Error buffer overflow has been detected. Some records have been dropped
========= 
========= Warning: Error buffer overflow has been detected. Some records have been dropped
========= 
========= Warning: Error buffer overflow has been detected. Some records have been dropped
========= 
========= Warning: Error buffer overflow has been detected. Some records have been dropped
========= 
========= Warning: Error buffer overflow has been detected. Some records have been dropped
========= 
========= Warning: Error buffer overflow has been detected. Some records have been dropped
========= 
========= Warning: Error buffer overflow has been detected. Some records have been dropped
========= 
========= Warning: Error buffer overflow has been detected. Some records have been dropped
========= 
========= Warning: Error buffer overflow has been detected. Some records have been dropped
========= 
========= Warning: Error buffer overflow has been detected. Some records have been dropped
========= 
========= Warning: Error buffer overflow has been detected. Some records have been dropped
========= 
========= Warning: Error buffer overflow has been detected. Some records have been dropped
========= 
========= Warning: Error buffer overflow has been detected. Some records have been dropped
========= 
========= Warning: Error buffer overflow has been detected. Some records have been dropped
========= 
========= Warning: Error buffer overflow has been detected. Some records have been dropped
========= 
========= Warning: Error buffer overflow has been detected. Some records have been dropped
========= 
========= Warning: Error buffer overflow has been detected. Some records have been dropped
========= 
========= Warning: Error buffer overflow has been detected. Some records have been dropped
========= 
========= Warning: Error buffer overflow has been detected. Some records have been dropped
========= 
========= Warning: Error buffer overflow has been detected. Some records have been dropped
========= 
========= Warning: Error buffer overflow has been detected. Some records have been dropped
========= 
========= Warning: Error buffer overflow has been detected. Some records have been dropped
========= 
========= Warning: Error buffer overflow has been detected. Some records have been dropped
========= 
========= Warning: Error buffer overflow has been detected. Some records have been dropped
========= 
========= Warning: Error buffer overflow has been detected. Some records have been dropped
========= 
========= Warning: Error buffer overflow has been detected. Some records have been dropped
========= 
========= Warning: Error buffer overflow has been detected. Some records have been dropped
========= 
========= Warning: Error buffer overflow has been detected. Some records have been dropped
========= 
========= Warning: Error buffer overflow has been detected. Some records have been dropped
========= 
========= Warning: Error buffer overflow has been detected. Some records have been dropped
========= 
========= Warning: Error buffer overflow has been detected. Some records have been dropped
========= 
========= Warning: Error buffer overflow has been detected. Some records have been dropped
========= 
========= Warning: Error buffer overflow has been detected. Some records have been dropped
========= 
========= Warning: Error buffer overflow has been detected. Some records have been dropped
========= 
========= Warning: Error buffer overflow has been detected. Some records have been dropped
========= 
========= Warning: Error buffer overflow has been detected. Some records have been dropped
========= 
========= Warning: Error buffer overflow has been detected. Some records have been dropped
========= 
========= Warning: Error buffer overflow has been detected. Some records have been dropped
========= 
========= ERROR SUMMARY: 290910 errors
========= ERROR SUMMARY: 289680 errors were not printed. Use --print-limit option to adjust the number of printed errors
========= 
========= 58919252 errors were skipped (error buffer overflow).
rc=0
