PKG /home/ubuntu/w/r6/python/ctranslate2/__init__.py /home/ubuntu/w/r6/install/lib/libctranslate2.so.4.8.2
========= COMPUTE-SANITIZER
========= Uninitialized __global__ memory read of size 16 bytes
=========     at void flash_fwd_kernel<Flash_fwd_kernel_traits<(int)64, (int)128, (int)128, (int)4, (bool)0, (bool)0, cutlass::half_t, Flash_kernel_traits<(int)64, (int)128, (int)128, (int)4, cutlass::half_t>>, (bool)0, (bool)0, (bool)0, (bool)0, (bool)1, (bool)0>(Flash_fwd_params)+0xa10
=========     by thread (0,0,0) in block (0,0,3)
=========     Address 0xe2742cf80
========= 
========= Uninitialized __global__ memory read of size 16 bytes
=========     at void flash_fwd_kernel<Flash_fwd_kernel_traits<(int)64, (int)128, (int)128, (int)4, (bool)0, (bool)0, cutlass::half_t, Flash_kernel_traits<(int)64, (int)128, (int)128, (int)4, cutlass::half_t>>, (bool)0, (bool)0, (bool)0, (bool)0, (bool)1, (bool)0>(Flash_fwd_params)+0xa10
=========     by thread (1,0,0) in block (0,0,3)
=========     Address 0xe2742cf90
========= 
========= Uninitialized __global__ memory read of size 16 bytes
=========     at void flash_fwd_kernel<Flash_fwd_kernel_traits<(int)64, (int)128, (int)128, (int)4, (bool)0, (bool)0, cutlass::half_t, Flash_kernel_traits<(int)64, (int)128, (int)128, (int)4, cutlass::half_t>>, (bool)0, (bool)0, (bool)0, (bool)0, (bool)1, (bool)0>(Flash_fwd_params)+0xa10
=========     by thread (2,0,0) in block (0,0,3)
=========     Address 0xe2742cfa0
========= 
========= Uninitialized __global__ memory read of size 16 bytes
=========     at void flash_fwd_kernel<Flash_fwd_kernel_traits<(int)64, (int)128, (int)128, (int)4, (bool)0, (bool)0, cutlass::half_t, Flash_kernel_traits<(int)64, (int)128, (int)128, (int)4, cutlass::half_t>>, (bool)0, (bool)0, (bool)0, (bool)0, (bool)1, (bool)0>(Flash_fwd_params)+0xa10
=========     by thread (3,0,0) in block (0,0,3)
=========     Address 0xe2742cfb0
========= 
========= Uninitialized __global__ memory read of size 16 bytes
=========     at void flash_fwd_kernel<Flash_fwd_kernel_traits<(int)64, (int)128, (int)128, (int)4, (bool)0, (bool)0, cutlass::half_t, Flash_kernel_traits<(int)64, (int)128, (int)128, (int)4, cutlass::half_t>>, (bool)0, (bool)0, (bool)0, (bool)0, (bool)1, (bool)0>(Flash_fwd_params)+0xa10
=========     by thread (4,0,0) in block (0,0,3)
=========     Address 0xe2742cfc0
========= 
========= Uninitialized __global__ memory read of size 16 bytes
=========     at void flash_fwd_kernel<Flash_fwd_kernel_traits<(int)64, (int)128, (int)128, (int)4, (bool)0, (bool)0, cutlass::half_t, Flash_kernel_traits<(int)64, (int)128, (int)128, (int)4, cutlass::half_t>>, (bool)0, (bool)0, (bool)0, (bool)0, (bool)1, (bool)0>(Flash_fwd_params)+0xa10
=========     by thread (5,0,0) in block (0,0,3)
=========     Address 0xe2742cfd0
========= 
========= Uninitialized __global__ memory read of size 16 bytes
=========     at void flash_fwd_kernel<Flash_fwd_kernel_traits<(int)64, (int)128, (int)128, (int)4, (bool)0, (bool)0, cutlass::half_t, Flash_kernel_traits<(int)64, (int)128, (int)128, (int)4, cutlass::half_t>>, (bool)0, (bool)0, (bool)0, (bool)0, (bool)1, (bool)0>(Flash_fwd_params)+0xa10
=========     by thread (6,0,0) in block (0,0,3)
=========     Address 0xe2742cfe0
========= 
========= Uninitialized __global__ memory read of size 16 bytes
=========     at void flash_fwd_kernel<Flash_fwd_kernel_traits<(int)64, (int)128, (int)128, (int)4, (bool)0, (bool)0, cutlass::half_t, Flash_kernel_traits<(int)64, (int)128, (int)128, (int)4, cutlass::half_t>>, (bool)0, (bool)0, (bool)0, (bool)0, (bool)1, (bool)0>(Flash_fwd_params)+0xa10
=========     by thread (7,0,0) in block (0,0,3)
=========     Address 0xe2742cff0
========= 
========= Uninitialized __global__ memory read of size 16 bytes
=========     at void flash_fwd_kernel<Flash_fwd_kernel_traits<(int)64, (int)128, (int)128, (int)4, (bool)0, (bool)0, cutlass::half_t, Flash_kernel_traits<(int)64, (int)128, (int)128, (int)4, cutlass::half_t>>, (bool)0, (bool)0, (bool)0, (bool)0, (bool)1, (bool)0>(Flash_fwd_params)+0xa10
=========     by thread (8,0,0) in block (0,0,3)
=========     Address 0xe2742d580
========= 
========= Uninitialized __global__ memory read of size 16 bytes
=========     at void flash_fwd_kernel<Flash_fwd_kernel_traits<(int)64, (int)128, (int)128, (int)4, (bool)0, (bool)0, cutlass::half_t, Flash_kernel_traits<(int)64, (int)128, (int)128, (int)4, cutlass::half_t>>, (bool)0, (bool)0, (bool)0, (bool)0, (bool)1, (bool)0>(Flash_fwd_params)+0xa10
=========     by thread (9,0,0) in block (0,0,3)
=========     Address 0xe2742d590
========= 
========= Uninitialized __global__ memory read of size 16 bytes
=========     at void flash_fwd_kernel<Flash_fwd_kernel_traits<(int)64, (int)128, (int)128, (int)4, (bool)0, (bool)0, cutlass::half_t, Flash_kernel_traits<(int)64, (int)128, (int)128, (int)4, cutlass::half_t>>, (bool)0, (bool)0, (bool)0, (bool)0, (bool)1, (bool)0>(Flash_fwd_params)+0xa10
=========     by thread (10,0,0) in block (0,0,3)
=========     Address 0xe2742d5a0
========= 
========= Uninitialized __global__ memory read of size 16 bytes
=========     at void flash_fwd_kernel<Flash_fwd_kernel_traits<(int)64, (int)128, (int)128, (int)4, (bool)0, (bool)0, cutlass::half_t, Flash_kernel_traits<(int)64, (int)128, (int)128, (int)4, cutlass::half_t>>, (bool)0, (bool)0, (bool)0, (bool)0, (bool)1, (bool)0>(Flash_fwd_params)+0xa10
=========     by thread (11,0,0) in block (0,0,3)
=========     Address 0xe2742d5b0
========= 
========= Uninitialized __global__ memory read of size 16 bytes
=========     at void flash_fwd_kernel<Flash_fwd_kernel_traits<(int)64, (int)128, (int)128, (int)4, (bool)0, (bool)0, cutlass::half_t, Flash_kernel_traits<(int)64, (int)128, (int)128, (int)4, cutlass::half_t>>, (bool)0, (bool)0, (bool)0, (bool)0, (bool)1, (bool)0>(Flash_fwd_params)+0xa10
=========     by thread (12,0,0) in block (0,0,3)
=========     Address 0xe2742d5c0
========= 
========= Uninitialized __global__ memory read of size 16 bytes
=========     at void flash_fwd_kernel<Flash_fwd_kernel_traits<(int)64, (int)128, (int)128, (int)4, (bool)0, (bool)0, cutlass::half_t, Flash_kernel_traits<(int)64, (int)128, (int)128, (int)4, cutlass::half_t>>, (bool)0, (bool)0, (bool)0, (bool)0, (bool)1, (bool)0>(Flash_fwd_params)+0xa10
=========     by thread (13,0,0) in block (0,0,3)
=========     Address 0xe2742d5d0
========= 
========= Uninitialized __global__ memory read of size 16 bytes
=========     at void flash_fwd_kernel<Flash_fwd_kernel_traits<(int)64, (int)128, (int)128, (int)4, (bool)0, (bool)0, cutlass::half_t, Flash_kernel_traits<(int)64, (int)128, (int)128, (int)4, cutlass::half_t>>, (bool)0, (bool)0, (bool)0, (bool)0, (bool)1, (bool)0>(Flash_fwd_params)+0xa10
=========     by thread (14,0,0) in block (0,0,3)
=========     Address 0xe2742d5e0
========= 
========= Uninitialized __global__ memory read of size 16 bytes
=========     at void flash_fwd_kernel<Flash_fwd_kernel_traits<(int)64, (int)128, (int)128, (int)4, (bool)0, (bool)0, cutlass::half_t, Flash_kernel_traits<(int)64, (int)128, (int)128, (int)4, cutlass::half_t>>, (bool)0, (bool)0, (bool)0, (bool)0, (bool)1, (bool)0>(Flash_fwd_params)+0xa10
=========     by thread (15,0,0) in block (0,0,3)
=========     Address 0xe2742d5f0
========= 
========= Uninitialized __global__ memory read of size 16 bytes
=========     at void flash_fwd_kernel<Flash_fwd_kernel_traits<(int)64, (int)128, (int)128, (int)4, (bool)0, (bool)0, cutlass::half_t, Flash_kernel_traits<(int)64, (int)128, (int)128, (int)4, cutlass::half_t>>, (bool)0, (bool)0, (bool)0, (bool)0, (bool)1, (bool)0>(Flash_fwd_params)+0xa10
=========     by thread (16,0,0) in block (0,0,3)
=========     Address 0xe2742db80
========= 
========= Uninitialized __global__ memory read of size 16 bytes
=========     at void flash_fwd_kernel<Flash_fwd_kernel_traits<(int)64, (int)128, (int)128, (int)4, (bool)0, (bool)0, cutlass::half_t, Flash_kernel_traits<(int)64, (int)128, (int)128, (int)4, cutlass::half_t>>, (bool)0, (bool)0, (bool)0, (bool)0, (bool)1, (bool)0>(Flash_fwd_params)+0xa10
=========     by thread (17,0,0) in block (0,0,3)
=========     Address 0xe2742db90
========= 
========= Uninitialized __global__ memory read of size 16 bytes
=========     at void flash_fwd_kernel<Flash_fwd_kernel_traits<(int)64, (int)128, (int)128, (int)4, (bool)0, (bool)0, cutlass::half_t, Flash_kernel_traits<(int)64, (int)128, (int)128, (int)4, cutlass::half_t>>, (bool)0, (bool)0, (bool)0, (bool)0, (bool)1, (bool)0>(Flash_fwd_params)+0xa10
=========     by thread (18,0,0) in block (0,0,3)
=========     Address 0xe2742dba0
========= 
========= Uninitialized __global__ memory read of size 16 bytes
=========     at void flash_fwd_kernel<Flash_fwd_kernel_traits<(int)64, (int)128, (int)128, (int)4, (bool)0, (bool)0, cutlass::half_t, Flash_kernel_traits<(int)64, (int)128, (int)128, (int)4, cutlass::half_t>>, (bool)0, (bool)0, (bool)0, (bool)0, (bool)1, (bool)0>(Flash_fwd_params)+0xa10
=========     by thread (19,0,0) in block (0,0,3)
=========     Address 0xe2742dbb0
========= 
========= Uninitialized __global__ memory read of size 16 bytes
=========     at void flash_fwd_kernel<Flash_fwd_kernel_traits<(int)64, (int)128, (int)128, (int)4, (bool)0, (bool)0, cutlass::half_t, Flash_kernel_traits<(int)64, (int)128, (int)128, (int)4, cutlass::half_t>>, (bool)0, (bool)0, (bool)0, (bool)0, (bool)1, (bool)0>(Flash_fwd_params)+0xa10
=========     by thread (20,0,0) in block (0,0,3)
=========     Address 0xe2742dbc0
========= 
========= Uninitialized __global__ memory read of size 16 bytes
=========     at void flash_fwd_kernel<Flash_fwd_kernel_traits<(int)64, (int)128, (int)128, (int)4, (bool)0, (bool)0, cutlass::half_t, Flash_kernel_traits<(int)64, (int)128, (int)128, (int)4, cutlass::half_t>>, (bool)0, (bool)0, (bool)0, (bool)0, (bool)1, (bool)0>(Flash_fwd_params)+0xa10
=========     by thread (21,0,0) in block (0,0,3)
=========     Address 0xe2742dbd0
========= 
========= Uninitialized __global__ memory read of size 16 bytes
=========     at void flash_fwd_kernel<Flash_fwd_kernel_traits<(int)64, (int)128, (int)128, (int)4, (bool)0, (bool)0, cutlass::half_t, Flash_kernel_traits<(int)64, (int)128, (int)128, (int)4, cutlass::half_t>>, (bool)0, (bool)0, (bool)0, (bool)0, (bool)1, (bool)0>(Flash_fwd_params)+0xa10
=========     by thread (22,0,0) in block (0,0,3)
=========     Address 0xe2742dbe0
========= 
========= Uninitialized __global__ memory read of size 16 bytes
=========     at void flash_fwd_kernel<Flash_fwd_kernel_traits<(int)64, (int)128, (int)128, (int)4, (bool)0, (bool)0, cutlass::half_t, Flash_kernel_traits<(int)64, (int)128, (int)128, (int)4, cutlass::half_t>>, (bool)0, (bool)0, (bool)0, (bool)0, (bool)1, (bool)0>(Flash_fwd_params)+0xa10
=========     by thread (23,0,0) in block (0,0,3)
=========     Address 0xe2742dbf0
========= 
========= Uninitialized __global__ memory read of size 16 bytes
=========     at void flash_fwd_kernel<Flash_fwd_kernel_traits<(int)64, (int)128, (int)128, (int)4, (bool)0, (bool)0, cutlass::half_t, Flash_kernel_traits<(int)64, (int)128, (int)128, (int)4, cutlass::half_t>>, (bool)0, (bool)0, (bool)0, (bool)0, (bool)1, (bool)0>(Flash_fwd_params)+0xa10
=========     by thread (24,0,0) in block (0,0,3)
=========     Address 0xe2742e180
========= 
========= Uninitialized __global__ memory read of size 16 bytes
=========     at void flash_fwd_kernel<Flash_fwd_kernel_traits<(int)64, (int)128, (int)128, (int)4, (bool)0, (bool)0, cutlass::half_t, Flash_kernel_traits<(int)64, (int)128, (int)128, (int)4, cutlass::half_t>>, (bool)0, (bool)0, (bool)0, (bool)0, (bool)1, (bool)0>(Flash_fwd_params)+0xa10
=========     by thread (25,0,0) in block (0,0,3)
=========     Address 0xe2742e190
========= 
========= Uninitialized __global__ memory read of size 16 bytes
=========     at void flash_fwd_kernel<Flash_fwd_kernel_traits<(int)64, (int)128, (int)128, (int)4, (bool)0, (bool)0, cutlass::half_t, Flash_kernel_traits<(int)64, (int)128, (int)128, (int)4, cutlass::half_t>>, (bool)0, (bool)0, (bool)0, (bool)0, (bool)1, (bool)0>(Flash_fwd_params)+0xa10
=========     by thread (26,0,0) in block (0,0,3)
=========     Address 0xe2742e1a0
========= 
========= Uninitialized __global__ memory read of size 16 bytes
=========     at void flash_fwd_kernel<Flash_fwd_kernel_traits<(int)64, (int)128, (int)128, (int)4, (bool)0, (bool)0, cutlass::half_t, Flash_kernel_traits<(int)64, (int)128, (int)128, (int)4, cutlass::half_t>>, (bool)0, (bool)0, (bool)0, (bool)0, (bool)1, (bool)0>(Flash_fwd_params)+0xa10
=========     by thread (27,0,0) in block (0,0,3)
=========     Address 0xe2742e1b0
========= 
========= Uninitialized __global__ memory read of size 16 bytes
=========     at void flash_fwd_kernel<Flash_fwd_kernel_traits<(int)64, (int)128, (int)128, (int)4, (bool)0, (bool)0, cutlass::half_t, Flash_kernel_traits<(int)64, (int)128, (int)128, (int)4, cutlass::half_t>>, (bool)0, (bool)0, (bool)0, (bool)0, (bool)1, (bool)0>(Flash_fwd_params)+0xa10
=========     by thread (28,0,0) in block (0,0,3)
=========     Address 0xe2742e1c0
========= 
========= Uninitialized __global__ memory read of size 16 bytes
=========     at void flash_fwd_kernel<Flash_fwd_kernel_traits<(int)64, (int)128, (int)128, (int)4, (bool)0, (bool)0, cutlass::half_t, Flash_kernel_traits<(int)64, (int)128, (int)128, (int)4, cutlass::half_t>>, (bool)0, (bool)0, (bool)0, (bool)0, (bool)1, (bool)0>(Flash_fwd_params)+0xa10
=========     by thread (29,0,0) in block (0,0,3)
=========     Address 0xe2742e1d0
========= 
========= Uninitialized __global__ memory read of size 16 bytes
=========     at void flash_fwd_kernel<Flash_fwd_kernel_traits<(int)64, (int)128, (int)128, (int)4, (bool)0, (bool)0, cutlass::half_t, Flash_kernel_traits<(int)64, (int)128, (int)128, (int)4, cutlass::half_t>>, (bool)0, (bool)0, (bool)0, (bool)0, (bool)1, (bool)0>(Flash_fwd_params)+0xa10
=========     by thread (30,0,0) in block (0,0,3)
=========     Address 0xe2742e1e0
========= 
========= Uninitialized __global__ memory read of size 16 bytes
=========     at void flash_fwd_kernel<Flash_fwd_kernel_traits<(int)64, (int)128, (int)128, (int)4, (bool)0, (bool)0, cutlass::half_t, Flash_kernel_traits<(int)64, (int)128, (int)128, (int)4, cutlass::half_t>>, (bool)0, (bool)0, (bool)0, (bool)0, (bool)1, (bool)0>(Flash_fwd_params)+0xa10
=========     by thread (31,0,0) in block (0,0,3)
=========     Address 0xe2742e1f0
========= 
========= Uninitialized __global__ memory read of size 16 bytes
=========     at void flash_fwd_kernel<Flash_fwd_kernel_traits<(int)64, (int)128, (int)128, (int)4, (bool)0, (bool)0, cutlass::half_t, Flash_kernel_traits<(int)64, (int)128, (int)128, (int)4, cutlass::half_t>>, (bool)0, (bool)0, (bool)0, (bool)0, (bool)1, (bool)0>(Flash_fwd_params)+0xa10
=========     by thread (32,0,0) in block (0,0,3)
=========     Address 0xe2742e780
========= 
========= Uninitialized __global__ memory read of size 16 bytes
=========     at void flash_fwd_kernel<Flash_fwd_kernel_traits<(int)64, (int)128, (int)128, (int)4, (bool)0, (bool)0, cutlass::half_t, Flash_kernel_traits<(int)64, (int)128, (int)128, (int)4, cutlass::half_t>>, (bool)0, (bool)0, (bool)0, (bool)0, (bool)1, (bool)0>(Flash_fwd_params)+0xa10
=========     by thread (33,0,0) in block (0,0,3)
=========     Address 0xe2742e790
========= 
========= Uninitialized __global__ memory read of size 16 bytes
=========     at void flash_fwd_kernel<Flash_fwd_kernel_traits<(int)64, (int)128, (int)128, (int)4, (bool)0, (bool)0, cutlass::half_t, Flash_kernel_traits<(int)64, (int)128, (int)128, (int)4, cutlass::half_t>>, (bool)0, (bool)0, (bool)0, (bool)0, (bool)1, (bool)0>(Flash_fwd_params)+0xa10
=========     by thread (34,0,0) in block (0,0,3)
=========     Address 0xe2742e7a0
========= 
========= Uninitialized __global__ memory read of size 16 bytes
=========     at void flash_fwd_kernel<Flash_fwd_kernel_traits<(int)64, (int)128, (int)128, (int)4, (bool)0, (bool)0, cutlass::half_t, Flash_kernel_traits<(int)64, (int)128, (int)128, (int)4, cutlass::half_t>>, (bool)0, (bool)0, (bool)0, (bool)0, (bool)1, (bool)0>(Flash_fwd_params)+0xa10
=========     by thread (35,0,0) in block (0,0,3)
=========     Address 0xe2742e7b0
========= 
========= Uninitialized __global__ memory read of size 16 bytes
=========     at void flash_fwd_kernel<Flash_fwd_kernel_traits<(int)64, (int)128, (int)128, (int)4, (bool)0, (bool)0, cutlass::half_t, Flash_kernel_traits<(int)64, (int)128, (int)128, (int)4, cutlass::half_t>>, (bool)0, (bool)0, (bool)0, (bool)0, (bool)1, (bool)0>(Flash_fwd_params)+0xa10
=========     by thread (36,0,0) in block (0,0,3)
=========     Address 0xe2742e7c0
========= 
========= Uninitialized __global__ memory read of size 16 bytes
=========     at void flash_fwd_kernel<Flash_fwd_kernel_traits<(int)64, (int)128, (int)128, (int)4, (bool)0, (bool)0, cutlass::half_t, Flash_kernel_traits<(int)64, (int)128, (int)128, (int)4, cutlass::half_t>>, (bool)0, (bool)0, (bool)0, (bool)0, (bool)1, (bool)0>(Flash_fwd_params)+0xa10
=========     by thread (37,0,0) in block (0,0,3)
=========     Address 0xe2742e7d0
========= 
========= Uninitialized __global__ memory read of size 16 bytes
=========     at void flash_fwd_kernel<Flash_fwd_kernel_traits<(int)64, (int)128, (int)128, (int)4, (bool)0, (bool)0, cutlass::half_t, Flash_kernel_traits<(int)64, (int)128, (int)128, (int)4, cutlass::half_t>>, (bool)0, (bool)0, (bool)0, (bool)0, (bool)1, (bool)0>(Flash_fwd_params)+0xa10
=========     by thread (96,0,0) in block (3,0,6)
=========     Address 0xe274c1900
========= 
========= Uninitialized __global__ memory read of size 16 bytes
=========     at void flash_fwd_kernel<Flash_fwd_kernel_traits<(int)64, (int)128, (int)128, (int)4, (bool)0, (bool)0, cutlass::half_t, Flash_kernel_traits<(int)64, (int)128, (int)128, (int)4, cutlass::half_t>>, (bool)0, (bool)0, (bool)0, (bool)0, (bool)1, (bool)0>(Flash_fwd_params)+0xa10
=========     by thread (38,0,0) in block (0,0,3)
=========     Address 0xe2742e7e0
========= 
========= Uninitialized __global__ memory read of size 16 bytes
=========     at void flash_fwd_kernel<Flash_fwd_kernel_traits<(int)64, (int)128, (int)128, (int)4, (bool)0, (bool)0, cutlass::half_t, Flash_kernel_traits<(int)64, (int)128, (int)128, (int)4, cutlass::half_t>>, (bool)0, (bool)0, (bool)0, (bool)0, (bool)1, (bool)0>(Flash_fwd_params)+0xa10
=========     by thread (97,0,0) in block (3,0,6)
=========     Address 0xe274c1910
========= 
========= Uninitialized __global__ memory read of size 16 bytes
=========     at void flash_fwd_kernel<Flash_fwd_kernel_traits<(int)64, (int)128, (int)128, (int)4, (bool)0, (bool)0, cutlass::half_t, Flash_kernel_traits<(int)64, (int)128, (int)128, (int)4, cutlass::half_t>>, (bool)0, (bool)0, (bool)0, (bool)0, (bool)1, (bool)0>(Flash_fwd_params)+0xa10
=========     by thread (39,0,0) in block (0,0,3)
=========     Address 0xe2742e7f0
========= 
========= Uninitialized __global__ memory read of size 16 bytes
=========     at void flash_fwd_kernel<Flash_fwd_kernel_traits<(int)64, (int)128, (int)128, (int)4, (bool)0, (bool)0, cutlass::half_t, Flash_kernel_traits<(int)64, (int)128, (int)128, (int)4, cutlass::half_t>>, (bool)0, (bool)0, (bool)0, (bool)0, (bool)1, (bool)0>(Flash_fwd_params)+0xa10
=========     by thread (98,0,0) in block (3,0,6)
=========     Address 0xe274c1920
========= 
========= Uninitialized __global__ memory read of size 16 bytes
=========     at void flash_fwd_kernel<Flash_fwd_kernel_traits<(int)64, (int)128, (int)128, (int)4, (bool)0, (bool)0, cutlass::half_t, Flash_kernel_traits<(int)64, (int)128, (int)128, (int)4, cutlass::half_t>>, (bool)0, (bool)0, (bool)0, (bool)0, (bool)1, (bool)0>(Flash_fwd_params)+0xa10
=========     by thread (40,0,0) in block (0,0,3)
=========     Address 0xe2742ed80
========= 
========= Uninitialized __global__ memory read of size 16 bytes
=========     at void flash_fwd_kernel<Flash_fwd_kernel_traits<(int)64, (int)128, (int)128, (int)4, (bool)0, (bool)0, cutlass::half_t, Flash_kernel_traits<(int)64, (int)128, (int)128, (int)4, cutlass::half_t>>, (bool)0, (bool)0, (bool)0, (bool)0, (bool)1, (bool)0>(Flash_fwd_params)+0xa10
=========     by thread (99,0,0) in block (3,0,6)
=========     Address 0xe274c1930
========= 
========= Uninitialized __global__ memory read of size 16 bytes
=========     at void flash_fwd_kernel<Flash_fwd_kernel_traits<(int)64, (int)128, (int)128, (int)4, (bool)0, (bool)0, cutlass::half_t, Flash_kernel_traits<(int)64, (int)128, (int)128, (int)4, cutlass::half_t>>, (bool)0, (bool)0, (bool)0, (bool)0, (bool)1, (bool)0>(Flash_fwd_params)+0xa10
=========     by thread (41,0,0) in block (0,0,3)
=========     Address 0xe2742ed90
========= 
========= Uninitialized __global__ memory read of size 16 bytes
=========     at void flash_fwd_kernel<Flash_fwd_kernel_traits<(int)64, (int)128, (int)128, (int)4, (bool)0, (bool)0, cutlass::half_t, Flash_kernel_traits<(int)64, (int)128, (int)128, (int)4, cutlass::half_t>>, (bool)0, (bool)0, (bool)0, (bool)0, (bool)1, (bool)0>(Flash_fwd_params)+0xa10
=========     by thread (100,0,0) in block (3,0,6)
=========     Address 0xe274c1940
========= 
========= Uninitialized __global__ memory read of size 16 bytes
=========     at void flash_fwd_kernel<Flash_fwd_kernel_traits<(int)64, (int)128, (int)128, (int)4, (bool)0, (bool)0, cutlass::half_t, Flash_kernel_traits<(int)64, (int)128, (int)128, (int)4, cutlass::half_t>>, (bool)0, (bool)0, (bool)0, (bool)0, (bool)1, (bool)0>(Flash_fwd_params)+0xa10
=========     by thread (42,0,0) in block (0,0,3)
=========     Address 0xe2742eda0
========= 
========= Uninitialized __global__ memory read of size 16 bytes
=========     at void flash_fwd_kernel<Flash_fwd_kernel_traits<(int)64, (int)128, (int)128, (int)4, (bool)0, (bool)0, cutlass::half_t, Flash_kernel_traits<(int)64, (int)128, (int)128, (int)4, cutlass::half_t>>, (bool)0, (bool)0, (bool)0, (bool)0, (bool)1, (bool)0>(Flash_fwd_params)+0xa10
=========     by thread (101,0,0) in block (3,0,6)
=========     Address 0xe274c1950
========= 
========= Uninitialized __global__ memory read of size 16 bytes
=========     at void flash_fwd_kernel<Flash_fwd_kernel_traits<(int)64, (int)128, (int)128, (int)4, (bool)0, (bool)0, cutlass::half_t, Flash_kernel_traits<(int)64, (int)128, (int)128, (int)4, cutlass::half_t>>, (bool)0, (bool)0, (bool)0, (bool)0, (bool)1, (bool)0>(Flash_fwd_params)+0xa10
=========     by thread (43,0,0) in block (0,0,3)
=========     Address 0xe2742edb0
========= 
========= Uninitialized __global__ memory read of size 16 bytes
=========     at void flash_fwd_kernel<Flash_fwd_kernel_traits<(int)64, (int)128, (int)128, (int)4, (bool)0, (bool)0, cutlass::half_t, Flash_kernel_traits<(int)64, (int)128, (int)128, (int)4, cutlass::half_t>>, (bool)0, (bool)0, (bool)0, (bool)0, (bool)1, (bool)0>(Flash_fwd_params)+0xa10
=========     by thread (102,0,0) in block (3,0,6)
=========     Address 0xe274c1960
========= 
========= Uninitialized __global__ memory read of size 16 bytes
=========     at void flash_fwd_kernel<Flash_fwd_kernel_traits<(int)64, (int)128, (int)128, (int)4, (bool)0, (bool)0, cutlass::half_t, Flash_kernel_traits<(int)64, (int)128, (int)128, (int)4, cutlass::half_t>>, (bool)0, (bool)0, (bool)0, (bool)0, (bool)1, (bool)0>(Flash_fwd_params)+0xa10
=========     by thread (44,0,0) in block (0,0,3)
=========     Address 0xe2742edc0
========= 
========= Uninitialized __global__ memory read of size 16 bytes
=========     at void flash_fwd_kernel<Flash_fwd_kernel_traits<(int)64, (int)128, (int)128, (int)4, (bool)0, (bool)0, cutlass::half_t, Flash_kernel_traits<(int)64, (int)128, (int)128, (int)4, cutlass::half_t>>, (bool)0, (bool)0, (bool)0, (bool)0, (bool)1, (bool)0>(Flash_fwd_params)+0xa10
=========     by thread (103,0,0) in block (3,0,6)
=========     Address 0xe274c1970
========= 
========= Uninitialized __global__ memory read of size 16 bytes
=========     at void flash_fwd_kernel<Flash_fwd_kernel_traits<(int)64, (int)128, (int)128, (int)4, (bool)0, (bool)0, cutlass::half_t, Flash_kernel_traits<(int)64, (int)128, (int)128, (int)4, cutlass::half_t>>, (bool)0, (bool)0, (bool)0, (bool)0, (bool)1, (bool)0>(Flash_fwd_params)+0xa10
=========     by thread (104,0,0) in block (3,0,6)
=========     Address 0xe274c1f00
========= 
========= Uninitialized __global__ memory read of size 16 bytes
=========     at void flash_fwd_kernel<Flash_fwd_kernel_traits<(int)64, (int)128, (int)128, (int)4, (bool)0, (bool)0, cutlass::half_t, Flash_kernel_traits<(int)64, (int)128, (int)128, (int)4, cutlass::half_t>>, (bool)0, (bool)0, (bool)0, (bool)0, (bool)1, (bool)0>(Flash_fwd_params)+0xa10
=========     by thread (105,0,0) in block (3,0,6)
=========     Address 0xe274c1f10
========= 
========= Uninitialized __global__ memory read of size 16 bytes
=========     at void flash_fwd_kernel<Flash_fwd_kernel_traits<(int)64, (int)128, (int)128, (int)4, (bool)0, (bool)0, cutlass::half_t, Flash_kernel_traits<(int)64, (int)128, (int)128, (int)4, cutlass::half_t>>, (bool)0, (bool)0, (bool)0, (bool)0, (bool)1, (bool)0>(Flash_fwd_params)+0xa10
=========     by thread (106,0,0) in block (3,0,6)
=========     Address 0xe274c1f20
========= 
========= Uninitialized __global__ memory read of size 16 bytes
=========     at void flash_fwd_kernel<Flash_fwd_kernel_traits<(int)64, (int)128, (int)128, (int)4, (bool)0, (bool)0, cutlass::half_t, Flash_kernel_traits<(int)64, (int)128, (int)128, (int)4, cutlass::half_t>>, (bool)0, (bool)0, (bool)0, (bool)0, (bool)1, (bool)0>(Flash_fwd_params)+0xa10
=========     by thread (45,0,0) in block (0,0,3)
=========     Address 0xe2742edd0
========= 
========= Uninitialized __global__ memory read of size 16 bytes
=========     at void flash_fwd_kernel<Flash_fwd_kernel_traits<(int)64, (int)128, (int)128, (int)4, (bool)0, (bool)0, cutlass::half_t, Flash_kernel_traits<(int)64, (int)128, (int)128, (int)4, cutlass::half_t>>, (bool)0, (bool)0, (bool)0, (bool)0, (bool)1, (bool)0>(Flash_fwd_params)+0xa10
=========     by thread (107,0,0) in block (3,0,6)
=========     Address 0xe274c1f30
========= 
========= Uninitialized __global__ memory read of size 16 bytes
=========     at void flash_fwd_kernel<Flash_fwd_kernel_traits<(int)64, (int)128, (int)128, (int)4, (bool)0, (bool)0, cutlass::half_t, Flash_kernel_traits<(int)64, (int)128, (int)128, (int)4, cutlass::half_t>>, (bool)0, (bool)0, (bool)0, (bool)0, (bool)1, (bool)0>(Flash_fwd_params)+0xa10
=========     by thread (46,0,0) in block (0,0,3)
=========     Address 0xe2742ede0
========= 
========= Uninitialized __global__ memory read of size 16 bytes
=========     at void flash_fwd_kernel<Flash_fwd_kernel_traits<(int)64, (int)128, (int)128, (int)4, (bool)0, (bool)0, cutlass::half_t, Flash_kernel_traits<(int)64, (int)128, (int)128, (int)4, cutlass::half_t>>, (bool)0, (bool)0, (bool)0, (bool)0, (bool)1, (bool)0>(Flash_fwd_params)+0xa10
=========     by thread (108,0,0) in block (3,0,6)
=========     Address 0xe274c1f40
========= 
========= Uninitialized __global__ memory read of size 16 bytes
=========     at void flash_fwd_kernel<Flash_fwd_kernel_traits<(int)64, (int)128, (int)128, (int)4, (bool)0, (bool)0, cutlass::half_t, Flash_kernel_traits<(int)64, (int)128, (int)128, (int)4, cutlass::half_t>>, (bool)0, (bool)0, (bool)0, (bool)0, (bool)1, (bool)0>(Flash_fwd_params)+0xa10
=========     by thread (47,0,0) in block (0,0,3)
=========     Address 0xe2742edf0
========= 
========= Uninitialized __global__ memory read of size 16 bytes
=========     at void flash_fwd_kernel<Flash_fwd_kernel_traits<(int)64, (int)128, (int)128, (int)4, (bool)0, (bool)0, cutlass::half_t, Flash_kernel_traits<(int)64, (int)128, (int)128, (int)4, cutlass::half_t>>, (bool)0, (bool)0, (bool)0, (bool)0, (bool)1, (bool)0>(Flash_fwd_params)+0xa10
=========     by thread (109,0,0) in block (3,0,6)
=========     Address 0xe274c1f50
========= 
========= Uninitialized __global__ memory read of size 16 bytes
=========     at void flash_fwd_kernel<Flash_fwd_kernel_traits<(int)64, (int)128, (int)128, (int)4, (bool)0, (bool)0, cutlass::half_t, Flash_kernel_traits<(int)64, (int)128, (int)128, (int)4, cutlass::half_t>>, (bool)0, (bool)0, (bool)0, (bool)0, (bool)1, (bool)0>(Flash_fwd_params)+0xa10
=========     by thread (110,0,0) in block (3,0,6)
=========     Address 0xe274c1f60
========= 
========= Uninitialized __global__ memory read of size 16 bytes
=========     at void flash_fwd_kernel<Flash_fwd_kernel_traits<(int)64, (int)128, (int)128, (int)4, (bool)0, (bool)0, cutlass::half_t, Flash_kernel_traits<(int)64, (int)128, (int)128, (int)4, cutlass::half_t>>, (bool)0, (bool)0, (bool)0, (bool)0, (bool)1, (bool)0>(Flash_fwd_params)+0xa10
=========     by thread (48,0,0) in block (0,0,3)
=========     Address 0xe2742f380
========= 
========= Uninitialized __global__ memory read of size 16 bytes
=========     at void flash_fwd_kernel<Flash_fwd_kernel_traits<(int)64, (int)128, (int)128, (int)4, (bool)0, (bool)0, cutlass::half_t, Flash_kernel_traits<(int)64, (int)128, (int)128, (int)4, cutlass::half_t>>, (bool)0, (bool)0, (bool)0, (bool)0, (bool)1, (bool)0>(Flash_fwd_params)+0xa10
=========     by thread (111,0,0) in block (3,0,6)
=========     Address 0xe274c1f70
========= 
========= Uninitialized __global__ memory read of size 16 bytes
=========     at void flash_fwd_kernel<Flash_fwd_kernel_traits<(int)64, (int)128, (int)128, (int)4, (bool)0, (bool)0, cutlass::half_t, Flash_kernel_traits<(int)64, (int)128, (int)128, (int)4, cutlass::half_t>>, (bool)0, (bool)0, (bool)0, (bool)0, (bool)1, (bool)0>(Flash_fwd_params)+0xa10
=========     by thread (49,0,0) in block (0,0,3)
=========     Address 0xe2742f390
========= 
========= Uninitialized __global__ memory read of size 16 bytes
=========     at void flash_fwd_kernel<Flash_fwd_kernel_traits<(int)64, (int)128, (int)128, (int)4, (bool)0, (bool)0, cutlass::half_t, Flash_kernel_traits<(int)64, (int)128, (int)128, (int)4, cutlass::half_t>>, (bool)0, (bool)0, (bool)0, (bool)0, (bool)1, (bool)0>(Flash_fwd_params)+0xa10
=========     by thread (50,0,0) in block (0,0,3)
=========     Address 0xe2742f3a0
========= 
========= Uninitialized __global__ memory read of size 16 bytes
=========     at void flash_fwd_kernel<Flash_fwd_kernel_traits<(int)64, (int)128, (int)128, (int)4, (bool)0, (bool)0, cutlass::half_t, Flash_kernel_traits<(int)64, (int)128, (int)128, (int)4, cutlass::half_t>>, (bool)0, (bool)0, (bool)0, (bool)0, (bool)1, (bool)0>(Flash_fwd_params)+0xa10
=========     by thread (112,0,0) in block (3,0,6)
=========     Address 0xe274c2500
========= 
========= Uninitialized __global__ memory read of size 16 bytes
=========     at void flash_fwd_kernel<Flash_fwd_kernel_traits<(int)64, (int)128, (int)128, (int)4, (bool)0, (bool)0, cutlass::half_t, Flash_kernel_traits<(int)64, (int)128, (int)128, (int)4, cutlass::half_t>>, (bool)0, (bool)0, (bool)0, (bool)0, (bool)1, (bool)0>(Flash_fwd_params)+0xa10
=========     by thread (113,0,0) in block (3,0,6)
=========     Address 0xe274c2510
========= 
========= Uninitialized __global__ memory read of size 16 bytes
=========     at void flash_fwd_kernel<Flash_fwd_kernel_traits<(int)64, (int)128, (int)128, (int)4, (bool)0, (bool)0, cutlass::half_t, Flash_kernel_traits<(int)64, (int)128, (int)128, (int)4, cutlass::half_t>>, (bool)0, (bool)0, (bool)0, (bool)0, (bool)1, (bool)0>(Flash_fwd_params)+0xa10
=========     by thread (114,0,0) in block (3,0,6)
=========     Address 0xe274c2520
========= 
========= Uninitialized __global__ memory read of size 16 bytes
=========     at void flash_fwd_kernel<Flash_fwd_kernel_traits<(int)64, (int)128, (int)128, (int)4, (bool)0, (bool)0, cutlass::half_t, Flash_kernel_traits<(int)64, (int)128, (int)128, (int)4, cutlass::half_t>>, (bool)0, (bool)0, (bool)0, (bool)0, (bool)1, (bool)0>(Flash_fwd_params)+0xa10
=========     by thread (115,0,0) in block (3,0,6)
=========     Address 0xe274c2530
========= 
========= Uninitialized __global__ memory read of size 16 bytes
=========     at void flash_fwd_kernel<Flash_fwd_kernel_traits<(int)64, (int)128, (int)128, (int)4, (bool)0, (bool)0, cutlass::half_t, Flash_kernel_traits<(int)64, (int)128, (int)128, (int)4, cutlass::half_t>>, (bool)0, (bool)0, (bool)0, (bool)0, (bool)1, (bool)0>(Flash_fwd_params)+0xa10
=========     by thread (116,0,0) in block (3,0,6)
=========     Address 0xe274c2540
========= 
========= Uninitialized __global__ memory read of size 16 bytes
=========     at void flash_fwd_kernel<Flash_fwd_kernel_traits<(int)64, (int)128, (int)128, (int)4, (bool)0, (bool)0, cutlass::half_t, Flash_kernel_traits<(int)64, (int)128, (int)128, (int)4, cutlass::half_t>>, (bool)0, (bool)0, (bool)0, (bool)0, (bool)1, (bool)0>(Flash_fwd_params)+0xa10
=========     by thread (117,0,0) in block (3,0,6)
=========     Address 0xe274c2550
========= 
========= Uninitialized __global__ memory read of size 16 bytes
=========     at void flash_fwd_kernel<Flash_fwd_kernel_traits<(int)64, (int)128, (int)128, (int)4, (bool)0, (bool)0, cutlass::half_t, Flash_kernel_traits<(int)64, (int)128, (int)128, (int)4, cutlass::half_t>>, (bool)0, (bool)0, (bool)0, (bool)0, (bool)1, (bool)0>(Flash_fwd_params)+0xa10
=========     by thread (32,0,0) in block (4,0,6)
=========     Address 0xe274ee900
========= 
========= Uninitialized __global__ memory read of size 16 bytes
=========     at void flash_fwd_kernel<Flash_fwd_kernel_traits<(int)64, (int)128, (int)128, (int)4, (bool)0, (bool)0, cutlass::half_t, Flash_kernel_traits<(int)64, (int)128, (int)128, (int)4, cutlass::half_t>>, (bool)0, (bool)0, (bool)0, (bool)0, (bool)1, (bool)0>(Flash_fwd_params)+0xa10
=========     by thread (118,0,0) in block (3,0,6)
=========     Address 0xe274c2560
========= 
========= Uninitialized __global__ memory read of size 16 bytes
=========     at void flash_fwd_kernel<Flash_fwd_kernel_traits<(int)64, (int)128, (int)128, (int)4, (bool)0, (bool)0, cutlass::half_t, Flash_kernel_traits<(int)64, (int)128, (int)128, (int)4, cutlass::half_t>>, (bool)0, (bool)0, (bool)0, (bool)0, (bool)1, (bool)0>(Flash_fwd_params)+0xa10
=========     by thread (33,0,0) in block (4,0,6)
=========     Address 0xe274ee910
========= 
========= Uninitialized __global__ memory read of size 16 bytes
=========     at void flash_fwd_kernel<Flash_fwd_kernel_traits<(int)64, (int)128, (int)128, (int)4, (bool)0, (bool)0, cutlass::half_t, Flash_kernel_traits<(int)64, (int)128, (int)128, (int)4, cutlass::half_t>>, (bool)0, (bool)0, (bool)0, (bool)0, (bool)1, (bool)0>(Flash_fwd_params)+0xa10
=========     by thread (119,0,0) in block (3,0,6)
=========     Address 0xe274c2570
========= 
========= Uninitialized __global__ memory read of size 16 bytes
=========     at void flash_fwd_kernel<Flash_fwd_kernel_traits<(int)64, (int)128, (int)128, (int)4, (bool)0, (bool)0, cutlass::half_t, Flash_kernel_traits<(int)64, (int)128, (int)128, (int)4, cutlass::half_t>>, (bool)0, (bool)0, (bool)0, (bool)0, (bool)1, (bool)0>(Flash_fwd_params)+0xa10
=========     by thread (34,0,0) in block (4,0,6)
=========     Address 0xe274ee920
========= 
========= Uninitialized __global__ memory read of size 16 bytes
=========     at void flash_fwd_kernel<Flash_fwd_kernel_traits<(int)64, (int)128, (int)128, (int)4, (bool)0, (bool)0, cutlass::half_t, Flash_kernel_traits<(int)64, (int)128, (int)128, (int)4, cutlass::half_t>>, (bool)0, (bool)0, (bool)0, (bool)0, (bool)1, (bool)0>(Flash_fwd_params)+0xa10
=========     by thread (120,0,0) in block (3,0,6)
=========     Address 0xe274c2b00
========= 
========= Uninitialized __global__ memory read of size 16 bytes
=========     at void flash_fwd_kernel<Flash_fwd_kernel_traits<(int)64, (int)128, (int)128, (int)4, (bool)0, (bool)0, cutlass::half_t, Flash_kernel_traits<(int)64, (int)128, (int)128, (int)4, cutlass::half_t>>, (bool)0, (bool)0, (bool)0, (bool)0, (bool)1, (bool)0>(Flash_fwd_params)+0xa10
=========     by thread (35,0,0) in block (4,0,6)
=========     Address 0xe274ee930
========= 
========= Uninitialized __global__ memory read of size 16 bytes
=========     at void flash_fwd_kernel<Flash_fwd_kernel_traits<(int)64, (int)128, (int)128, (int)4, (bool)0, (bool)0, cutlass::half_t, Flash_kernel_traits<(int)64, (int)128, (int)128, (int)4, cutlass::half_t>>, (bool)0, (bool)0, (bool)0, (bool)0, (bool)1, (bool)0>(Flash_fwd_params)+0xa10
=========     by thread (96,0,0) in block (11,0,5)
=========     Address 0xe27641880
========= 
========= Uninitialized __global__ memory read of size 16 bytes
=========     at void flash_fwd_kernel<Flash_fwd_kernel_traits<(int)64, (int)128, (int)128, (int)4, (bool)0, (bool)0, cutlass::half_t, Flash_kernel_traits<(int)64, (int)128, (int)128, (int)4, cutlass::half_t>>, (bool)0, (bool)0, (bool)0, (bool)0, (bool)1, (bool)0>(Flash_fwd_params)+0xa10
=========     by thread (121,0,0) in block (3,0,6)
=========     Address 0xe274c2b10
========= 
========= Uninitialized __global__ memory read of size 16 bytes
=========     at void flash_fwd_kernel<Flash_fwd_kernel_traits<(int)64, (int)128, (int)128, (int)4, (bool)0, (bool)0, cutlass::half_t, Flash_kernel_traits<(int)64, (int)128, (int)128, (int)4, cutlass::half_t>>, (bool)0, (bool)0, (bool)0, (bool)0, (bool)1, (bool)0>(Flash_fwd_params)+0xa10
=========     by thread (36,0,0) in block (4,0,6)
=========     Address 0xe274ee940
========= 
========= Uninitialized __global__ memory read of size 16 bytes
=========     at void flash_fwd_kernel<Flash_fwd_kernel_traits<(int)64, (int)128, (int)128, (int)4, (bool)0, (bool)0, cutlass::half_t, Flash_kernel_traits<(int)64, (int)128, (int)128, (int)4, cutlass::half_t>>, (bool)0, (bool)0, (bool)0, (bool)0, (bool)1, (bool)0>(Flash_fwd_params)+0xa10
=========     by thread (37,0,0) in block (4,0,6)
=========     Address 0xe274ee950
========= 
========= Uninitialized __global__ memory read of size 16 bytes
=========     at void flash_fwd_kernel<Flash_fwd_kernel_traits<(int)64, (int)128, (int)128, (int)4, (bool)0, (bool)0, cutlass::half_t, Flash_kernel_traits<(int)64, (int)128, (int)128, (int)4, cutlass::half_t>>, (bool)0, (bool)0, (bool)0, (bool)0, (bool)1, (bool)0>(Flash_fwd_params)+0xa10
=========     by thread (97,0,0) in block (11,0,5)
=========     Address 0xe27641890
========= 
========= Uninitialized __global__ memory read of size 16 bytes
=========     at void flash_fwd_kernel<Flash_fwd_kernel_traits<(int)64, (int)128, (int)128, (int)4, (bool)0, (bool)0, cutlass::half_t, Flash_kernel_traits<(int)64, (int)128, (int)128, (int)4, cutlass::half_t>>, (bool)0, (bool)0, (bool)0, (bool)0, (bool)1, (bool)0>(Flash_fwd_params)+0xa10
=========     by thread (122,0,0) in block (3,0,6)
=========     Address 0xe274c2b20
========= 
========= Uninitialized __global__ memory read of size 16 bytes
=========     at void flash_fwd_kernel<Flash_fwd_kernel_traits<(int)64, (int)128, (int)128, (int)4, (bool)0, (bool)0, cutlass::half_t, Flash_kernel_traits<(int)64, (int)128, (int)128, (int)4, cutlass::half_t>>, (bool)0, (bool)0, (bool)0, (bool)0, (bool)1, (bool)0>(Flash_fwd_params)+0xa10
=========     by thread (38,0,0) in block (4,0,6)
=========     Address 0xe274ee960
========= 
========= Uninitialized __global__ memory read of size 16 bytes
=========     at void flash_fwd_kernel<Flash_fwd_kernel_traits<(int)64, (int)128, (int)128, (int)4, (bool)0, (bool)0, cutlass::half_t, Flash_kernel_traits<(int)64, (int)128, (int)128, (int)4, cutlass::half_t>>, (bool)0, (bool)0, (bool)0, (bool)0, (bool)1, (bool)0>(Flash_fwd_params)+0xa10
=========     by thread (98,0,0) in block (11,0,5)
=========     Address 0xe276418a0
========= 
========= Uninitialized __global__ memory read of size 16 bytes
=========     at void flash_fwd_kernel<Flash_fwd_kernel_traits<(int)64, (int)128, (int)128, (int)4, (bool)0, (bool)0, cutlass::half_t, Flash_kernel_traits<(int)64, (int)128, (int)128, (int)4, cutlass::half_t>>, (bool)0, (bool)0, (bool)0, (bool)0, (bool)1, (bool)0>(Flash_fwd_params)+0xa10
=========     by thread (123,0,0) in block (3,0,6)
=========     Address 0xe274c2b30
========= 
========= Uninitialized __global__ memory read of size 16 bytes
=========     at void flash_fwd_kernel<Flash_fwd_kernel_traits<(int)64, (int)128, (int)128, (int)4, (bool)0, (bool)0, cutlass::half_t, Flash_kernel_traits<(int)64, (int)128, (int)128, (int)4, cutlass::half_t>>, (bool)0, (bool)0, (bool)0, (bool)0, (bool)1, (bool)0>(Flash_fwd_params)+0xa10
=========     by thread (39,0,0) in block (4,0,6)
=========     Address 0xe274ee970
========= 
========= Uninitialized __global__ memory read of size 16 bytes
=========     at void flash_fwd_kernel<Flash_fwd_kernel_traits<(int)64, (int)128, (int)128, (int)4, (bool)0, (bool)0, cutlass::half_t, Flash_kernel_traits<(int)64, (int)128, (int)128, (int)4, cutlass::half_t>>, (bool)0, (bool)0, (bool)0, (bool)0, (bool)1, (bool)0>(Flash_fwd_params)+0xa10
=========     by thread (99,0,0) in block (11,0,5)
=========     Address 0xe276418b0
========= 
========= Uninitialized __global__ memory read of size 16 bytes
=========     at void flash_fwd_kernel<Flash_fwd_kernel_traits<(int)64, (int)128, (int)128, (int)4, (bool)0, (bool)0, cutlass::half_t, Flash_kernel_traits<(int)64, (int)128, (int)128, (int)4, cutlass::half_t>>, (bool)0, (bool)0, (bool)0, (bool)0, (bool)1, (bool)0>(Flash_fwd_params)+0xa10
=========     by thread (124,0,0) in block (3,0,6)
=========     Address 0xe274c2b40
========= 
========= Uninitialized __global__ memory read of size 16 bytes
=========     at void flash_fwd_kernel<Flash_fwd_kernel_traits<(int)64, (int)128, (int)128, (int)4, (bool)0, (bool)0, cutlass::half_t, Flash_kernel_traits<(int)64, (int)128, (int)128, (int)4, cutlass::half_t>>, (bool)0, (bool)0, (bool)0, (bool)0, (bool)1, (bool)0>(Flash_fwd_params)+0xa10
=========     by thread (40,0,0) in block (4,0,6)
=========     Address 0xe274eef00
========= 
========= Uninitialized __global__ memory read of size 16 bytes
=========     at void flash_fwd_kernel<Flash_fwd_kernel_traits<(int)64, (int)128, (int)128, (int)4, (bool)0, (bool)0, cutlass::half_t, Flash_kernel_traits<(int)64, (int)128, (int)128, (int)4, cutlass::half_t>>, (bool)0, (bool)0, (bool)0, (bool)0, (bool)1, (bool)0>(Flash_fwd_params)+0xa10
=========     by thread (100,0,0) in block (11,0,5)
=========     Address 0xe276418c0
========= 
========= Uninitialized __global__ memory read of size 16 bytes
=========     at void flash_fwd_kernel<Flash_fwd_kernel_traits<(int)64, (int)128, (int)128, (int)4, (bool)0, (bool)0, cutlass::half_t, Flash_kernel_traits<(int)64, (int)128, (int)128, (int)4, cutlass::half_t>>, (bool)0, (bool)0, (bool)0, (bool)0, (bool)1, (bool)0>(Flash_fwd_params)+0xa10
=========     by thread (125,0,0) in block (3,0,6)
=========     Address 0xe274c2b50
========= 
========= Uninitialized __global__ memory read of size 16 bytes
=========     at void flash_fwd_kernel<Flash_fwd_kernel_traits<(int)64, (int)128, (int)128, (int)4, (bool)0, (bool)0, cutlass::half_t, Flash_kernel_traits<(int)64, (int)128, (int)128, (int)4, cutlass::half_t>>, (bool)0, (bool)0, (bool)0, (bool)0, (bool)1, (bool)0>(Flash_fwd_params)+0xa10
=========     by thread (41,0,0) in block (4,0,6)
=========     Address 0xe274eef10
========= 
========= Uninitialized __global__ memory read of size 16 bytes
=========     at void flash_fwd_kernel<Flash_fwd_kernel_traits<(int)64, (int)128, (int)128, (int)4, (bool)0, (bool)0, cutlass::half_t, Flash_kernel_traits<(int)64, (int)128, (int)128, (int)4, cutlass::half_t>>, (bool)0, (bool)0, (bool)0, (bool)0, (bool)1, (bool)0>(Flash_fwd_params)+0xa10
=========     by thread (101,0,0) in block (11,0,5)
=========     Address 0xe276418d0
========= 
========= Uninitialized __global__ memory read of size 16 bytes
=========     at void flash_fwd_kernel<Flash_fwd_kernel_traits<(int)64, (int)128, (int)128, (int)4, (bool)0, (bool)0, cutlass::half_t, Flash_kernel_traits<(int)64, (int)128, (int)128, (int)4, cutlass::half_t>>, (bool)0, (bool)0, (bool)0, (bool)0, (bool)1, (bool)0>(Flash_fwd_params)+0xa10
=========     by thread (126,0,0) in block (3,0,6)
=========     Address 0xe274c2b60
========= 
========= Uninitialized __global__ memory read of size 16 bytes
=========     at void flash_fwd_kernel<Flash_fwd_kernel_traits<(int)64, (int)128, (int)128, (int)4, (bool)0, (bool)0, cutlass::half_t, Flash_kernel_traits<(int)64, (int)128, (int)128, (int)4, cutlass::half_t>>, (bool)0, (bool)0, (bool)0, (bool)0, (bool)1, (bool)0>(Flash_fwd_params)+0xa10
=========     by thread (42,0,0) in block (4,0,6)
=========     Address 0xe274eef20
========= 
========= Uninitialized __global__ memory read of size 16 bytes
=========     at void flash_fwd_kernel<Flash_fwd_kernel_traits<(int)64, (int)128, (int)128, (int)4, (bool)0, (bool)0, cutlass::half_t, Flash_kernel_traits<(int)64, (int)128, (int)128, (int)4, cutlass::half_t>>, (bool)0, (bool)0, (bool)0, (bool)0, (bool)1, (bool)0>(Flash_fwd_params)+0xa10
=========     by thread (102,0,0) in block (11,0,5)
=========     Address 0xe276418e0
========= 
========= Warning: Error buffer overflow has been detected. Some records have been dropped
========= 
SANCELL flash_b5 [84] [-0.19494]
========= Warning: Error buffer overflow has been detected. Some records have been dropped
========= 
========= Warning: Error buffer overflow has been detected. Some records have been dropped
========= 
========= Warning: Error buffer overflow has been detected. Some records have been dropped
========= 
========= Warning: Error buffer overflow has been detected. Some records have been dropped
========= 
========= Warning: Error buffer overflow has been detected. Some records have been dropped
========= 
========= Warning: Error buffer overflow has been detected. Some records have been dropped
========= 
========= Warning: Error buffer overflow has been detected. Some records have been dropped
========= 
========= Warning: Error buffer overflow has been detected. Some records have been dropped
========= 
========= Warning: Error buffer overflow has been detected. Some records have been dropped
========= 
========= Warning: Error buffer overflow has been detected. Some records have been dropped
========= 
========= Warning: Error buffer overflow has been detected. Some records have been dropped
========= 
========= Warning: Error buffer overflow has been detected. Some records have been dropped
========= 
========= Warning: Error buffer overflow has been detected. Some records have been dropped
========= 
========= Warning: Error buffer overflow has been detected. Some records have been dropped
========= 
========= Warning: Error buffer overflow has been detected. Some records have been dropped
========= 
========= Warning: Error buffer overflow has been detected. Some records have been dropped
========= 
========= Warning: Error buffer overflow has been detected. Some records have been dropped
========= 
========= Warning: Error buffer overflow has been detected. Some records have been dropped
========= 
========= Warning: Error buffer overflow has been detected. Some records have been dropped
========= 
========= Warning: Error buffer overflow has been detected. Some records have been dropped
========= 
========= Warning: Error buffer overflow has been detected. Some records have been dropped
========= 
========= Warning: Error buffer overflow has been detected. Some records have been dropped
========= 
========= Warning: Error buffer overflow has been detected. Some records have been dropped
========= 
========= Warning: Error buffer overflow has been detected. Some records have been dropped
========= 
========= Warning: Error buffer overflow has been detected. Some records have been dropped
========= 
========= Warning: Error buffer overflow has been detected. Some records have been dropped
========= 
========= Warning: Error buffer overflow has been detected. Some records have been dropped
========= 
========= Warning: Error buffer overflow has been detected. Some records have been dropped
========= 
========= Warning: Error buffer overflow has been detected. Some records have been dropped
========= 
========= Warning: Error buffer overflow has been detected. Some records have been dropped
========= 
========= Warning: Error buffer overflow has been detected. Some records have been dropped
========= 
========= Warning: Error buffer overflow has been detected. Some records have been dropped
========= 
========= Warning: Error buffer overflow has been detected. Some records have been dropped
========= 
========= Warning: Error buffer overflow has been detected. Some records have been dropped
========= 
========= Warning: Error buffer overflow has been detected. Some records have been dropped
========= 
========= Warning: Error buffer overflow has been detected. Some records have been dropped
========= 
========= Warning: Error buffer overflow has been detected. Some records have been dropped
========= 
========= Warning: Error buffer overflow has been detected. Some records have been dropped
========= 
========= Warning: Error buffer overflow has been detected. Some records have been dropped
========= 
========= Warning: Error buffer overflow has been detected. Some records have been dropped
========= 
========= Warning: Error buffer overflow has been detected. Some records have been dropped
========= 
========= Warning: Error buffer overflow has been detected. Some records have been dropped
========= 
========= Warning: Error buffer overflow has been detected. Some records have been dropped
========= 
========= Warning: Error buffer overflow has been detected. Some records have been dropped
========= 
========= Warning: Error buffer overflow has been detected. Some records have been dropped
========= 
========= Warning: Error buffer overflow has been detected. Some records have been dropped
========= 
========= Warning: Error buffer overflow has been detected. Some records have been dropped
========= 
========= Warning: Error buffer overflow has been detected. Some records have been dropped
========= 
========= Warning: Error buffer overflow has been detected. Some records have been dropped
========= 
========= Warning: Error buffer overflow has been detected. Some records have been dropped
========= 
========= Warning: Error buffer overflow has been detected. Some records have been dropped
========= 
========= Warning: Error buffer overflow has been detected. Some records have been dropped
========= 
========= Warning: Error buffer overflow has been detected. Some records have been dropped
========= 
========= Warning: Error buffer overflow has been detected. Some records have been dropped
========= 
========= Warning: Error buffer overflow has been detected. Some records have been dropped
========= 
========= Warning: Error buffer overflow has been detected. Some records have been dropped
========= 
========= Warning: Error buffer overflow has been detected. Some records have been dropped
========= 
========= Warning: Error buffer overflow has been detected. Some records have been dropped
========= 
========= Warning: Error buffer overflow has been detected. Some records have been dropped
========= 
========= Warning: Error buffer overflow has been detected. Some records have been dropped
========= 
========= Warning: Error buffer overflow has been detected. Some records have been dropped
========= 
========= Warning: Error buffer overflow has been detected. Some records have been dropped
========= 
========= Warning: Error buffer overflow has been detected. Some records have been dropped
========= 
========= Warning: Error buffer overflow has been detected. Some records have been dropped
========= 
========= Warning: Error buffer overflow has been detected. Some records have been dropped
========= 
========= Warning: Error buffer overflow has been detected. Some records have been dropped
========= 
========= Warning: Error buffer overflow has been detected. Some records have been dropped
========= 
========= Warning: Error buffer overflow has been detected. Some records have been dropped
========= 
========= Warning: Error buffer overflow has been detected. Some records have been dropped
========= 
========= Warning: Error buffer overflow has been detected. Some records have been dropped
========= 
========= Warning: Error buffer overflow has been detected. Some records have been dropped
========= 
========= Warning: Error buffer overflow has been detected. Some records have been dropped
========= 
========= Warning: Error buffer overflow has been detected. Some records have been dropped
========= 
========= Warning: Error buffer overflow has been detected. Some records have been dropped
========= 
========= Warning: Error buffer overflow has been detected. Some records have been dropped
========= 
========= Warning: Error buffer overflow has been detected. Some records have been dropped
========= 
========= Warning: Error buffer overflow has been detected. Some records have been dropped
========= 
========= Warning: Error buffer overflow has been detected. Some records have been dropped
========= 
========= Warning: Error buffer overflow has been detected. Some records have been dropped
========= 
========= Warning: Error buffer overflow has been detected. Some records have been dropped
========= 
========= Warning: Error buffer overflow has been detected. Some records have been dropped
========= 
========= Warning: Error buffer overflow has been detected. Some records have been dropped
========= 
========= Warning: Error buffer overflow has been detected. Some records have been dropped
========= 
========= Warning: Error buffer overflow has been detected. Some records have been dropped
========= 
========= Warning: Error buffer overflow has been detected. Some records have been dropped
========= 
========= Warning: Error buffer overflow has been detected. Some records have been dropped
========= 
========= Warning: Error buffer overflow has been detected. Some records have been dropped
========= 
========= Warning: Error buffer overflow has been detected. Some records have been dropped
========= 
========= Warning: Error buffer overflow has been detected. Some records have been dropped
========= 
========= Warning: Error buffer overflow has been detected. Some records have been dropped
========= 
========= Warning: Error buffer overflow has been detected. Some records have been dropped
========= 
========= Warning: Error buffer overflow has been detected. Some records have been dropped
========= 
========= Warning: Error buffer overflow has been detected. Some records have been dropped
========= 
========= Warning: Error buffer overflow has been detected. Some records have been dropped
========= 
========= Warning: Error buffer overflow has been detected. Some records have been dropped
========= 
========= Warning: Error buffer overflow has been detected. Some records have been dropped
========= 
========= Warning: Error buffer overflow has been detected. Some records have been dropped
========= 
========= Warning: Error buffer overflow has been detected. Some records have been dropped
========= 
========= Warning: Error buffer overflow has been detected. Some records have been dropped
========= 
========= Warning: Error buffer overflow has been detected. Some records have been dropped
========= 
========= Warning: Error buffer overflow has been detected. Some records have been dropped
========= 
========= Warning: Error buffer overflow has been detected. Some records have been dropped
========= 
========= Warning: Error buffer overflow has been detected. Some records have been dropped
========= 
========= Warning: Error buffer overflow has been detected. Some records have been dropped
========= 
========= Warning: Error buffer overflow has been detected. Some records have been dropped
========= 
========= Warning: Error buffer overflow has been detected. Some records have been dropped
========= 
========= Warning: Error buffer overflow has been detected. Some records have been dropped
========= 
========= Warning: Error buffer overflow has been detected. Some records have been dropped
========= 
========= Warning: Error buffer overflow has been detected. Some records have been dropped
========= 
========= Warning: Error buffer overflow has been detected. Some records have been dropped
========= 
========= Warning: Error buffer overflow has been detected. Some records have been dropped
========= 
========= Warning: Error buffer overflow has been detected. Some records have been dropped
========= 
========= Warning: Error buffer overflow has been detected. Some records have been dropped
========= 
========= Warning: Error buffer overflow has been detected. Some records have been dropped
========= 
========= Warning: Error buffer overflow has been detected. Some records have been dropped
========= 
========= Warning: Error buffer overflow has been detected. Some records have been dropped
========= 
========= Warning: Error buffer overflow has been detected. Some records have been dropped
========= 
========= Warning: Error buffer overflow has been detected. Some records have been dropped
========= 
========= Warning: Error buffer overflow has been detected. Some records have been dropped
========= 
========= Warning: Error buffer overflow has been detected. Some records have been dropped
========= 
========= Warning: Error buffer overflow has been detected. Some records have been dropped
========= 
========= Warning: Error buffer overflow has been detected. Some records have been dropped
========= 
========= Warning: Error buffer overflow has been detected. Some records have been dropped
========= 
========= Warning: Error buffer overflow has been detected. Some records have been dropped
========= 
========= Warning: Error buffer overflow has been detected. Some records have been dropped
========= 
========= Warning: Error buffer overflow has been detected. Some records have been dropped
========= 
========= Warning: Error buffer overflow has been detected. Some records have been dropped
========= 
========= Warning: Error buffer overflow has been detected. Some records have been dropped
========= 
========= Warning: Error buffer overflow has been detected. Some records have been dropped
========= 
========= Warning: Error buffer overflow has been detected. Some records have been dropped
========= 
========= Warning: Error buffer overflow has been detected. Some records have been dropped
========= 
========= Warning: Error buffer overflow has been detected. Some records have been dropped
========= 
========= Warning: Error buffer overflow has been detected. Some records have been dropped
========= 
========= Warning: Error buffer overflow has been detected. Some records have been dropped
========= 
========= Warning: Error buffer overflow has been detected. Some records have been dropped
========= 
========= Warning: Error buffer overflow has been detected. Some records have been dropped
========= 
========= Warning: Error buffer overflow has been detected. Some records have been dropped
========= 
========= Warning: Error buffer overflow has been detected. Some records have been dropped
========= 
========= Warning: Error buffer overflow has been detected. Some records have been dropped
========= 
========= Warning: Error buffer overflow has been detected. Some records have been dropped
========= 
========= Warning: Error buffer overflow has been detected. Some records have been dropped
========= 
========= Warning: Error buffer overflow has been detected. Some records have been dropped
========= 
========= Warning: Error buffer overflow has been detected. Some records have been dropped
========= 
========= Warning: Error buffer overflow has been detected. Some records have been dropped
========= 
========= Warning: Error buffer overflow has been detected. Some records have been dropped
========= 
========= Warning: Error buffer overflow has been detected. Some records have been dropped
========= 
========= Warning: Error buffer overflow has been detected. Some records have been dropped
========= 
========= Warning: Error buffer overflow has been detected. Some records have been dropped
========= 
========= Warning: Error buffer overflow has been detected. Some records have been dropped
========= 
========= Warning: Error buffer overflow has been detected. Some records have been dropped
========= 
========= Warning: Error buffer overflow has been detected. Some records have been dropped
========= 
========= Warning: Error buffer overflow has been detected. Some records have been dropped
========= 
========= Warning: Error buffer overflow has been detected. Some records have been dropped
========= 
========= Warning: Error buffer overflow has been detected. Some records have been dropped
========= 
========= Warning: Error buffer overflow has been detected. Some records have been dropped
========= 
========= Warning: Error buffer overflow has been detected. Some records have been dropped
========= 
========= Warning: Error buffer overflow has been detected. Some records have been dropped
========= 
========= Warning: Error buffer overflow has been detected. Some records have been dropped
========= 
========= Warning: Error buffer overflow has been detected. Some records have been dropped
========= 
========= Warning: Error buffer overflow has been detected. Some records have been dropped
========= 
========= Warning: Error buffer overflow has been detected. Some records have been dropped
========= 
========= Warning: Error buffer overflow has been detected. Some records have been dropped
========= 
========= Warning: Error buffer overflow has been detected. Some records have been dropped
========= 
========= Warning: Error buffer overflow has been detected. Some records have been dropped
========= 
========= Warning: Error buffer overflow has been detected. Some records have been dropped
========= 
========= Warning: Error buffer overflow has been detected. Some records have been dropped
========= 
========= Warning: Error buffer overflow has been detected. Some records have been dropped
========= 
========= Warning: Error buffer overflow has been detected. Some records have been dropped
========= 
========= Warning: Error buffer overflow has been detected. Some records have been dropped
========= 
========= Warning: Error buffer overflow has been detected. Some records have been dropped
========= 
========= Warning: Error buffer overflow has been detected. Some records have been dropped
========= 
========= Warning: Error buffer overflow has been detected. Some records have been dropped
========= 
========= Warning: Error buffer overflow has been detected. Some records have been dropped
========= 
========= Warning: Error buffer overflow has been detected. Some records have been dropped
========= 
========= Warning: Error buffer overflow has been detected. Some records have been dropped
========= 
========= Warning: Error buffer overflow has been detected. Some records have been dropped
========= 
========= Warning: Error buffer overflow has been detected. Some records have been dropped
========= 
========= Warning: Error buffer overflow has been detected. Some records have been dropped
========= 
========= Warning: Error buffer overflow has been detected. Some records have been dropped
========= 
========= Warning: Error buffer overflow has been detected. Some records have been dropped
========= 
========= Warning: Error buffer overflow has been detected. Some records have been dropped
========= 
========= Warning: Error buffer overflow has been detected. Some records have been dropped
========= 
========= Warning: Error buffer overflow has been detected. Some records have been dropped
========= 
========= Warning: Error buffer overflow has been detected. Some records have been dropped
========= 
========= Warning: Error buffer overflow has been detected. Some records have been dropped
========= 
========= Warning: Error buffer overflow has been detected. Some records have been dropped
========= 
========= Warning: Error buffer overflow has been detected. Some records have been dropped
========= 
========= Warning: Error buffer overflow has been detected. Some records have been dropped
========= 
========= Warning: Error buffer overflow has been detected. Some records have been dropped
========= 
========= Warning: Error buffer overflow has been detected. Some records have been dropped
========= 
========= Warning: Error buffer overflow has been detected. Some records have been dropped
========= 
========= Warning: Error buffer overflow has been detected. Some records have been dropped
========= 
========= Warning: Error buffer overflow has been detected. Some records have been dropped
========= 
========= Warning: Error buffer overflow has been detected. Some records have been dropped
========= 
========= Warning: Error buffer overflow has been detected. Some records have been dropped
========= 
========= Warning: Error buffer overflow has been detected. Some records have been dropped
========= 
========= Warning: Error buffer overflow has been detected. Some records have been dropped
========= 
========= Warning: Error buffer overflow has been detected. Some records have been dropped
========= 
========= Warning: Error buffer overflow has been detected. Some records have been dropped
========= 
========= Warning: Error buffer overflow has been detected. Some records have been dropped
========= 
========= Warning: Error buffer overflow has been detected. Some records have been dropped
========= 
========= Warning: Error buffer overflow has been detected. Some records have been dropped
========= 
========= Warning: Error buffer overflow has been detected. Some records have been dropped
========= 
========= Warning: Error buffer overflow has been detected. Some records have been dropped
========= 
========= Warning: Error buffer overflow has been detected. Some records have been dropped
========= 
========= Warning: Error buffer overflow has been detected. Some records have been dropped
========= 
========= Warning: Error buffer overflow has been detected. Some records have been dropped
========= 
========= Warning: Error buffer overflow has been detected. Some records have been dropped
========= 
========= Warning: Error buffer overflow has been detected. Some records have been dropped
========= 
========= Warning: Error buffer overflow has been detected. Some records have been dropped
========= 
========= Warning: Error buffer overflow has been detected. Some records have been dropped
========= 
========= Warning: Error buffer overflow has been detected. Some records have been dropped
========= 
========= Warning: Error buffer overflow has been detected. Some records have been dropped
========= 
========= Warning: Error buffer overflow has been detected. Some records have been dropped
========= 
========= Warning: Error buffer overflow has been detected. Some records have been dropped
========= 
========= Warning: Error buffer overflow has been detected. Some records have been dropped
========= 
========= Warning: Error buffer overflow has been detected. Some records have been dropped
========= 
========= Warning: Error buffer overflow has been detected. Some records have been dropped
========= 
========= Warning: Error buffer overflow has been detected. Some records have been dropped
========= 
========= Warning: Error buffer overflow has been detected. Some records have been dropped
========= 
========= Warning: Error buffer overflow has been detected. Some records have been dropped
========= 
========= Warning: Error buffer overflow has been detected. Some records have been dropped
========= 
========= Warning: Error buffer overflow has been detected. Some records have been dropped
========= 
========= Warning: Error buffer overflow has been detected. Some records have been dropped
========= 
========= Warning: Error buffer overflow has been detected. Some records have been dropped
========= 
========= Warning: Error buffer overflow has been detected. Some records have been dropped
========= 
========= Warning: Error buffer overflow has been detected. Some records have been dropped
========= 
========= Warning: Error buffer overflow has been detected. Some records have been dropped
========= 
========= Warning: Error buffer overflow has been detected. Some records have been dropped
========= 
========= Warning: Error buffer overflow has been detected. Some records have been dropped
========= 
========= Warning: Error buffer overflow has been detected. Some records have been dropped
========= 
========= Warning: Error buffer overflow has been detected. Some records have been dropped
========= 
========= Warning: Error buffer overflow has been detected. Some records have been dropped
========= 
========= Warning: Error buffer overflow has been detected. Some records have been dropped
========= 
========= Warning: Error buffer overflow has been detected. Some records have been dropped
========= 
========= Warning: Error buffer overflow has been detected. Some records have been dropped
========= 
========= Warning: Error buffer overflow has been detected. Some records have been dropped
========= 
========= Warning: Error buffer overflow has been detected. Some records have been dropped
========= 
========= Warning: Error buffer overflow has been detected. Some records have been dropped
========= 
========= Warning: Error buffer overflow has been detected. Some records have been dropped
========= 
========= Warning: Error buffer overflow has been detected. Some records have been dropped
========= 
========= Warning: Error buffer overflow has been detected. Some records have been dropped
========= 
========= Warning: Error buffer overflow has been detected. Some records have been dropped
========= 
========= Warning: Error buffer overflow has been detected. Some records have been dropped
========= 
========= Warning: Error buffer overflow has been detected. Some records have been dropped
========= 
========= Warning: Error buffer overflow has been detected. Some records have been dropped
========= 
========= Warning: Error buffer overflow has been detected. Some records have been dropped
========= 
========= Warning: Error buffer overflow has been detected. Some records have been dropped
========= 
========= Warning: Error buffer overflow has been detected. Some records have been dropped
========= 
========= Warning: Error buffer overflow has been detected. Some records have been dropped
========= 
========= Warning: Error buffer overflow has been detected. Some records have been dropped
========= 
========= Warning: Error buffer overflow has been detected. Some records have been dropped
========= 
========= Warning: Error buffer overflow has been detected. Some records have been dropped
========= 
========= Warning: Error buffer overflow has been detected. Some records have been dropped
========= 
========= Warning: Error buffer overflow has been detected. Some records have been dropped
========= 
========= Warning: Error buffer overflow has been detected. Some records have been dropped
========= 
========= Warning: Error buffer overflow has been detected. Some records have been dropped
========= 
========= Warning: Error buffer overflow has been detected. Some records have been dropped
========= 
========= Warning: Error buffer overflow has been detected. Some records have been dropped
========= 
========= Warning: Error buffer overflow has been detected. Some records have been dropped
========= 
========= Warning: Error buffer overflow has been detected. Some records have been dropped
========= 
========= Warning: Error buffer overflow has been detected. Some records have been dropped
========= 
========= Warning: Error buffer overflow has been detected. Some records have been dropped
========= 
========= Warning: Error buffer overflow has been detected. Some records have been dropped
========= 
========= Warning: Error buffer overflow has been detected. Some records have been dropped
========= 
========= Warning: Error buffer overflow has been detected. Some records have been dropped
========= 
========= Warning: Error buffer overflow has been detected. Some records have been dropped
========= 
========= Warning: Error buffer overflow has been detected. Some records have been dropped
========= 
========= Warning: Error buffer overflow has been detected. Some records have been dropped
========= 
========= Warning: Error buffer overflow has been detected. Some records have been dropped
========= 
========= Warning: Error buffer overflow has been detected. Some records have been dropped
========= 
========= Warning: Error buffer overflow has been detected. Some records have been dropped
========= 
========= Warning: Error buffer overflow has been detected. Some records have been dropped
========= 
========= Warning: Error buffer overflow has been detected. Some records have been dropped
========= 
========= Warning: Error buffer overflow has been detected. Some records have been dropped
========= 
========= Warning: Error buffer overflow has been detected. Some records have been dropped
========= 
========= Warning: Error buffer overflow has been detected. Some records have been dropped
========= 
========= Warning: Error buffer overflow has been detected. Some records have been dropped
========= 
========= Warning: Error buffer overflow has been detected. Some records have been dropped
========= 
========= Warning: Error buffer overflow has been detected. Some records have been dropped
========= 
========= Warning: Error buffer overflow has been detected. Some records have been dropped
========= 
========= Warning: Error buffer overflow has been detected. Some records have been dropped
========= 
========= Warning: Error buffer overflow has been detected. Some records have been dropped
========= 
========= Warning: Error buffer overflow has been detected. Some records have been dropped
========= 
========= Warning: Error buffer overflow has been detected. Some records have been dropped
========= 
========= Warning: Error buffer overflow has been detected. Some records have been dropped
========= 
========= Warning: Error buffer overflow has been detected. Some records have been dropped
========= 
========= Warning: Error buffer overflow has been detected. Some records have been dropped
========= 
========= Warning: Error buffer overflow has been detected. Some records have been dropped
========= 
========= Warning: Error buffer overflow has been detected. Some records have been dropped
========= 
========= Warning: Error buffer overflow has been detected. Some records have been dropped
========= 
========= Warning: Error buffer overflow has been detected. Some records have been dropped
========= 
========= Warning: Error buffer overflow has been detected. Some records have been dropped
========= 
========= Warning: Error buffer overflow has been detected. Some records have been dropped
========= 
========= Warning: Error buffer overflow has been detected. Some records have been dropped
========= 
========= Warning: Error buffer overflow has been detected. Some records have been dropped
========= 
========= Warning: Error buffer overflow has been detected. Some records have been dropped
========= 
========= Warning: Error buffer overflow has been detected. Some records have been dropped
========= 
========= Warning: Error buffer overflow has been detected. Some records have been dropped
========= 
========= Warning: Error buffer overflow has been detected. Some records have been dropped
========= 
========= Warning: Error buffer overflow has been detected. Some records have been dropped
========= 
========= Warning: Error buffer overflow has been detected. Some records have been dropped
========= 
========= Warning: Error buffer overflow has been detected. Some records have been dropped
========= 
========= Warning: Error buffer overflow has been detected. Some records have been dropped
========= 
========= Warning: Error buffer overflow has been detected. Some records have been dropped
========= 
========= Warning: Error buffer overflow has been detected. Some records have been dropped
========= 
========= Warning: Error buffer overflow has been detected. Some records have been dropped
========= 
========= Warning: Error buffer overflow has been detected. Some records have been dropped
========= 
========= Warning: Error buffer overflow has been detected. Some records have been dropped
========= 
========= Warning: Error buffer overflow has been detected. Some records have been dropped
========= 
========= Warning: Error buffer overflow has been detected. Some records have been dropped
========= 
========= Warning: Error buffer overflow has been detected. Some records have been dropped
========= 
========= Warning: Error buffer overflow has been detected. Some records have been dropped
========= 
========= Warning: Error buffer overflow has been detected. Some records have been dropped
========= 
========= Warning: Error buffer overflow has been detected. Some records have been dropped
========= 
========= Warning: Error buffer overflow has been detected. Some records have been dropped
========= 
========= Warning: Error buffer overflow has been detected. Some records have been dropped
========= 
========= Warning: Error buffer overflow has been detected. Some records have been dropped
========= 
========= Warning: Error buffer overflow has been detected. Some records have been dropped
========= 
========= Warning: Error buffer overflow has been detected. Some records have been dropped
========= 
========= Warning: Error buffer overflow has been detected. Some records have been dropped
========= 
========= Warning: Error buffer overflow has been detected. Some records have been dropped
========= 
========= Warning: Error buffer overflow has been detected. Some records have been dropped
========= 
========= Warning: Error buffer overflow has been detected. Some records have been dropped
========= 
========= Warning: Error buffer overflow has been detected. Some records have been dropped
========= 
========= Warning: Error buffer overflow has been detected. Some records have been dropped
========= 
========= Warning: Error buffer overflow has been detected. Some records have been dropped
========= 
========= Warning: Error buffer overflow has been detected. Some records have been dropped
========= 
========= Warning: Error buffer overflow has been detected. Some records have been dropped
========= 
========= Warning: Error buffer overflow has been detected. Some records have been dropped
========= 
========= Warning: Error buffer overflow has been detected. Some records have been dropped
========= 
========= Warning: Error buffer overflow has been detected. Some records have been dropped
========= 
========= Warning: Error buffer overflow has been detected. Some records have been dropped
========= 
========= Warning: Error buffer overflow has been detected. Some records have been dropped
========= 
========= Warning: Error buffer overflow has been detected. Some records have been dropped
========= 
========= Warning: Error buffer overflow has been detected. Some records have been dropped
========= 
========= Warning: Error buffer overflow has been detected. Some records have been dropped
========= 
========= Warning: Error buffer overflow has been detected. Some records have been dropped
========= 
========= Warning: Error buffer overflow has been detected. Some records have been dropped
========= 
========= Warning: Error buffer overflow has been detected. Some records have been dropped
========= 
========= Warning: Error buffer overflow has been detected. Some records have been dropped
========= 
========= Warning: Error buffer overflow has been detected. Some records have been dropped
========= 
========= Warning: Error buffer overflow has been detected. Some records have been dropped
========= 
========= Warning: Error buffer overflow has been detected. Some records have been dropped
========= 
========= Warning: Error buffer overflow has been detected. Some records have been dropped
========= 
========= Warning: Error buffer overflow has been detected. Some records have been dropped
========= 
========= Warning: Error buffer overflow has been detected. Some records have been dropped
========= 
========= Warning: Error buffer overflow has been detected. Some records have been dropped
========= 
========= Warning: Error buffer overflow has been detected. Some records have been dropped
========= 
========= Warning: Error buffer overflow has been detected. Some records have been dropped
========= 
========= Warning: Error buffer overflow has been detected. Some records have been dropped
========= 
========= Warning: Error buffer overflow has been detected. Some records have been dropped
========= 
========= Warning: Error buffer overflow has been detected. Some records have been dropped
========= 
========= Warning: Error buffer overflow has been detected. Some records have been dropped
========= 
========= Warning: Error buffer overflow has been detected. Some records have been dropped
========= 
========= Warning: Error buffer overflow has been detected. Some records have been dropped
========= 
========= Warning: Error buffer overflow has been detected. Some records have been dropped
========= 
========= Warning: Error buffer overflow has been detected. Some records have been dropped
========= 
========= Warning: Error buffer overflow has been detected. Some records have been dropped
========= 
========= Warning: Error buffer overflow has been detected. Some records have been dropped
========= 
========= Warning: Error buffer overflow has been detected. Some records have been dropped
========= 
========= Warning: Error buffer overflow has been detected. Some records have been dropped
========= 
========= Warning: Error buffer overflow has been detected. Some records have been dropped
========= 
========= Warning: Error buffer overflow has been detected. Some records have been dropped
========= 
========= Warning: Error buffer overflow has been detected. Some records have been dropped
========= 
========= Warning: Error buffer overflow has been detected. Some records have been dropped
========= 
========= Warning: Error buffer overflow has been detected. Some records have been dropped
========= 
========= Warning: Error buffer overflow has been detected. Some records have been dropped
========= 
========= Warning: Error buffer overflow has been detected. Some records have been dropped
========= 
========= Warning: Error buffer overflow has been detected. Some records have been dropped
========= 
========= Warning: Error buffer overflow has been detected. Some records have been dropped
========= 
========= Warning: Error buffer overflow has been detected. Some records have been dropped
========= 
========= Warning: Error buffer overflow has been detected. Some records have been dropped
========= 
========= Warning: Error buffer overflow has been detected. Some records have been dropped
========= 
========= Warning: Error buffer overflow has been detected. Some records have been dropped
========= 
========= Warning: Error buffer overflow has been detected. Some records have been dropped
========= 
========= Warning: Error buffer overflow has been detected. Some records have been dropped
========= 
========= Warning: Error buffer overflow has been detected. Some records have been dropped
========= 
========= Warning: Error buffer overflow has been detected. Some records have been dropped
========= 
========= Warning: Error buffer overflow has been detected. Some records have been dropped
========= 
========= Warning: Error buffer overflow has been detected. Some records have been dropped
========= 
========= Warning: Error buffer overflow has been detected. Some records have been dropped
========= 
========= Warning: Error buffer overflow has been detected. Some records have been dropped
========= 
========= Warning: Error buffer overflow has been detected. Some records have been dropped
========= 
========= Warning: Error buffer overflow has been detected. Some records have been dropped
========= 
========= Warning: Error buffer overflow has been detected. Some records have been dropped
========= 
========= Warning: Error buffer overflow has been detected. Some records have been dropped
========= 
========= Warning: Error buffer overflow has been detected. Some records have been dropped
========= 
========= Warning: Error buffer overflow has been detected. Some records have been dropped
========= 
========= Warning: Error buffer overflow has been detected. Some records have been dropped
========= 
========= Warning: Error buffer overflow has been detected. Some records have been dropped
========= 
========= Warning: Error buffer overflow has been detected. Some records have been dropped
========= 
========= Warning: Error buffer overflow has been detected. Some records have been dropped
========= 
========= Warning: Error buffer overflow has been detected. Some records have been dropped
========= 
========= Warning: Error buffer overflow has been detected. Some records have been dropped
========= 
========= Warning: Error buffer overflow has been detected. Some records have been dropped
========= 
========= Warning: Error buffer overflow has been detected. Some records have been dropped
========= 
========= Warning: Error buffer overflow has been detected. Some records have been dropped
========= 
========= Warning: Error buffer overflow has been detected. Some records have been dropped
========= 
========= Warning: Error buffer overflow has been detected. Some records have been dropped
========= 
========= Warning: Error buffer overflow has been detected. Some records have been dropped
========= 
========= Warning: Error buffer overflow has been detected. Some records have been dropped
========= 
========= Warning: Error buffer overflow has been detected. Some records have been dropped
========= 
========= Warning: Error buffer overflow has been detected. Some records have been dropped
========= 
========= Warning: Error buffer overflow has been detected. Some records have been dropped
========= 
========= Warning: Error buffer overflow has been detected. Some records have been dropped
========= 
========= Warning: Error buffer overflow has been detected. Some records have been dropped
========= 
========= Warning: Error buffer overflow has been detected. Some records have been dropped
========= 
========= Warning: Error buffer overflow has been detected. Some records have been dropped
========= 
========= Warning: Error buffer overflow has been detected. Some records have been dropped
========= 
========= Warning: Error buffer overflow has been detected. Some records have been dropped
========= 
========= Warning: Error buffer overflow has been detected. Some records have been dropped
========= 
========= Warning: Error buffer overflow has been detected. Some records have been dropped
========= 
========= Warning: Error buffer overflow has been detected. Some records have been dropped
========= 
========= Warning: Error buffer overflow has been detected. Some records have been dropped
========= 
========= Warning: Error buffer overflow has been detected. Some records have been dropped
========= 
========= Warning: Error buffer overflow has been detected. Some records have been dropped
========= 
========= Warning: Error buffer overflow has been detected. Some records have been dropped
========= 
========= Warning: Error buffer overflow has been detected. Some records have been dropped
========= 
========= Warning: Error buffer overflow has been detected. Some records have been dropped
========= 
========= Warning: Error buffer overflow has been detected. Some records have been dropped
========= 
========= Warning: Error buffer overflow has been detected. Some records have been dropped
========= 
========= Warning: Error buffer overflow has been detected. Some records have been dropped
========= 
========= Warning: Error buffer overflow has been detected. Some records have been dropped
========= 
========= Warning: Error buffer overflow has been detected. Some records have been dropped
========= 
========= Warning: Error buffer overflow has been detected. Some records have been dropped
========= 
========= Warning: Error buffer overflow has been detected. Some records have been dropped
========= 
========= Warning: Error buffer overflow has been detected. Some records have been dropped
========= 
========= Warning: Error buffer overflow has been detected. Some records have been dropped
========= 
========= Warning: Error buffer overflow has been detected. Some records have been dropped
========= 
========= Warning: Error buffer overflow has been detected. Some records have been dropped
========= 
========= Warning: Error buffer overflow has been detected. Some records have been dropped
========= 
========= Warning: Error buffer overflow has been detected. Some records have been dropped
========= 
========= Warning: Error buffer overflow has been detected. Some records have been dropped
========= 
========= Warning: Error buffer overflow has been detected. Some records have been dropped
========= 
========= Warning: Error buffer overflow has been detected. Some records have been dropped
========= 
========= Warning: Error buffer overflow has been detected. Some records have been dropped
========= 
========= Warning: Error buffer overflow has been detected. Some records have been dropped
========= 
========= Warning: Error buffer overflow has been detected. Some records have been dropped
========= 
========= Warning: Error buffer overflow has been detected. Some records have been dropped
========= 
========= Warning: Error buffer overflow has been detected. Some records have been dropped
========= 
========= Warning: Error buffer overflow has been detected. Some records have been dropped
========= 
========= Warning: Error buffer overflow has been detected. Some records have been dropped
========= 
========= Warning: Error buffer overflow has been detected. Some records have been dropped
========= 
========= Warning: Error buffer overflow has been detected. Some records have been dropped
========= 
========= Warning: Error buffer overflow has been detected. Some records have been dropped
========= 
========= Warning: Error buffer overflow has been detected. Some records have been dropped
========= 
========= Warning: Error buffer overflow has been detected. Some records have been dropped
========= 
========= Warning: Error buffer overflow has been detected. Some records have been dropped
========= 
========= Warning: Error buffer overflow has been detected. Some records have been dropped
========= 
========= Warning: Error buffer overflow has been detected. Some records have been dropped
========= 
========= Warning: Error buffer overflow has been detected. Some records have been dropped
========= 
========= Warning: Error buffer overflow has been detected. Some records have been dropped
========= 
========= Warning: Error buffer overflow has been detected. Some records have been dropped
========= 
========= Warning: Error buffer overflow has been detected. Some records have been dropped
========= 
========= Warning: Error buffer overflow has been detected. Some records have been dropped
========= 
========= Warning: Error buffer overflow has been detected. Some records have been dropped
========= 
========= Warning: Error buffer overflow has been detected. Some records have been dropped
========= 
========= Warning: Error buffer overflow has been detected. Some records have been dropped
========= 
========= Warning: Error buffer overflow has been detected. Some records have been dropped
========= 
========= Warning: Error buffer overflow has been detected. Some records have been dropped
========= 
========= Warning: Error buffer overflow has been detected. Some records have been dropped
========= 
========= Warning: Error buffer overflow has been detected. Some records have been dropped
========= 
========= Warning: Error buffer overflow has been detected. Some records have been dropped
========= 
========= Warning: Error buffer overflow has been detected. Some records have been dropped
========= 
========= Warning: Error buffer overflow has been detected. Some records have been dropped
========= 
========= Warning: Error buffer overflow has been detected. Some records have been dropped
========= 
========= Warning: Error buffer overflow has been detected. Some records have been dropped
========= 
========= Warning: Error buffer overflow has been detected. Some records have been dropped
========= 
========= Warning: Error buffer overflow has been detected. Some records have been dropped
========= 
========= Warning: Error buffer overflow has been detected. Some records have been dropped
========= 
========= Warning: Error buffer overflow has been detected. Some records have been dropped
========= 
========= Warning: Error buffer overflow has been detected. Some records have been dropped
========= 
========= Warning: Error buffer overflow has been detected. Some records have been dropped
========= 
========= Warning: Error buffer overflow has been detected. Some records have been dropped
========= 
========= Warning: Error buffer overflow has been detected. Some records have been dropped
========= 
========= Warning: Error buffer overflow has been detected. Some records have been dropped
========= 
========= Warning: Error buffer overflow has been detected. Some records have been dropped
========= 
========= Warning: Error buffer overflow has been detected. Some records have been dropped
========= 
========= Warning: Error buffer overflow has been detected. Some records have been dropped
========= 
========= Warning: Error buffer overflow has been detected. Some records have been dropped
========= 
========= Warning: Error buffer overflow has been detected. Some records have been dropped
========= 
========= Warning: Error buffer overflow has been detected. Some records have been dropped
========= 
========= Warning: Error buffer overflow has been detected. Some records have been dropped
========= 
========= Warning: Error buffer overflow has been detected. Some records have been dropped
========= 
========= Warning: Error buffer overflow has been detected. Some records have been dropped
========= 
========= Warning: Error buffer overflow has been detected. Some records have been dropped
========= 
========= Warning: Error buffer overflow has been detected. Some records have been dropped
========= 
========= Warning: Error buffer overflow has been detected. Some records have been dropped
========= 
========= Warning: Error buffer overflow has been detected. Some records have been dropped
========= 
========= Warning: Error buffer overflow has been detected. Some records have been dropped
========= 
========= Warning: Error buffer overflow has been detected. Some records have been dropped
========= 
========= Warning: Error buffer overflow has been detected. Some records have been dropped
========= 
========= Warning: Error buffer overflow has been detected. Some records have been dropped
========= 
========= Warning: Error buffer overflow has been detected. Some records have been dropped
========= 
========= Warning: Error buffer overflow has been detected. Some records have been dropped
========= 
========= Warning: Error buffer overflow has been detected. Some records have been dropped
========= 
========= Warning: Error buffer overflow has been detected. Some records have been dropped
========= 
========= Warning: Error buffer overflow has been detected. Some records have been dropped
========= 
========= Warning: Error buffer overflow has been detected. Some records have been dropped
========= 
========= Warning: Error buffer overflow has been detected. Some records have been dropped
========= 
========= Warning: Error buffer overflow has been detected. Some records have been dropped
========= 
========= Warning: Error buffer overflow has been detected. Some records have been dropped
========= 
========= Warning: Error buffer overflow has been detected. Some records have been dropped
========= 
========= Warning: Error buffer overflow has been detected. Some records have been dropped
========= 
========= Warning: Error buffer overflow has been detected. Some records have been dropped
========= 
========= Warning: Error buffer overflow has been detected. Some records have been dropped
========= 
========= Warning: Error buffer overflow has been detected. Some records have been dropped
========= 
========= Warning: Error buffer overflow has been detected. Some records have been dropped
========= 
========= Warning: Error buffer overflow has been detected. Some records have been dropped
========= 
========= Warning: Error buffer overflow has been detected. Some records have been dropped
========= 
========= Warning: Error buffer overflow has been detected. Some records have been dropped
========= 
========= Warning: Error buffer overflow has been detected. Some records have been dropped
========= 
========= Warning: Error buffer overflow has been detected. Some records have been dropped
========= 
========= Warning: Error buffer overflow has been detected. Some records have been dropped
========= 
========= Warning: Error buffer overflow has been detected. Some records have been dropped
========= 
========= Warning: Error buffer overflow has been detected. Some records have been dropped
========= 
========= Warning: Error buffer overflow has been detected. Some records have been dropped
========= 
========= Warning: Error buffer overflow has been detected. Some records have been dropped
========= 
========= Warning: Error buffer overflow has been detected. Some records have been dropped
========= 
========= Warning: Error buffer overflow has been detected. Some records have been dropped
========= 
========= Warning: Error buffer overflow has been detected. Some records have been dropped
========= 
========= Warning: Error buffer overflow has been detected. Some records have been dropped
========= 
========= Warning: Error buffer overflow has been detected. Some records have been dropped
========= 
========= Warning: Error buffer overflow has been detected. Some records have been dropped
========= 
========= Warning: Error buffer overflow has been detected. Some records have been dropped
========= 
========= Warning: Error buffer overflow has been detected. Some records have been dropped
========= 
========= Warning: Error buffer overflow has been detected. Some records have been dropped
========= 
========= Warning: Error buffer overflow has been detected. Some records have been dropped
========= 
========= Warning: Error buffer overflow has been detected. Some records have been dropped
========= 
========= Warning: Error buffer overflow has been detected. Some records have been dropped
========= 
========= Warning: Error buffer overflow has been detected. Some records have been dropped
========= 
========= Warning: Error buffer overflow has been detected. Some records have been dropped
========= 
========= Warning: Error buffer overflow has been detected. Some records have been dropped
========= 
========= Warning: Error buffer overflow has been detected. Some records have been dropped
========= 
========= Warning: Error buffer overflow has been detected. Some records have been dropped
========= 
========= Warning: Error buffer overflow has been detected. Some records have been dropped
========= 
========= Warning: Error buffer overflow has been detected. Some records have been dropped
========= 
========= Warning: Error buffer overflow has been detected. Some records have been dropped
========= 
========= Warning: Error buffer overflow has been detected. Some records have been dropped
========= 
========= Warning: Error buffer overflow has been detected. Some records have been dropped
========= 
========= Warning: Error buffer overflow has been detected. Some records have been dropped
========= 
========= Warning: Error buffer overflow has been detected. Some records have been dropped
========= 
========= Warning: Error buffer overflow has been detected. Some records have been dropped
========= 
========= Warning: Error buffer overflow has been detected. Some records have been dropped
========= 
========= Warning: Error buffer overflow has been detected. Some records have been dropped
========= 
========= Warning: Error buffer overflow has been detected. Some records have been dropped
========= 
========= Warning: Error buffer overflow has been detected. Some records have been dropped
========= 
========= Warning: Error buffer overflow has been detected. Some records have been dropped
========= 
========= Warning: Error buffer overflow has been detected. Some records have been dropped
========= 
========= Warning: Error buffer overflow has been detected. Some records have been dropped
========= 
========= Warning: Error buffer overflow has been detected. Some records have been dropped
========= 
========= Warning: Error buffer overflow has been detected. Some records have been dropped
========= 
========= Warning: Error buffer overflow has been detected. Some records have been dropped
========= 
========= Warning: Error buffer overflow has been detected. Some records have been dropped
========= 
========= Warning: Error buffer overflow has been detected. Some records have been dropped
========= 
========= Warning: Error buffer overflow has been detected. Some records have been dropped
========= 
========= Warning: Error buffer overflow has been detected. Some records have been dropped
========= 
========= Warning: Error buffer overflow has been detected. Some records have been dropped
========= 
========= Warning: Error buffer overflow has been detected. Some records have been dropped
========= 
========= Warning: Error buffer overflow has been detected. Some records have been dropped
========= 
========= Warning: Error buffer overflow has been detected. Some records have been dropped
========= 
========= Warning: Error buffer overflow has been detected. Some records have been dropped
========= 
========= Warning: Error buffer overflow has been detected. Some records have been dropped
========= 
========= Warning: Error buffer overflow has been detected. Some records have been dropped
========= 
========= Warning: Error buffer overflow has been detected. Some records have been dropped
========= 
========= Warning: Error buffer overflow has been detected. Some records have been dropped
========= 
========= Warning: Error buffer overflow has been detected. Some records have been dropped
========= 
========= Warning: Error buffer overflow has been detected. Some records have been dropped
========= 
========= Warning: Error buffer overflow has been detected. Some records have been dropped
========= 
========= Warning: Error buffer overflow has been detected. Some records have been dropped
========= 
========= Warning: Error buffer overflow has been detected. Some records have been dropped
========= 
========= Warning: Error buffer overflow has been detected. Some records have been dropped
========= 
========= Warning: Error buffer overflow has been detected. Some records have been dropped
========= 
========= Warning: Error buffer overflow has been detected. Some records have been dropped
========= 
========= Warning: Error buffer overflow has been detected. Some records have been dropped
========= 
========= Warning: Error buffer overflow has been detected. Some records have been dropped
========= 
========= Warning: Error buffer overflow has been detected. Some records have been dropped
========= 
========= Warning: Error buffer overflow has been detected. Some records have been dropped
========= 
========= Warning: Error buffer overflow has been detected. Some records have been dropped
========= 
========= Warning: Error buffer overflow has been detected. Some records have been dropped
========= 
========= Warning: Error buffer overflow has been detected. Some records have been dropped
========= 
========= Warning: Error buffer overflow has been detected. Some records have been dropped
========= 
========= Warning: Error buffer overflow has been detected. Some records have been dropped
========= 
========= Warning: Error buffer overflow has been detected. Some records have been dropped
========= 
========= Warning: Error buffer overflow has been detected. Some records have been dropped
========= 
========= Warning: Error buffer overflow has been detected. Some records have been dropped
========= 
========= Warning: Error buffer overflow has been detected. Some records have been dropped
========= 
========= Warning: Error buffer overflow has been detected. Some records have been dropped
========= 
========= Warning: Error buffer overflow has been detected. Some records have been dropped
========= 
========= Warning: Error buffer overflow has been detected. Some records have been dropped
========= 
========= Warning: Error buffer overflow has been detected. Some records have been dropped
========= 
========= Warning: Error buffer overflow has been detected. Some records have been dropped
========= 
========= Warning: Error buffer overflow has been detected. Some records have been dropped
========= 
========= Warning: Error buffer overflow has been detected. Some records have been dropped
========= 
========= Warning: Error buffer overflow has been detected. Some records have been dropped
========= 
========= Warning: Error buffer overflow has been detected. Some records have been dropped
========= 
========= Warning: Error buffer overflow has been detected. Some records have been dropped
========= 
========= Warning: Error buffer overflow has been detected. Some records have been dropped
========= 
========= Warning: Error buffer overflow has been detected. Some records have been dropped
========= 
========= Warning: Error buffer overflow has been detected. Some records have been dropped
========= 
========= Warning: Error buffer overflow has been detected. Some records have been dropped
========= 
========= Warning: Error buffer overflow has been detected. Some records have been dropped
========= 
========= Warning: Error buffer overflow has been detected. Some records have been dropped
========= 
========= Warning: Error buffer overflow has been detected. Some records have been dropped
========= 
========= Warning: Error buffer overflow has been detected. Some records have been dropped
========= 
========= Warning: Error buffer overflow has been detected. Some records have been dropped
========= 
========= Warning: Error buffer overflow has been detected. Some records have been dropped
========= 
========= Warning: Error buffer overflow has been detected. Some records have been dropped
========= 
========= Warning: Error buffer overflow has been detected. Some records have been dropped
========= 
========= Warning: Error buffer overflow has been detected. Some records have been dropped
========= 
========= Warning: Error buffer overflow has been detected. Some records have been dropped
========= 
========= Warning: Error buffer overflow has been detected. Some records have been dropped
========= 
========= Warning: Error buffer overflow has been detected. Some records have been dropped
========= 
========= Warning: Error buffer overflow has been detected. Some records have been dropped
========= 
========= Warning: Error buffer overflow has been detected. Some records have been dropped
========= 
========= Warning: Error buffer overflow has been detected. Some records have been dropped
========= 
========= Warning: Error buffer overflow has been detected. Some records have been dropped
========= 
========= Warning: Error buffer overflow has been detected. Some records have been dropped
========= 
========= Warning: Error buffer overflow has been detected. Some records have been dropped
========= 
========= Warning: Error buffer overflow has been detected. Some records have been dropped
========= 
========= Warning: Error buffer overflow has been detected. Some records have been dropped
========= 
========= Warning: Error buffer overflow has been detected. Some records have been dropped
========= 
========= Warning: Error buffer overflow has been detected. Some records have been dropped
========= 
========= Warning: Error buffer overflow has been detected. Some records have been dropped
========= 
========= Warning: Error buffer overflow has been detected. Some records have been dropped
========= 
========= Warning: Error buffer overflow has been detected. Some records have been dropped
========= 
========= Warning: Error buffer overflow has been detected. Some records have been dropped
========= 
========= Warning: Error buffer overflow has been detected. Some records have been dropped
========= 
========= Warning: Error buffer overflow has been detected. Some records have been dropped
========= 
========= Warning: Error buffer overflow has been detected. Some records have been dropped
========= 
========= Warning: Error buffer overflow has been detected. Some records have been dropped
========= 
========= Warning: Error buffer overflow has been detected. Some records have been dropped
========= 
========= Warning: Error buffer overflow has been detected. Some records have been dropped
========= 
========= Warning: Error buffer overflow has been detected. Some records have been dropped
========= 
========= Warning: Error buffer overflow has been detected. Some records have been dropped
========= 
========= Warning: Error buffer overflow has been detected. Some records have been dropped
========= 
========= Warning: Error buffer overflow has been detected. Some records have been dropped
========= 
========= Warning: Error buffer overflow has been detected. Some records have been dropped
========= 
========= Warning: Error buffer overflow has been detected. Some records have been dropped
========= 
========= Warning: Error buffer overflow has been detected. Some records have been dropped
========= 
========= Warning: Error buffer overflow has been detected. Some records have been dropped
========= 
========= Warning: Error buffer overflow has been detected. Some records have been dropped
========= 
========= Warning: Error buffer overflow has been detected. Some records have been dropped
========= 
========= Warning: Error buffer overflow has been detected. Some records have been dropped
========= 
========= Warning: Error buffer overflow has been detected. Some records have been dropped
========= 
========= Warning: Error buffer overflow has been detected. Some records have been dropped
========= 
========= Warning: Error buffer overflow has been detected. Some records have been dropped
========= 
========= Warning: Error buffer overflow has been detected. Some records have been dropped
========= 
========= Warning: Error buffer overflow has been detected. Some records have been dropped
========= 
========= Warning: Error buffer overflow has been detected. Some records have been dropped
========= 
========= Warning: Error buffer overflow has been detected. Some records have been dropped
========= 
========= Warning: Error buffer overflow has been detected. Some records have been dropped
========= 
========= Warning: Error buffer overflow has been detected. Some records have been dropped
========= 
========= Warning: Error buffer overflow has been detected. Some records have been dropped
========= 
========= Warning: Error buffer overflow has been detected. Some records have been dropped
========= 
========= Warning: Error buffer overflow has been detected. Some records have been dropped
========= 
========= Warning: Error buffer overflow has been detected. Some records have been dropped
========= 
========= Warning: Error buffer overflow has been detected. Some records have been dropped
========= 
========= Warning: Error buffer overflow has been detected. Some records have been dropped
========= 
========= Warning: Error buffer overflow has been detected. Some records have been dropped
========= 
========= Warning: Error buffer overflow has been detected. Some records have been dropped
========= 
========= Warning: Error buffer overflow has been detected. Some records have been dropped
========= 
========= Warning: Error buffer overflow has been detected. Some records have been dropped
========= 
========= Warning: Error buffer overflow has been detected. Some records have been dropped
========= 
========= Warning: Error buffer overflow has been detected. Some records have been dropped
========= 
========= Warning: Error buffer overflow has been detected. Some records have been dropped
========= 
========= Warning: Error buffer overflow has been detected. Some records have been dropped
========= 
========= Warning: Error buffer overflow has been detected. Some records have been dropped
========= 
========= Warning: Error buffer overflow has been detected. Some records have been dropped
========= 
========= Warning: Error buffer overflow has been detected. Some records have been dropped
========= 
========= Warning: Error buffer overflow has been detected. Some records have been dropped
========= 
========= Warning: Error buffer overflow has been detected. Some records have been dropped
========= 
========= Warning: Error buffer overflow has been detected. Some records have been dropped
========= 
========= Warning: Error buffer overflow has been detected. Some records have been dropped
========= 
========= Warning: Error buffer overflow has been detected. Some records have been dropped
========= 
========= Warning: Error buffer overflow has been detected. Some records have been dropped
========= 
========= Warning: Error buffer overflow has been detected. Some records have been dropped
========= 
========= Warning: Error buffer overflow has been detected. Some records have been dropped
========= 
========= Warning: Error buffer overflow has been detected. Some records have been dropped
========= 
========= Warning: Error buffer overflow has been detected. Some records have been dropped
========= 
========= Warning: Error buffer overflow has been detected. Some records have been dropped
========= 
========= Warning: Error buffer overflow has been detected. Some records have been dropped
========= 
========= Warning: Error buffer overflow has been detected. Some records have been dropped
========= 
========= Warning: Error buffer overflow has been detected. Some records have been dropped
========= 
========= Warning: Error buffer overflow has been detected. Some records have been dropped
========= 
========= Warning: Error buffer overflow has been detected. Some records have been dropped
========= 
========= Warning: Error buffer overflow has been detected. Some records have been dropped
========= 
========= Warning: Error buffer overflow has been detected. Some records have been dropped
========= 
========= Warning: Error buffer overflow has been detected. Some records have been dropped
========= 
========= Warning: Error buffer overflow has been detected. Some records have been dropped
========= 
========= Warning: Error buffer overflow has been detected. Some records have been dropped
========= 
========= Warning: Error buffer overflow has been detected. Some records have been dropped
========= 
========= Warning: Error buffer overflow has been detected. Some records have been dropped
========= 
========= Warning: Error buffer overflow has been detected. Some records have been dropped
========= 
========= Warning: Error buffer overflow has been detected. Some records have been dropped
========= 
========= Warning: Error buffer overflow has been detected. Some records have been dropped
========= 
========= Warning: Error buffer overflow has been detected. Some records have been dropped
========= 
========= Warning: Error buffer overflow has been detected. Some records have been dropped
========= 
========= Warning: Error buffer overflow has been detected. Some records have been dropped
========= 
========= Warning: Error buffer overflow has been detected. Some records have been dropped
========= 
========= Warning: Error buffer overflow has been detected. Some records have been dropped
========= 
========= Warning: Error buffer overflow has been detected. Some records have been dropped
========= 
========= Warning: Error buffer overflow has been detected. Some records have been dropped
========= 
========= Warning: Error buffer overflow has been detected. Some records have been dropped
========= 
========= Warning: Error buffer overflow has been detected. Some records have been dropped
========= 
========= Warning: Error buffer overflow has been detected. Some records have been dropped
========= 
========= Warning: Error buffer overflow has been detected. Some records have been dropped
========= 
========= Warning: Error buffer overflow has been detected. Some records have been dropped
========= 
========= Warning: Error buffer overflow has been detected. Some records have been dropped
========= 
========= Warning: Error buffer overflow has been detected. Some records have been dropped
========= 
========= Warning: Error buffer overflow has been detected. Some records have been dropped
========= 
========= Warning: Error buffer overflow has been detected. Some records have been dropped
========= 
========= Warning: Error buffer overflow has been detected. Some records have been dropped
========= 
========= Warning: Error buffer overflow has been detected. Some records have been dropped
========= 
========= Warning: Error buffer overflow has been detected. Some records have been dropped
========= 
========= Warning: Error buffer overflow has been detected. Some records have been dropped
========= 
========= Warning: Error buffer overflow has been detected. Some records have been dropped
========= 
========= Warning: Error buffer overflow has been detected. Some records have been dropped
========= 
========= Warning: Error buffer overflow has been detected. Some records have been dropped
========= 
========= Warning: Error buffer overflow has been detected. Some records have been dropped
========= 
========= Warning: Error buffer overflow has been detected. Some records have been dropped
========= 
========= Warning: Error buffer overflow has been detected. Some records have been dropped
========= 
========= Warning: Error buffer overflow has been detected. Some records have been dropped
========= 
========= Warning: Error buffer overflow has been detected. Some records have been dropped
========= 
========= Warning: Error buffer overflow has been detected. Some records have been dropped
========= 
========= Warning: Error buffer overflow has been detected. Some records have been dropped
========= 
========= Warning: Error buffer overflow has been detected. Some records have been dropped
========= 
========= Warning: Error buffer overflow has been detected. Some records have been dropped
========= 
========= Warning: Error buffer overflow has been detected. Some records have been dropped
========= 
========= Warning: Error buffer overflow has been detected. Some records have been dropped
========= 
========= Warning: Error buffer overflow has been detected. Some records have been dropped
========= 
========= Warning: Error buffer overflow has been detected. Some records have been dropped
========= 
========= Warning: Error buffer overflow has been detected. Some records have been dropped
========= 
========= Warning: Error buffer overflow has been detected. Some records have been dropped
========= 
========= Warning: Error buffer overflow has been detected. Some records have been dropped
========= 
========= Warning: Error buffer overflow has been detected. Some records have been dropped
========= 
========= Warning: Error buffer overflow has been detected. Some records have been dropped
========= 
========= Warning: Error buffer overflow has been detected. Some records have been dropped
========= 
========= Warning: Error buffer overflow has been detected. Some records have been dropped
========= 
========= Warning: Error buffer overflow has been detected. Some records have been dropped
========= 
========= Warning: Error buffer overflow has been detected. Some records have been dropped
========= 
========= Warning: Error buffer overflow has been detected. Some records have been dropped
========= 
========= Warning: Error buffer overflow has been detected. Some records have been dropped
========= 
========= Warning: Error buffer overflow has been detected. Some records have been dropped
========= 
========= Warning: Error buffer overflow has been detected. Some records have been dropped
========= 
========= Warning: Error buffer overflow has been detected. Some records have been dropped
========= 
========= Warning: Error buffer overflow has been detected. Some records have been dropped
========= 
========= Warning: Error buffer overflow has been detected. Some records have been dropped
========= 
========= Warning: Error buffer overflow has been detected. Some records have been dropped
========= 
========= Warning: Error buffer overflow has been detected. Some records have been dropped
========= 
========= Warning: Error buffer overflow has been detected. Some records have been dropped
========= 
========= Warning: Error buffer overflow has been detected. Some records have been dropped
========= 
========= Warning: Error buffer overflow has been detected. Some records have been dropped
========= 
========= Warning: Error buffer overflow has been detected. Some records have been dropped
========= 
========= Warning: Error buffer overflow has been detected. Some records have been dropped
========= 
========= Warning: Error buffer overflow has been detected. Some records have been dropped
========= 
========= Warning: Error buffer overflow has been detected. Some records have been dropped
========= 
========= Warning: Error buffer overflow has been detected. Some records have been dropped
========= 
========= Warning: Error buffer overflow has been detected. Some records have been dropped
========= 
========= Warning: Error buffer overflow has been detected. Some records have been dropped
========= 
========= Warning: Error buffer overflow has been detected. Some records have been dropped
========= 
========= Warning: Error buffer overflow has been detected. Some records have been dropped
========= 
========= Warning: Error buffer overflow has been detected. Some records have been dropped
========= 
========= Warning: Error buffer overflow has been detected. Some records have been dropped
========= 
========= Warning: Error buffer overflow has been detected. Some records have been dropped
========= 
========= Warning: Error buffer overflow has been detected. Some records have been dropped
========= 
========= Warning: Error buffer overflow has been detected. Some records have been dropped
========= 
========= Warning: Error buffer overflow has been detected. Some records have been dropped
========= 
========= Warning: Error buffer overflow has been detected. Some records have been dropped
========= 
========= Warning: Error buffer overflow has been detected. Some records have been dropped
========= 
========= Warning: Error buffer overflow has been detected. Some records have been dropped
========= 
========= Warning: Error buffer overflow has been detected. Some records have been dropped
========= 
========= Warning: Error buffer overflow has been detected. Some records have been dropped
========= 
========= Warning: Error buffer overflow has been detected. Some records have been dropped
========= 
========= Warning: Error buffer overflow has been detected. Some records have been dropped
========= 
========= Warning: Error buffer overflow has been detected. Some records have been dropped
========= 
========= Warning: Error buffer overflow has been detected. Some records have been dropped
========= 
========= Warning: Error buffer overflow has been detected. Some records have been dropped
========= 
========= Warning: Error buffer overflow has been detected. Some records have been dropped
========= 
========= Warning: Error buffer overflow has been detected. Some records have been dropped
========= 
========= Warning: Error buffer overflow has been detected. Some records have been dropped
========= 
========= Warning: Error buffer overflow has been detected. Some records have been dropped
========= 
========= Warning: Error buffer overflow has been detected. Some records have been dropped
========= 
========= Warning: Error buffer overflow has been detected. Some records have been dropped
========= 
========= Warning: Error buffer overflow has been detected. Some records have been dropped
========= 
========= Warning: Error buffer overflow has been detected. Some records have been dropped
========= 
========= Warning: Error buffer overflow has been detected. Some records have been dropped
========= 
========= Warning: Error buffer overflow has been detected. Some records have been dropped
========= 
========= Warning: Error buffer overflow has been detected. Some records have been dropped
========= 
========= Warning: Error buffer overflow has been detected. Some records have been dropped
========= 
========= Warning: Error buffer overflow has been detected. Some records have been dropped
========= 
========= Warning: Error buffer overflow has been detected. Some records have been dropped
========= 
========= Warning: Error buffer overflow has been detected. Some records have been dropped
========= 
========= Warning: Error buffer overflow has been detected. Some records have been dropped
========= 
========= Warning: Error buffer overflow has been detected. Some records have been dropped
========= 
========= Warning: Error buffer overflow has been detected. Some records have been dropped
========= 
========= Warning: Error buffer overflow has been detected. Some records have been dropped
========= 
========= Warning: Error buffer overflow has been detected. Some records have been dropped
========= 
========= Warning: Error buffer overflow has been detected. Some records have been dropped
========= 
========= Warning: Error buffer overflow has been detected. Some records have been dropped
========= 
========= Warning: Error buffer overflow has been detected. Some records have been dropped
========= 
========= Warning: Error buffer overflow has been detected. Some records have been dropped
========= 
========= Warning: Error buffer overflow has been detected. Some records have been dropped
========= 
========= Warning: Error buffer overflow has been detected. Some records have been dropped
========= 
========= Warning: Error buffer overflow has been detected. Some records have been dropped
========= 
========= Warning: Error buffer overflow has been detected. Some records have been dropped
========= 
========= Warning: Error buffer overflow has been detected. Some records have been dropped
========= 
========= Warning: Error buffer overflow has been detected. Some records have been dropped
========= 
========= Warning: Error buffer overflow has been detected. Some records have been dropped
========= 
========= Warning: Error buffer overflow has been detected. Some records have been dropped
========= 
========= Warning: Error buffer overflow has been detected. Some records have been dropped
========= 
========= Warning: Error buffer overflow has been detected. Some records have been dropped
========= 
========= Warning: Error buffer overflow has been detected. Some records have been dropped
========= 
========= Warning: Error buffer overflow has been detected. Some records have been dropped
========= 
========= Warning: Error buffer overflow has been detected. Some records have been dropped
========= 
========= Warning: Error buffer overflow has been detected. Some records have been dropped
========= 
========= Warning: Error buffer overflow has been detected. Some records have been dropped
========= 
========= Warning: Error buffer overflow has been detected. Some records have been dropped
========= 
========= Warning: Error buffer overflow has been detected. Some records have been dropped
========= 
========= Warning: Error buffer overflow has been detected. Some records have been dropped
========= 
========= Warning: Error buffer overflow has been detected. Some records have been dropped
========= 
========= Warning: Error buffer overflow has been detected. Some records have been dropped
========= 
========= Warning: Error buffer overflow has been detected. Some records have been dropped
========= 
========= Warning: Error buffer overflow has been detected. Some records have been dropped
========= 
========= Warning: Error buffer overflow has been detected. Some records have been dropped
========= 
========= Warning: Error buffer overflow has been detected. Some records have been dropped
========= 
========= Warning: Error buffer overflow has been detected. Some records have been dropped
========= 
========= Warning: Error buffer overflow has been detected. Some records have been dropped
========= 
========= Warning: Error buffer overflow has been detected. Some records have been dropped
========= 
========= Warning: Error buffer overflow has been detected. Some records have been dropped
========= 
========= Warning: Error buffer overflow has been detected. Some records have been dropped
========= 
========= Warning: Error buffer overflow has been detected. Some records have been dropped
========= 
========= Warning: Error buffer overflow has been detected. Some records have been dropped
========= 
========= Warning: Error buffer overflow has been detected. Some records have been dropped
========= 
========= Warning: Error buffer overflow has been detected. Some records have been dropped
========= 
========= Warning: Error buffer overflow has been detected. Some records have been dropped
========= 
========= Warning: Error buffer overflow has been detected. Some records have been dropped
========= 
========= Warning: Error buffer overflow has been detected. Some records have been dropped
========= 
========= Warning: Error buffer overflow has been detected. Some records have been dropped
========= 
========= Warning: Error buffer overflow has been detected. Some records have been dropped
========= 
========= Warning: Error buffer overflow has been detected. Some records have been dropped
========= 
========= Warning: Error buffer overflow has been detected. Some records have been dropped
========= 
========= Warning: Error buffer overflow has been detected. Some records have been dropped
========= 
========= Warning: Error buffer overflow has been detected. Some records have been dropped
========= 
========= Warning: Error buffer overflow has been detected. Some records have been dropped
========= 
========= Warning: Error buffer overflow has been detected. Some records have been dropped
========= 
========= Warning: Error buffer overflow has been detected. Some records have been dropped
========= 
========= Warning: Error buffer overflow has been detected. Some records have been dropped
========= 
========= Warning: Error buffer overflow has been detected. Some records have been dropped
========= 
========= Warning: Error buffer overflow has been detected. Some records have been dropped
========= 
========= Warning: Error buffer overflow has been detected. Some records have been dropped
========= 
========= Warning: Error buffer overflow has been detected. Some records have been dropped
========= 
========= Warning: Error buffer overflow has been detected. Some records have been dropped
========= 
========= Warning: Error buffer overflow has been detected. Some records have been dropped
========= 
========= Warning: Error buffer overflow has been detected. Some records have been dropped
========= 
========= Warning: Error buffer overflow has been detected. Some records have been dropped
========= 
========= Warning: Error buffer overflow has been detected. Some records have been dropped
========= 
========= Warning: Error buffer overflow has been detected. Some records have been dropped
========= 
========= Warning: Error buffer overflow has been detected. Some records have been dropped
========= 
========= Warning: Error buffer overflow has been detected. Some records have been dropped
========= 
========= Warning: Error buffer overflow has been detected. Some records have been dropped
========= 
========= Warning: Error buffer overflow has been detected. Some records have been dropped
========= 
========= Warning: Error buffer overflow has been detected. Some records have been dropped
========= 
========= Warning: Error buffer overflow has been detected. Some records have been dropped
========= 
========= Warning: Error buffer overflow has been detected. Some records have been dropped
========= 
========= Warning: Error buffer overflow has been detected. Some records have been dropped
========= 
========= Warning: Error buffer overflow has been detected. Some records have been dropped
========= 
========= Warning: Error buffer overflow has been detected. Some records have been dropped
========= 
========= Warning: Error buffer overflow has been detected. Some records have been dropped
========= 
========= Warning: Error buffer overflow has been detected. Some records have been dropped
========= 
========= Warning: Error buffer overflow has been detected. Some records have been dropped
========= 
========= Warning: Error buffer overflow has been detected. Some records have been dropped
========= 
========= Warning: Error buffer overflow has been detected. Some records have been dropped
========= 
========= Warning: Error buffer overflow has been detected. Some records have been dropped
========= 
========= Warning: Error buffer overflow has been detected. Some records have been dropped
========= 
========= Warning: Error buffer overflow has been detected. Some records have been dropped
========= 
========= Warning: Error buffer overflow has been detected. Some records have been dropped
========= 
========= Warning: Error buffer overflow has been detected. Some records have been dropped
========= 
========= Warning: Error buffer overflow has been detected. Some records have been dropped
========= 
========= Warning: Error buffer overflow has been detected. Some records have been dropped
========= 
========= Warning: Error buffer overflow has been detected. Some records have been dropped
========= 
========= Warning: Error buffer overflow has been detected. Some records have been dropped
========= 
========= Warning: Error buffer overflow has been detected. Some records have been dropped
========= 
========= Warning: Error buffer overflow has been detected. Some records have been dropped
========= 
========= Warning: Error buffer overflow has been detected. Some records have been dropped
========= 
========= Warning: Error buffer overflow has been detected. Some records have been dropped
========= 
========= Warning: Error buffer overflow has been detected. Some records have been dropped
========= 
========= Warning: Error buffer overflow has been detected. Some records have been dropped
========= 
========= Warning: Error buffer overflow has been detected. Some records have been dropped
========= 
========= Warning: Error buffer overflow has been detected. Some records have been dropped
========= 
========= Warning: Error buffer overflow has been detected. Some records have been dropped
========= 
========= Warning: Error buffer overflow has been detected. Some records have been dropped
========= 
========= Warning: Error buffer overflow has been detected. Some records have been dropped
========= 
========= Warning: Error buffer overflow has been detected. Some records have been dropped
========= 
========= Warning: Error buffer overflow has been detected. Some records have been dropped
========= 
========= Warning: Error buffer overflow has been detected. Some records have been dropped
========= 
========= Warning: Error buffer overflow has been detected. Some records have been dropped
========= 
========= Warning: Error buffer overflow has been detected. Some records have been dropped
========= 
========= Warning: Error buffer overflow has been detected. Some records have been dropped
========= 
========= Warning: Error buffer overflow has been detected. Some records have been dropped
========= 
========= Warning: Error buffer overflow has been detected. Some records have been dropped
========= 
========= Warning: Error buffer overflow has been detected. Some records have been dropped
========= 
========= Warning: Error buffer overflow has been detected. Some records have been dropped
========= 
========= Warning: Error buffer overflow has been detected. Some records have been dropped
========= 
========= Warning: Error buffer overflow has been detected. Some records have been dropped
========= 
========= Warning: Error buffer overflow has been detected. Some records have been dropped
========= 
========= Warning: Error buffer overflow has been detected. Some records have been dropped
========= 
========= Warning: Error buffer overflow has been detected. Some records have been dropped
========= 
========= Warning: Error buffer overflow has been detected. Some records have been dropped
========= 
========= Warning: Error buffer overflow has been detected. Some records have been dropped
========= 
========= Warning: Error buffer overflow has been detected. Some records have been dropped
========= 
========= Warning: Error buffer overflow has been detected. Some records have been dropped
========= 
========= Warning: Error buffer overflow has been detected. Some records have been dropped
========= 
========= Warning: Error buffer overflow has been detected. Some records have been dropped
========= 
========= Warning: Error buffer overflow has been detected. Some records have been dropped
========= 
========= Warning: Error buffer overflow has been detected. Some records have been dropped
========= 
========= Warning: Error buffer overflow has been detected. Some records have been dropped
========= 
========= Warning: Error buffer overflow has been detected. Some records have been dropped
========= 
========= Warning: Error buffer overflow has been detected. Some records have been dropped
========= 
========= Warning: Error buffer overflow has been detected. Some records have been dropped
========= 
========= Warning: Error buffer overflow has been detected. Some records have been dropped
========= 
========= Warning: Error buffer overflow has been detected. Some records have been dropped
========= 
========= Warning: Error buffer overflow has been detected. Some records have been dropped
========= 
========= Warning: Error buffer overflow has been detected. Some records have been dropped
========= 
========= Warning: Error buffer overflow has been detected. Some records have been dropped
========= 
========= Warning: Error buffer overflow has been detected. Some records have been dropped
========= 
========= Warning: Error buffer overflow has been detected. Some records have been dropped
========= 
========= Warning: Error buffer overflow has been detected. Some records have been dropped
========= 
========= Warning: Error buffer overflow has been detected. Some records have been dropped
========= 
========= Warning: Error buffer overflow has been detected. Some records have been dropped
========= 
========= Warning: Error buffer overflow has been detected. Some records have been dropped
========= 
========= Warning: Error buffer overflow has been detected. Some records have been dropped
========= 
========= Warning: Error buffer overflow has been detected. Some records have been dropped
========= 
========= Warning: Error buffer overflow has been detected. Some records have been dropped
========= 
========= Warning: Error buffer overflow has been detected. Some records have been dropped
========= 
========= Warning: Error buffer overflow has been detected. Some records have been dropped
========= 
========= Warning: Error buffer overflow has been detected. Some records have been dropped
========= 
========= Warning: Error buffer overflow has been detected. Some records have been dropped
========= 
========= Warning: Error buffer overflow has been detected. Some records have been dropped
========= 
========= Warning: Error buffer overflow has been detected. Some records have been dropped
========= 
========= Warning: Error buffer overflow has been detected. Some records have been dropped
========= 
========= Warning: Error buffer overflow has been detected. Some records have been dropped
========= 
========= Warning: Error buffer overflow has been detected. Some records have been dropped
========= 
========= Warning: Error buffer overflow has been detected. Some records have been dropped
========= 
========= Warning: Error buffer overflow has been detected. Some records have been dropped
========= 
========= Warning: Error buffer overflow has been detected. Some records have been dropped
========= 
========= Warning: Error buffer overflow has been detected. Some records have been dropped
========= 
========= Warning: Error buffer overflow has been detected. Some records have been dropped
========= 
========= Warning: Error buffer overflow has been detected. Some records have been dropped
========= 
========= Warning: Error buffer overflow has been detected. Some records have been dropped
========= 
========= Warning: Error buffer overflow has been detected. Some records have been dropped
========= 
========= Warning: Error buffer overflow has been detected. Some records have been dropped
========= 
========= Warning: Error buffer overflow has been detected. Some records have been dropped
========= 
========= Warning: Error buffer overflow has been detected. Some records have been dropped
========= 
========= Warning: Error buffer overflow has been detected. Some records have been dropped
========= 
========= Warning: Error buffer overflow has been detected. Some records have been dropped
========= 
========= Warning: Error buffer overflow has been detected. Some records have been dropped
========= 
========= Warning: Error buffer overflow has been detected. Some records have been dropped
========= 
========= Warning: Error buffer overflow has been detected. Some records have been dropped
========= 
========= Warning: Error buffer overflow has been detected. Some records have been dropped
========= 
========= Warning: Error buffer overflow has been detected. Some records have been dropped
========= 
========= Warning: Error buffer overflow has been detected. Some records have been dropped
========= 
========= Warning: Error buffer overflow has been detected. Some records have been dropped
========= 
========= Warning: Error buffer overflow has been detected. Some records have been dropped
========= 
========= Warning: Error buffer overflow has been detected. Some records have been dropped
========= 
========= Warning: Error buffer overflow has been detected. Some records have been dropped
========= 
========= Warning: Error buffer overflow has been detected. Some records have been dropped
========= 
========= Warning: Error buffer overflow has been detected. Some records have been dropped
========= 
========= Warning: Error buffer overflow has been detected. Some records have been dropped
========= 
========= Warning: Error buffer overflow has been detected. Some records have been dropped
========= 
========= Warning: Error buffer overflow has been detected. Some records have been dropped
========= 
========= Warning: Error buffer overflow has been detected. Some records have been dropped
========= 
========= Warning: Error buffer overflow has been detected. Some records have been dropped
========= 
========= Warning: Error buffer overflow has been detected. Some records have been dropped
========= 
========= Warning: Error buffer overflow has been detected. Some records have been dropped
========= 
========= Warning: Error buffer overflow has been detected. Some records have been dropped
========= 
========= Warning: Error buffer overflow has been detected. Some records have been dropped
========= 
========= Warning: Error buffer overflow has been detected. Some records have been dropped
========= 
========= Warning: Error buffer overflow has been detected. Some records have been dropped
========= 
========= Warning: Error buffer overflow has been detected. Some records have been dropped
========= 
========= Warning: Error buffer overflow has been detected. Some records have been dropped
========= 
========= Warning: Error buffer overflow has been detected. Some records have been dropped
========= 
========= Warning: Error buffer overflow has been detected. Some records have been dropped
========= 
========= Warning: Error buffer overflow has been detected. Some records have been dropped
========= 
========= Warning: Error buffer overflow has been detected. Some records have been dropped
========= 
========= Warning: Error buffer overflow has been detected. Some records have been dropped
========= 
========= Warning: Error buffer overflow has been detected. Some records have been dropped
========= 
========= Warning: Error buffer overflow has been detected. Some records have been dropped
========= 
========= Warning: Error buffer overflow has been detected. Some records have been dropped
========= 
========= Warning: Error buffer overflow has been detected. Some records have been dropped
========= 
========= Warning: Error buffer overflow has been detected. Some records have been dropped
========= 
========= Warning: Error buffer overflow has been detected. Some records have been dropped
========= 
========= Warning: Error buffer overflow has been detected. Some records have been dropped
========= 
========= Warning: Error buffer overflow has been detected. Some records have been dropped
========= 
========= Warning: Error buffer overflow has been detected. Some records have been dropped
========= 
========= Warning: Error buffer overflow has been detected. Some records have been dropped
========= 
========= Warning: Error buffer overflow has been detected. Some records have been dropped
========= 
========= Warning: Error buffer overflow has been detected. Some records have been dropped
========= 
========= Warning: Error buffer overflow has been detected. Some records have been dropped
========= 
========= Warning: Error buffer overflow has been detected. Some records have been dropped
========= 
========= Warning: Error buffer overflow has been detected. Some records have been dropped
========= 
========= Warning: Error buffer overflow has been detected. Some records have been dropped
========= 
========= Warning: Error buffer overflow has been detected. Some records have been dropped
========= 
========= Warning: Error buffer overflow has been detected. Some records have been dropped
========= 
========= Warning: Error buffer overflow has been detected. Some records have been dropped
========= 
========= Warning: Error buffer overflow has been detected. Some records have been dropped
========= 
========= Warning: Error buffer overflow has been detected. Some records have been dropped
========= 
========= Warning: Error buffer overflow has been detected. Some records have been dropped
========= 
========= Warning: Error buffer overflow has been detected. Some records have been dropped
========= 
========= Warning: Error buffer overflow has been detected. Some records have been dropped
========= 
========= Warning: Error buffer overflow has been detected. Some records have been dropped
========= 
========= Warning: Error buffer overflow has been detected. Some records have been dropped
========= 
========= Warning: Error buffer overflow has been detected. Some records have been dropped
========= 
========= Warning: Error buffer overflow has been detected. Some records have been dropped
========= 
========= Warning: Error buffer overflow has been detected. Some records have been dropped
========= 
========= Warning: Error buffer overflow has been detected. Some records have been dropped
========= 
========= Warning: Error buffer overflow has been detected. Some records have been dropped
========= 
========= Warning: Error buffer overflow has been detected. Some records have been dropped
========= 
========= Warning: Error buffer overflow has been detected. Some records have been dropped
========= 
========= Warning: Error buffer overflow has been detected. Some records have been dropped
========= 
========= Warning: Error buffer overflow has been detected. Some records have been dropped
========= 
========= Warning: Error buffer overflow has been detected. Some records have been dropped
========= 
========= Warning: Error buffer overflow has been detected. Some records have been dropped
========= 
========= Warning: Error buffer overflow has been detected. Some records have been dropped
========= 
========= Warning: Error buffer overflow has been detected. Some records have been dropped
========= 
========= Warning: Error buffer overflow has been detected. Some records have been dropped
========= 
========= Warning: Error buffer overflow has been detected. Some records have been dropped
========= 
========= Warning: Error buffer overflow has been detected. Some records have been dropped
========= 
========= Warning: Error buffer overflow has been detected. Some records have been dropped
========= 
========= Warning: Error buffer overflow has been detected. Some records have been dropped
========= 
========= Warning: Error buffer overflow has been detected. Some records have been dropped
========= 
========= Warning: Error buffer overflow has been detected. Some records have been dropped
========= 
========= Warning: Error buffer overflow has been detected. Some records have been dropped
========= 
========= Warning: Error buffer overflow has been detected. Some records have been dropped
========= 
========= Warning: Error buffer overflow has been detected. Some records have been dropped
========= 
========= Warning: Error buffer overflow has been detected. Some records have been dropped
========= 
========= Warning: Error buffer overflow has been detected. Some records have been dropped
========= 
========= Warning: Error buffer overflow has been detected. Some records have been dropped
========= 
========= Warning: Error buffer overflow has been detected. Some records have been dropped
========= 
========= Warning: Error buffer overflow has been detected. Some records have been dropped
========= 
========= Warning: Error buffer overflow has been detected. Some records have been dropped
========= 
========= Warning: Error buffer overflow has been detected. Some records have been dropped
========= 
========= Warning: Error buffer overflow has been detected. Some records have been dropped
========= 
========= Warning: Error buffer overflow has been detected. Some records have been dropped
========= 
========= Warning: Error buffer overflow has been detected. Some records have been dropped
========= 
========= Warning: Error buffer overflow has been detected. Some records have been dropped
========= 
========= Warning: Error buffer overflow has been detected. Some records have been dropped
========= 
========= Warning: Error buffer overflow has been detected. Some records have been dropped
========= 
========= Warning: Error buffer overflow has been detected. Some records have been dropped
========= 
========= Warning: Error buffer overflow has been detected. Some records have been dropped
========= 
========= Warning: Error buffer overflow has been detected. Some records have been dropped
========= 
========= Warning: Error buffer overflow has been detected. Some records have been dropped
========= 
========= Warning: Error buffer overflow has been detected. Some records have been dropped
========= 
========= Warning: Error buffer overflow has been detected. Some records have been dropped
========= 
========= Warning: Error buffer overflow has been detected. Some records have been dropped
========= 
========= Warning: Error buffer overflow has been detected. Some records have been dropped
========= 
========= Warning: Error buffer overflow has been detected. Some records have been dropped
========= 
========= Warning: Error buffer overflow has been detected. Some records have been dropped
========= 
========= Warning: Error buffer overflow has been detected. Some records have been dropped
========= 
========= Warning: Error buffer overflow has been detected. Some records have been dropped
========= 
========= Warning: Error buffer overflow has been detected. Some records have been dropped
========= 
========= Warning: Error buffer overflow has been detected. Some records have been dropped
========= 
========= Warning: Error buffer overflow has been detected. Some records have been dropped
========= 
========= Warning: Error buffer overflow has been detected. Some records have been dropped
========= 
========= Warning: Error buffer overflow has been detected. Some records have been dropped
========= 
========= Warning: Error buffer overflow has been detected. Some records have been dropped
========= 
========= Warning: Error buffer overflow has been detected. Some records have been dropped
========= 
========= Warning: Error buffer overflow has been detected. Some records have been dropped
========= 
========= Warning: Error buffer overflow has been detected. Some records have been dropped
========= 
========= Warning: Error buffer overflow has been detected. Some records have been dropped
========= 
========= Warning: Error buffer overflow has been detected. Some records have been dropped
========= 
========= Warning: Error buffer overflow has been detected. Some records have been dropped
========= 
========= Warning: Error buffer overflow has been detected. Some records have been dropped
========= 
========= Warning: Error buffer overflow has been detected. Some records have been dropped
========= 
========= Warning: Error buffer overflow has been detected. Some records have been dropped
========= 
========= Warning: Error buffer overflow has been detected. Some records have been dropped
========= 
========= Warning: Error buffer overflow has been detected. Some records have been dropped
========= 
========= Warning: Error buffer overflow has been detected. Some records have been dropped
========= 
========= Warning: Error buffer overflow has been detected. Some records have been dropped
========= 
========= Warning: Error buffer overflow has been detected. Some records have been dropped
========= 
========= Warning: Error buffer overflow has been detected. Some records have been dropped
========= 
========= Warning: Error buffer overflow has been detected. Some records have been dropped
========= 
========= Warning: Error buffer overflow has been detected. Some records have been dropped
========= 
========= Warning: Error buffer overflow has been detected. Some records have been dropped
========= 
========= Warning: Error buffer overflow has been detected. Some records have been dropped
========= 
========= Warning: Error buffer overflow has been detected. Some records have been dropped
========= 
========= Warning: Error buffer overflow has been detected. Some records have been dropped
========= 
========= Warning: Error buffer overflow has been detected. Some records have been dropped
========= 
========= Warning: Error buffer overflow has been detected. Some records have been dropped
========= 
========= Warning: Error buffer overflow has been detected. Some records have been dropped
========= 
========= Warning: Error buffer overflow has been detected. Some records have been dropped
========= 
========= Warning: Error buffer overflow has been detected. Some records have been dropped
========= 
========= Warning: Error buffer overflow has been detected. Some records have been dropped
========= 
========= Warning: Error buffer overflow has been detected. Some records have been dropped
========= 
========= Warning: Error buffer overflow has been detected. Some records have been dropped
========= 
========= Warning: Error buffer overflow has been detected. Some records have been dropped
========= 
========= Warning: Error buffer overflow has been detected. Some records have been dropped
========= 
========= Warning: Error buffer overflow has been detected. Some records have been dropped
========= 
========= Warning: Error buffer overflow has been detected. Some records have been dropped
========= 
========= Warning: Error buffer overflow has been detected. Some records have been dropped
========= 
========= Warning: Error buffer overflow has been detected. Some records have been dropped
========= 
========= Warning: Error buffer overflow has been detected. Some records have been dropped
========= 
========= Warning: Error buffer overflow has been detected. Some records have been dropped
========= 
========= Warning: Error buffer overflow has been detected. Some records have been dropped
========= 
========= Warning: Error buffer overflow has been detected. Some records have been dropped
========= 
========= Warning: Error buffer overflow has been detected. Some records have been dropped
========= 
========= Warning: Error buffer overflow has been detected. Some records have been dropped
========= 
========= Warning: Error buffer overflow has been detected. Some records have been dropped
========= 
========= Warning: Error buffer overflow has been detected. Some records have been dropped
========= 
========= Warning: Error buffer overflow has been detected. Some records have been dropped
========= 
========= Warning: Error buffer overflow has been detected. Some records have been dropped
========= 
========= Warning: Error buffer overflow has been detected. Some records have been dropped
========= 
========= Warning: Error buffer overflow has been detected. Some records have been dropped
========= 
========= Warning: Error buffer overflow has been detected. Some records have been dropped
========= 
========= Warning: Error buffer overflow has been detected. Some records have been dropped
========= 
========= Warning: Error buffer overflow has been detected. Some records have been dropped
========= 
========= Warning: Error buffer overflow has been detected. Some records have been dropped
========= 
========= Warning: Error buffer overflow has been detected. Some records have been dropped
========= 
========= Warning: Error buffer overflow has been detected. Some records have been dropped
========= 
========= Warning: Error buffer overflow has been detected. Some records have been dropped
========= 
========= Warning: Error buffer overflow has been detected. Some records have been dropped
========= 
========= Warning: Error buffer overflow has been detected. Some records have been dropped
========= 
========= Warning: Error buffer overflow has been detected. Some records have been dropped
========= 
========= Warning: Error buffer overflow has been detected. Some records have been dropped
========= 
========= Warning: Error buffer overflow has been detected. Some records have been dropped
========= 
========= Warning: Error buffer overflow has been detected. Some records have been dropped
========= 
========= Warning: Error buffer overflow has been detected. Some records have been dropped
========= 
========= Warning: Error buffer overflow has been detected. Some records have been dropped
========= 
========= ERROR SUMMARY: 290910 errors
========= ERROR SUMMARY: 289680 errors were not printed. Use --print-limit option to adjust the number of printed errors
========= 
========= 53032532 errors were skipped (error buffer overflow).
rc=0
