========= COMPUTE-SANITIZER
========= Uninitialized __global__ memory read of size 16 bytes
=========     at void flash_fwd_kernel<Flash_fwd_kernel_traits<(int)64, (int)128, (int)128, (int)4, (bool)0, (bool)0, cutlass::half_t, Flash_kernel_traits<(int)64, (int)128, (int)128, (int)4, cutlass::half_t>>, (bool)0, (bool)0, (bool)0, (bool)0, (bool)1, (bool)0>(Flash_fwd_params)+0xa10
=========     by thread (32,0,0) in block (5,0,6)
=========     Address 0xe2751e900
========= 
========= Uninitialized __global__ memory read of size 16 bytes
=========     at void flash_fwd_kernel<Flash_fwd_kernel_traits<(int)64, (int)128, (int)128, (int)4, (bool)0, (bool)0, cutlass::half_t, Flash_kernel_traits<(int)64, (int)128, (int)128, (int)4, cutlass::half_t>>, (bool)0, (bool)0, (bool)0, (bool)0, (bool)1, (bool)0>(Flash_fwd_params)+0xa10
=========     by thread (33,0,0) in block (5,0,6)
=========     Address 0xe2751e910
========= 
========= Uninitialized __global__ memory read of size 16 bytes
=========     at void flash_fwd_kernel<Flash_fwd_kernel_traits<(int)64, (int)128, (int)128, (int)4, (bool)0, (bool)0, cutlass::half_t, Flash_kernel_traits<(int)64, (int)128, (int)128, (int)4, cutlass::half_t>>, (bool)0, (bool)0, (bool)0, (bool)0, (bool)1, (bool)0>(Flash_fwd_params)+0xa10
=========     by thread (34,0,0) in block (5,0,6)
=========     Address 0xe2751e920
========= 
========= Uninitialized __global__ memory read of size 16 bytes
=========     at void flash_fwd_kernel<Flash_fwd_kernel_traits<(int)64, (int)128, (int)128, (int)4, (bool)0, (bool)0, cutlass::half_t, Flash_kernel_traits<(int)64, (int)128, (int)128, (int)4, cutlass::half_t>>, (bool)0, (bool)0, (bool)0, (bool)0, (bool)1, (bool)0>(Flash_fwd_params)+0xa10
=========     by thread (35,0,0) in block (5,0,6)
=========     Address 0xe2751e930
========= 
========= Uninitialized __global__ memory read of size 16 bytes
=========     at void flash_fwd_kernel<Flash_fwd_kernel_traits<(int)64, (int)128, (int)128, (int)4, (bool)0, (bool)0, cutlass::half_t, Flash_kernel_traits<(int)64, (int)128, (int)128, (int)4, cutlass::half_t>>, (bool)0, (bool)0, (bool)0, (bool)0, (bool)1, (bool)0>(Flash_fwd_params)+0xa10
=========     by thread (36,0,0) in block (5,0,6)
=========     Address 0xe2751e940
========= 
========= Uninitialized __global__ memory read of size 16 bytes
=========     at void flash_fwd_kernel<Flash_fwd_kernel_traits<(int)64, (int)128, (int)128, (int)4, (bool)0, (bool)0, cutlass::half_t, Flash_kernel_traits<(int)64, (int)128, (int)128, (int)4, cutlass::half_t>>, (bool)0, (bool)0, (bool)0, (bool)0, (bool)1, (bool)0>(Flash_fwd_params)+0xa10
=========     by thread (37,0,0) in block (5,0,6)
=========     Address 0xe2751e950
========= 
========= Uninitialized __global__ memory read of size 16 bytes
=========     at void flash_fwd_kernel<Flash_fwd_kernel_traits<(int)64, (int)128, (int)128, (int)4, (bool)0, (bool)0, cutlass::half_t, Flash_kernel_traits<(int)64, (int)128, (int)128, (int)4, cutlass::half_t>>, (bool)0, (bool)0, (bool)0, (bool)0, (bool)1, (bool)0>(Flash_fwd_params)+0xa10
=========     by thread (38,0,0) in block (5,0,6)
=========     Address 0xe2751e960
========= 
========= Uninitialized __global__ memory read of size 16 bytes
=========     at void flash_fwd_kernel<Flash_fwd_kernel_traits<(int)64, (int)128, (int)128, (int)4, (bool)0, (bool)0, cutlass::half_t, Flash_kernel_traits<(int)64, (int)128, (int)128, (int)4, cutlass::half_t>>, (bool)0, (bool)0, (bool)0, (bool)0, (bool)1, (bool)0>(Flash_fwd_params)+0xa10
=========     by thread (39,0,0) in block (5,0,6)
=========     Address 0xe2751e970
========= 
========= Uninitialized __global__ memory read of size 16 bytes
=========     at void flash_fwd_kernel<Flash_fwd_kernel_traits<(int)64, (int)128, (int)128, (int)4, (bool)0, (bool)0, cutlass::half_t, Flash_kernel_traits<(int)64, (int)128, (int)128, (int)4, cutlass::half_t>>, (bool)0, (bool)0, (bool)0, (bool)0, (bool)1, (bool)0>(Flash_fwd_params)+0xa10
=========     by thread (40,0,0) in block (5,0,6)
=========     Address 0xe2751ef00
========= 
========= Uninitialized __global__ memory read of size 16 bytes
=========     at void flash_fwd_kernel<Flash_fwd_kernel_traits<(int)64, (int)128, (int)128, (int)4, (bool)0, (bool)0, cutlass::half_t, Flash_kernel_traits<(int)64, (int)128, (int)128, (int)4, cutlass::half_t>>, (bool)0, (bool)0, (bool)0, (bool)0, (bool)1, (bool)0>(Flash_fwd_params)+0xa10
=========     by thread (41,0,0) in block (5,0,6)
=========     Address 0xe2751ef10
========= 
========= Uninitialized __global__ memory read of size 16 bytes
=========     at void flash_fwd_kernel<Flash_fwd_kernel_traits<(int)64, (int)128, (int)128, (int)4, (bool)0, (bool)0, cutlass::half_t, Flash_kernel_traits<(int)64, (int)128, (int)128, (int)4, cutlass::half_t>>, (bool)0, (bool)0, (bool)0, (bool)0, (bool)1, (bool)0>(Flash_fwd_params)+0xa10
=========     by thread (42,0,0) in block (5,0,6)
=========     Address 0xe2751ef20
========= 
========= Uninitialized __global__ memory read of size 16 bytes
=========     at void flash_fwd_kernel<Flash_fwd_kernel_traits<(int)64, (int)128, (int)128, (int)4, (bool)0, (bool)0, cutlass::half_t, Flash_kernel_traits<(int)64, (int)128, (int)128, (int)4, cutlass::half_t>>, (bool)0, (bool)0, (bool)0, (bool)0, (bool)1, (bool)0>(Flash_fwd_params)+0xa10
=========     by thread (0,0,0) in block (4,0,6)
=========     Address 0xe274ed100
========= 
========= Uninitialized __global__ memory read of size 16 bytes
=========     at void flash_fwd_kernel<Flash_fwd_kernel_traits<(int)64, (int)128, (int)128, (int)4, (bool)0, (bool)0, cutlass::half_t, Flash_kernel_traits<(int)64, (int)128, (int)128, (int)4, cutlass::half_t>>, (bool)0, (bool)0, (bool)0, (bool)0, (bool)1, (bool)0>(Flash_fwd_params)+0xa10
=========     by thread (43,0,0) in block (5,0,6)
=========     Address 0xe2751ef30
========= 
========= Uninitialized __global__ memory read of size 16 bytes
=========     at void flash_fwd_kernel<Flash_fwd_kernel_traits<(int)64, (int)128, (int)128, (int)4, (bool)0, (bool)0, cutlass::half_t, Flash_kernel_traits<(int)64, (int)128, (int)128, (int)4, cutlass::half_t>>, (bool)0, (bool)0, (bool)0, (bool)0, (bool)1, (bool)0>(Flash_fwd_params)+0xa10
=========     by thread (1,0,0) in block (4,0,6)
=========     Address 0xe274ed110
========= 
========= Uninitialized __global__ memory read of size 16 bytes
=========     at void flash_fwd_kernel<Flash_fwd_kernel_traits<(int)64, (int)128, (int)128, (int)4, (bool)0, (bool)0, cutlass::half_t, Flash_kernel_traits<(int)64, (int)128, (int)128, (int)4, cutlass::half_t>>, (bool)0, (bool)0, (bool)0, (bool)0, (bool)1, (bool)0>(Flash_fwd_params)+0xa10
=========     by thread (44,0,0) in block (5,0,6)
=========     Address 0xe2751ef40
========= 
========= Uninitialized __global__ memory read of size 16 bytes
=========     at void flash_fwd_kernel<Flash_fwd_kernel_traits<(int)64, (int)128, (int)128, (int)4, (bool)0, (bool)0, cutlass::half_t, Flash_kernel_traits<(int)64, (int)128, (int)128, (int)4, cutlass::half_t>>, (bool)0, (bool)0, (bool)0, (bool)0, (bool)1, (bool)0>(Flash_fwd_params)+0xa10
=========     by thread (45,0,0) in block (5,0,6)
=========     Address 0xe2751ef50
========= 
========= Uninitialized __global__ memory read of size 16 bytes
=========     at void flash_fwd_kernel<Flash_fwd_kernel_traits<(int)64, (int)128, (int)128, (int)4, (bool)0, (bool)0, cutlass::half_t, Flash_kernel_traits<(int)64, (int)128, (int)128, (int)4, cutlass::half_t>>, (bool)0, (bool)0, (bool)0, (bool)0, (bool)1, (bool)0>(Flash_fwd_params)+0xa10
=========     by thread (2,0,0) in block (4,0,6)
=========     Address 0xe274ed120
========= 
========= Uninitialized __global__ memory read of size 16 bytes
=========     at void flash_fwd_kernel<Flash_fwd_kernel_traits<(int)64, (int)128, (int)128, (int)4, (bool)0, (bool)0, cutlass::half_t, Flash_kernel_traits<(int)64, (int)128, (int)128, (int)4, cutlass::half_t>>, (bool)0, (bool)0, (bool)0, (bool)0, (bool)1, (bool)0>(Flash_fwd_params)+0xa10
=========     by thread (3,0,0) in block (4,0,6)
=========     Address 0xe274ed130
========= 
========= Uninitialized __global__ memory read of size 16 bytes
=========     at void flash_fwd_kernel<Flash_fwd_kernel_traits<(int)64, (int)128, (int)128, (int)4, (bool)0, (bool)0, cutlass::half_t, Flash_kernel_traits<(int)64, (int)128, (int)128, (int)4, cutlass::half_t>>, (bool)0, (bool)0, (bool)0, (bool)0, (bool)1, (bool)0>(Flash_fwd_params)+0xa10
=========     by thread (46,0,0) in block (5,0,6)
=========     Address 0xe2751ef60
========= 
========= Uninitialized __global__ memory read of size 16 bytes
=========     at void flash_fwd_kernel<Flash_fwd_kernel_traits<(int)64, (int)128, (int)128, (int)4, (bool)0, (bool)0, cutlass::half_t, Flash_kernel_traits<(int)64, (int)128, (int)128, (int)4, cutlass::half_t>>, (bool)0, (bool)0, (bool)0, (bool)0, (bool)1, (bool)0>(Flash_fwd_params)+0xa10
=========     by thread (4,0,0) in block (4,0,6)
=========     Address 0xe274ed140
========= 
========= Uninitialized __global__ memory read of size 16 bytes
=========     at void flash_fwd_kernel<Flash_fwd_kernel_traits<(int)64, (int)128, (int)128, (int)4, (bool)0, (bool)0, cutlass::half_t, Flash_kernel_traits<(int)64, (int)128, (int)128, (int)4, cutlass::half_t>>, (bool)0, (bool)0, (bool)0, (bool)0, (bool)1, (bool)0>(Flash_fwd_params)+0xa10
=========     by thread (47,0,0) in block (5,0,6)
=========     Address 0xe2751ef70
========= 
========= Uninitialized __global__ memory read of size 16 bytes
=========     at void flash_fwd_kernel<Flash_fwd_kernel_traits<(int)64, (int)128, (int)128, (int)4, (bool)0, (bool)0, cutlass::half_t, Flash_kernel_traits<(int)64, (int)128, (int)128, (int)4, cutlass::half_t>>, (bool)0, (bool)0, (bool)0, (bool)0, (bool)1, (bool)0>(Flash_fwd_params)+0xa10
=========     by thread (5,0,0) in block (4,0,6)
=========     Address 0xe274ed150
========= 
========= Uninitialized __global__ memory read of size 16 bytes
=========     at void flash_fwd_kernel<Flash_fwd_kernel_traits<(int)64, (int)128, (int)128, (int)4, (bool)0, (bool)0, cutlass::half_t, Flash_kernel_traits<(int)64, (int)128, (int)128, (int)4, cutlass::half_t>>, (bool)0, (bool)0, (bool)0, (bool)0, (bool)1, (bool)0>(Flash_fwd_params)+0xa10
=========     by thread (48,0,0) in block (5,0,6)
=========     Address 0xe2751f500
========= 
========= Uninitialized __global__ memory read of size 16 bytes
=========     at void flash_fwd_kernel<Flash_fwd_kernel_traits<(int)64, (int)128, (int)128, (int)4, (bool)0, (bool)0, cutlass::half_t, Flash_kernel_traits<(int)64, (int)128, (int)128, (int)4, cutlass::half_t>>, (bool)0, (bool)0, (bool)0, (bool)0, (bool)1, (bool)0>(Flash_fwd_params)+0xa10
=========     by thread (6,0,0) in block (4,0,6)
=========     Address 0xe274ed160
========= 
========= Uninitialized __global__ memory read of size 16 bytes
=========     at void flash_fwd_kernel<Flash_fwd_kernel_traits<(int)64, (int)128, (int)128, (int)4, (bool)0, (bool)0, cutlass::half_t, Flash_kernel_traits<(int)64, (int)128, (int)128, (int)4, cutlass::half_t>>, (bool)0, (bool)0, (bool)0, (bool)0, (bool)1, (bool)0>(Flash_fwd_params)+0xa10
=========     by thread (49,0,0) in block (5,0,6)
=========     Address 0xe2751f510
========= 
========= Uninitialized __global__ memory read of size 16 bytes
=========     at void flash_fwd_kernel<Flash_fwd_kernel_traits<(int)64, (int)128, (int)128, (int)4, (bool)0, (bool)0, cutlass::half_t, Flash_kernel_traits<(int)64, (int)128, (int)128, (int)4, cutlass::half_t>>, (bool)0, (bool)0, (bool)0, (bool)0, (bool)1, (bool)0>(Flash_fwd_params)+0xa10
=========     by thread (7,0,0) in block (4,0,6)
=========     Address 0xe274ed170
========= 
========= Uninitialized __global__ memory read of size 16 bytes
=========     at void flash_fwd_kernel<Flash_fwd_kernel_traits<(int)64, (int)128, (int)128, (int)4, (bool)0, (bool)0, cutlass::half_t, Flash_kernel_traits<(int)64, (int)128, (int)128, (int)4, cutlass::half_t>>, (bool)0, (bool)0, (bool)0, (bool)0, (bool)1, (bool)0>(Flash_fwd_params)+0xa10
=========     by thread (50,0,0) in block (5,0,6)
=========     Address 0xe2751f520
========= 
========= Uninitialized __global__ memory read of size 16 bytes
=========     at void flash_fwd_kernel<Flash_fwd_kernel_traits<(int)64, (int)128, (int)128, (int)4, (bool)0, (bool)0, cutlass::half_t, Flash_kernel_traits<(int)64, (int)128, (int)128, (int)4, cutlass::half_t>>, (bool)0, (bool)0, (bool)0, (bool)0, (bool)1, (bool)0>(Flash_fwd_params)+0xa10
=========     by thread (8,0,0) in block (4,0,6)
=========     Address 0xe274ed700
========= 
========= Uninitialized __global__ memory read of size 16 bytes
=========     at void flash_fwd_kernel<Flash_fwd_kernel_traits<(int)64, (int)128, (int)128, (int)4, (bool)0, (bool)0, cutlass::half_t, Flash_kernel_traits<(int)64, (int)128, (int)128, (int)4, cutlass::half_t>>, (bool)0, (bool)0, (bool)0, (bool)0, (bool)1, (bool)0>(Flash_fwd_params)+0xa10
=========     by thread (51,0,0) in block (5,0,6)
=========     Address 0xe2751f530
========= 
========= Uninitialized __global__ memory read of size 16 bytes
=========     at void flash_fwd_kernel<Flash_fwd_kernel_traits<(int)64, (int)128, (int)128, (int)4, (bool)0, (bool)0, cutlass::half_t, Flash_kernel_traits<(int)64, (int)128, (int)128, (int)4, cutlass::half_t>>, (bool)0, (bool)0, (bool)0, (bool)0, (bool)1, (bool)0>(Flash_fwd_params)+0xa10
=========     by thread (9,0,0) in block (4,0,6)
=========     Address 0xe274ed710
========= 
========= Warning: Error buffer overflow has been detected. Some records have been dropped
========= 
SANCELL flash_b5 [84] [-0.19494]
========= Warning: Error buffer overflow has been detected. Some records have been dropped
========= 
========= Warning: Error buffer overflow has been detected. Some records have been dropped
========= 
========= Warning: Error buffer overflow has been detected. Some records have been dropped
========= 
========= Warning: Error buffer overflow has been detected. Some records have been dropped
========= 
========= Warning: Error buffer overflow has been detected. Some records have been dropped
========= 
========= Warning: Error buffer overflow has been detected. Some records have been dropped
========= 
========= Warning: Error buffer overflow has been detected. Some records have been dropped
========= 
========= Warning: Error buffer overflow has been detected. Some records have been dropped
========= 
========= Warning: Error buffer overflow has been detected. Some records have been dropped
========= 
========= Warning: Error buffer overflow has been detected. Some records have been dropped
========= 
========= Warning: Error buffer overflow has been detected. Some records have been dropped
========= 
========= Warning: Error buffer overflow has been detected. Some records have been dropped
========= 
========= Warning: Error buffer overflow has been detected. Some records have been dropped
========= 
========= Warning: Error buffer overflow has been detected. Some records have been dropped
========= 
========= Warning: Error buffer overflow has been detected. Some records have been dropped
========= 
========= Warning: Error buffer overflow has been detected. Some records have been dropped
========= 
========= Warning: Error buffer overflow has been detected. Some records have been dropped
========= 
========= Warning: Error buffer overflow has been detected. Some records have been dropped
========= 
========= Warning: Error buffer overflow has been detected. Some records have been dropped
========= 
========= Warning: Error buffer overflow has been detected. Some records have been dropped
========= 
========= Warning: Error buffer overflow has been detected. Some records have been dropped
========= 
========= Warning: Error buffer overflow has been detected. Some records have been dropped
========= 
========= Warning: Error buffer overflow has been detected. Some records have been dropped
========= 
========= Warning: Error buffer overflow has been detected. Some records have been dropped
========= 
========= Warning: Error buffer overflow has been detected. Some records have been dropped
========= 
========= Warning: Error buffer overflow has been detected. Some records have been dropped
========= 
========= Warning: Error buffer overflow has been detected. Some records have been dropped
========= 
========= Warning: Error buffer overflow has been detected. Some records have been dropped
========= 
========= Warning: Error buffer overflow has been detected. Some records have been dropped
========= 
========= Warning: Error buffer overflow has been detected. Some records have been dropped
========= 
========= Warning: Error buffer overflow has been detected. Some records have been dropped
========= 
========= Warning: Error buffer overflow has been detected. Some records have been dropped
========= 
========= Warning: Error buffer overflow has been detected. Some records have been dropped
========= 
========= Warning: Error buffer overflow has been detected. Some records have been dropped
========= 
========= Warning: Error buffer overflow has been detected. Some records have been dropped
========= 
========= Warning: Error buffer overflow has been detected. Some records have been dropped
========= 
========= Warning: Error buffer overflow has been detected. Some records have been dropped
========= 
========= Warning: Error buffer overflow has been detected. Some records have been dropped
========= 
========= Warning: Error buffer overflow has been detected. Some records have been dropped
========= 
========= Warning: Error buffer overflow has been detected. Some records have been dropped
========= 
========= Warning: Error buffer overflow has been detected. Some records have been dropped
========= 
========= Warning: Error buffer overflow has been detected. Some records have been dropped
========= 
========= Warning: Error buffer overflow has been detected. Some records have been dropped
========= 
========= Warning: Error buffer overflow has been detected. Some records have been dropped
========= 
========= Warning: Error buffer overflow has been detected. Some records have been dropped
========= 
========= Warning: Error buffer overflow has been detected. Some records have been dropped
========= 
========= Warning: Error buffer overflow has been detected. Some records have been dropped
========= 
========= Warning: Error buffer overflow has been detected. Some records have been dropped
========= 
========= Warning: Error buffer overflow has been detected. Some records have been dropped
========= 
========= Warning: Error buffer overflow has been detected. Some records have been dropped
========= 
========= Warning: Error buffer overflow has been detected. Some records have been dropped
========= 
========= Warning: Error buffer overflow has been detected. Some records have been dropped
========= 
========= Warning: Error buffer overflow has been detected. Some records have been dropped
========= 
========= Warning: Error buffer overflow has been detected. Some records have been dropped
========= 
========= Warning: Error buffer overflow has been detected. Some records have been dropped
========= 
========= Warning: Error buffer overflow has been detected. Some records have been dropped
========= 
========= Warning: Error buffer overflow has been detected. Some records have been dropped
========= 
========= Warning: Error buffer overflow has been detected. Some records have been dropped
========= 
========= Warning: Error buffer overflow has been detected. Some records have been dropped
========= 
========= Warning: Error buffer overflow has been detected. Some records have been dropped
========= 
========= Warning: Error buffer overflow has been detected. Some records have been dropped
========= 
========= Warning: Error buffer overflow has been detected. Some records have been dropped
========= 
========= Warning: Error buffer overflow has been detected. Some records have been dropped
========= 
========= Warning: Error buffer overflow has been detected. Some records have been dropped
========= 
========= Warning: Error buffer overflow has been detected. Some records have been dropped
========= 
========= Warning: Error buffer overflow has been detected. Some records have been dropped
========= 
========= Warning: Error buffer overflow has been detected. Some records have been dropped
========= 
========= Warning: Error buffer overflow has been detected. Some records have been dropped
========= 
========= Warning: Error buffer overflow has been detected. Some records have been dropped
========= 
========= Warning: Error buffer overflow has been detected. Some records have been dropped
========= 
========= Warning: Error buffer overflow has been detected. Some records have been dropped
========= 
========= Warning: Error buffer overflow has been detected. Some records have been dropped
========= 
========= Warning: Error buffer overflow has been detected. Some records have been dropped
========= 
========= Warning: Error buffer overflow has been detected. Some records have been dropped
========= 
========= Warning: Error buffer overflow has been detected. Some records have been dropped
========= 
========= Warning: Error buffer overflow has been detected. Some records have been dropped
========= 
========= Warning: Error buffer overflow has been detected. Some records have been dropped
========= 
========= Warning: Error buffer overflow has been detected. Some records have been dropped
========= 
========= Warning: Error buffer overflow has been detected. Some records have been dropped
========= 
========= Warning: Error buffer overflow has been detected. Some records have been dropped
========= 
========= Warning: Error buffer overflow has been detected. Some records have been dropped
========= 
========= Warning: Error buffer overflow has been detected. Some records have been dropped
========= 
========= Warning: Error buffer overflow has been detected. Some records have been dropped
========= 
========= Warning: Error buffer overflow has been detected. Some records have been dropped
========= 
========= Warning: Error buffer overflow has been detected. Some records have been dropped
========= 
========= Warning: Error buffer overflow has been detected. Some records have been dropped
========= 
========= Warning: Error buffer overflow has been detected. Some records have been dropped
========= 
========= Warning: Error buffer overflow has been detected. Some records have been dropped
========= 
========= Warning: Error buffer overflow has been detected. Some records have been dropped
========= 
========= Warning: Error buffer overflow has been detected. Some records have been dropped
========= 
========= Warning: Error buffer overflow has been detected. Some records have been dropped
========= 
========= Warning: Error buffer overflow has been detected. Some records have been dropped
========= 
========= Warning: Error buffer overflow has been detected. Some records have been dropped
========= 
========= Warning: Error buffer overflow has been detected. Some records have been dropped
========= 
========= Warning: Error buffer overflow has been detected. Some records have been dropped
========= 
========= Warning: Error buffer overflow has been detected. Some records have been dropped
========= 
========= Warning: Error buffer overflow has been detected. Some records have been dropped
========= 
========= Warning: Error buffer overflow has been detected. Some records have been dropped
========= 
========= Warning: Error buffer overflow has been detected. Some records have been dropped
========= 
========= Warning: Error buffer overflow has been detected. Some records have been dropped
========= 
========= Warning: Error buffer overflow has been detected. Some records have been dropped
========= 
========= Warning: Error buffer overflow has been detected. Some records have been dropped
========= 
========= Warning: Error buffer overflow has been detected. Some records have been dropped
========= 
========= Warning: Error buffer overflow has been detected. Some records have been dropped
========= 
========= Warning: Error buffer overflow has been detected. Some records have been dropped
========= 
========= Warning: Error buffer overflow has been detected. Some records have been dropped
========= 
========= Warning: Error buffer overflow has been detected. Some records have been dropped
========= 
========= Warning: Error buffer overflow has been detected. Some records have been dropped
========= 
========= Warning: Error buffer overflow has been detected. Some records have been dropped
========= 
========= Warning: Error buffer overflow has been detected. Some records have been dropped
========= 
========= Warning: Error buffer overflow has been detected. Some records have been dropped
========= 
========= Warning: Error buffer overflow has been detected. Some records have been dropped
========= 
========= Warning: Error buffer overflow has been detected. Some records have been dropped
========= 
========= Warning: Error buffer overflow has been detected. Some records have been dropped
========= 
========= Warning: Error buffer overflow has been detected. Some records have been dropped
========= 
========= Warning: Error buffer overflow has been detected. Some records have been dropped
========= 
========= Warning: Error buffer overflow has been detected. Some records have been dropped
========= 
========= Warning: Error buffer overflow has been detected. Some records have been dropped
========= 
========= Warning: Error buffer overflow has been detected. Some records have been dropped
========= 
========= Warning: Error buffer overflow has been detected. Some records have been dropped
========= 
========= Warning: Error buffer overflow has been detected. Some records have been dropped
========= 
========= Warning: Error buffer overflow has been detected. Some records have been dropped
========= 
========= Warning: Error buffer overflow has been detected. Some records have been dropped
========= 
========= Warning: Error buffer overflow has been detected. Some records have been dropped
========= 
========= Warning: Error buffer overflow has been detected. Some records have been dropped
========= 
========= Warning: Error buffer overflow has been detected. Some records have been dropped
========= 
========= Warning: Error buffer overflow has been detected. Some records have been dropped
========= 
========= Warning: Error buffer overflow has been detected. Some records have been dropped
========= 
========= Warning: Error buffer overflow has been detected. Some records have been dropped
========= 
========= Warning: Error buffer overflow has been detected. Some records have been dropped
========= 
========= Warning: Error buffer overflow has been detected. Some records have been dropped
========= 
========= Warning: Error buffer overflow has been detected. Some records have been dropped
========= 
========= Warning: Error buffer overflow has been detected. Some records have been dropped
========= 
========= Warning: Error buffer overflow has been detected. Some records have been dropped
========= 
========= Warning: Error buffer overflow has been detected. Some records have been dropped
========= 
========= Warning: Error buffer overflow has been detected. Some records have been dropped
========= 
========= Warning: Error buffer overflow has been detected. Some records have been dropped
========= 
========= Warning: Error buffer overflow has been detected. Some records have been dropped
========= 
========= Warning: Error buffer overflow has been detected. Some records have been dropped
========= 
========= Warning: Error buffer overflow has been detected. Some records have been dropped
========= 
========= Warning: Error buffer overflow has been detected. Some records have been dropped
========= 
========= Warning: Error buffer overflow has been detected. Some records have been dropped
========= 
========= Warning: Error buffer overflow has been detected. Some records have been dropped
========= 
========= Warning: Error buffer overflow has been detected. Some records have been dropped
========= 
========= Warning: Error buffer overflow has been detected. Some records have been dropped
========= 
========= Warning: Error buffer overflow has been detected. Some records have been dropped
========= 
========= Warning: Error buffer overflow has been detected. Some records have been dropped
========= 
========= Warning: Error buffer overflow has been detected. Some records have been dropped
========= 
========= Warning: Error buffer overflow has been detected. Some records have been dropped
========= 
========= Warning: Error buffer overflow has been detected. Some records have been dropped
========= 
========= Warning: Error buffer overflow has been detected. Some records have been dropped
========= 
========= Warning: Error buffer overflow has been detected. Some records have been dropped
========= 
========= Warning: Error buffer overflow has been detected. Some records have been dropped
========= 
========= Warning: Error buffer overflow has been detected. Some records have been dropped
========= 
========= Warning: Error buffer overflow has been detected. Some records have been dropped
========= 
========= Warning: Error buffer overflow has been detected. Some records have been dropped
========= 
========= Warning: Error buffer overflow has been detected. Some records have been dropped
========= 
========= Warning: Error buffer overflow has been detected. Some records have been dropped
========= 
========= Warning: Error buffer overflow has been detected. Some records have been dropped
========= 
========= Warning: Error buffer overflow has been detected. Some records have been dropped
========= 
========= Warning: Error buffer overflow has been detected. Some records have been dropped
========= 
========= Warning: Error buffer overflow has been detected. Some records have been dropped
========= 
========= Warning: Error buffer overflow has been detected. Some records have been dropped
========= 
========= Warning: Error buffer overflow has been detected. Some records have been dropped
========= 
========= Warning: Error buffer overflow has been detected. Some records have been dropped
========= 
========= Warning: Error buffer overflow has been detected. Some records have been dropped
========= 
========= Warning: Error buffer overflow has been detected. Some records have been dropped
========= 
========= Warning: Error buffer overflow has been detected. Some records have been dropped
========= 
========= Warning: Error buffer overflow has been detected. Some records have been dropped
========= 
========= Warning: Error buffer overflow has been detected. Some records have been dropped
========= 
========= Warning: Error buffer overflow has been detected. Some records have been dropped
========= 
========= Warning: Error buffer overflow has been detected. Some records have been dropped
========= 
========= Warning: Error buffer overflow has been detected. Some records have been dropped
========= 
========= Warning: Error buffer overflow has been detected. Some records have been dropped
========= 
========= Warning: Error buffer overflow has been detected. Some records have been dropped
========= 
========= Warning: Error buffer overflow has been detected. Some records have been dropped
========= 
========= Warning: Error buffer overflow has been detected. Some records have been dropped
========= 
========= Warning: Error buffer overflow has been detected. Some records have been dropped
========= 
========= Warning: Error buffer overflow has been detected. Some records have been dropped
========= 
========= Warning: Error buffer overflow has been detected. Some records have been dropped
========= 
========= Warning: Error buffer overflow has been detected. Some records have been dropped
========= 
========= Warning: Error buffer overflow has been detected. Some records have been dropped
========= 
========= Warning: Error buffer overflow has been detected. Some records have been dropped
========= 
========= Warning: Error buffer overflow has been detected. Some records have been dropped
========= 
========= Warning: Error buffer overflow has been detected. Some records have been dropped
========= 
========= Warning: Error buffer overflow has been detected. Some records have been dropped
========= 
========= Warning: Error buffer overflow has been detected. Some records have been dropped
========= 
========= Warning: Error buffer overflow has been detected. Some records have been dropped
========= 
========= Warning: Error buffer overflow has been detected. Some records have been dropped
========= 
========= Warning: Error buffer overflow has been detected. Some records have been dropped
========= 
========= Warning: Error buffer overflow has been detected. Some records have been dropped
========= 
========= Warning: Error buffer overflow has been detected. Some records have been dropped
========= 
========= Warning: Error buffer overflow has been detected. Some records have been dropped
========= 
========= Warning: Error buffer overflow has been detected. Some records have been dropped
========= 
========= Warning: Error buffer overflow has been detected. Some records have been dropped
========= 
========= Warning: Error buffer overflow has been detected. Some records have been dropped
========= 
========= Warning: Error buffer overflow has been detected. Some records have been dropped
========= 
========= Warning: Error buffer overflow has been detected. Some records have been dropped
========= 
========= Warning: Error buffer overflow has been detected. Some records have been dropped
========= 
========= Warning: Error buffer overflow has been detected. Some records have been dropped
========= 
========= Warning: Error buffer overflow has been detected. Some records have been dropped
========= 
========= Warning: Error buffer overflow has been detected. Some records have been dropped
========= 
========= Warning: Error buffer overflow has been detected. Some records have been dropped
========= 
========= Warning: Error buffer overflow has been detected. Some records have been dropped
========= 
========= Warning: Error buffer overflow has been detected. Some records have been dropped
========= 
========= Warning: Error buffer overflow has been detected. Some records have been dropped
========= 
========= Warning: Error buffer overflow has been detected. Some records have been dropped
========= 
========= Warning: Error buffer overflow has been detected. Some records have been dropped
========= 
========= Warning: Error buffer overflow has been detected. Some records have been dropped
========= 
========= Warning: Error buffer overflow has been detected. Some records have been dropped
========= 
========= Warning: Error buffer overflow has been detected. Some records have been dropped
========= 
========= Warning: Error buffer overflow has been detected. Some records have been dropped
========= 
========= Warning: Error buffer overflow has been detected. Some records have been dropped
========= 
========= Warning: Error buffer overflow has been detected. Some records have been dropped
========= 
========= Warning: Error buffer overflow has been detected. Some records have been dropped
========= 
========= Warning: Error buffer overflow has been detected. Some records have been dropped
========= 
========= Warning: Error buffer overflow has been detected. Some records have been dropped
========= 
========= Warning: Error buffer overflow has been detected. Some records have been dropped
========= 
========= Warning: Error buffer overflow has been detected. Some records have been dropped
========= 
========= Warning: Error buffer overflow has been detected. Some records have been dropped
========= 
========= Warning: Error buffer overflow has been detected. Some records have been dropped
========= 
========= Warning: Error buffer overflow has been detected. Some records have been dropped
========= 
========= Warning: Error buffer overflow has been detected. Some records have been dropped
========= 
========= Warning: Error buffer overflow has been detected. Some records have been dropped
========= 
========= Warning: Error buffer overflow has been detected. Some records have been dropped
========= 
========= Warning: Error buffer overflow has been detected. Some records have been dropped
========= 
========= Warning: Error buffer overflow has been detected. Some records have been dropped
========= 
========= Warning: Error buffer overflow has been detected. Some records have been dropped
========= 
========= Warning: Error buffer overflow has been detected. Some records have been dropped
========= 
========= Warning: Error buffer overflow has been detected. Some records have been dropped
========= 
========= Warning: Error buffer overflow has been detected. Some records have been dropped
========= 
========= Warning: Error buffer overflow has been detected. Some records have been dropped
========= 
========= Warning: Error buffer overflow has been detected. Some records have been dropped
========= 
========= Warning: Error buffer overflow has been detected. Some records have been dropped
========= 
========= Warning: Error buffer overflow has been detected. Some records have been dropped
========= 
========= Warning: Error buffer overflow has been detected. Some records have been dropped
========= 
========= Warning: Error buffer overflow has been detected. Some records have been dropped
========= 
========= Warning: Error buffer overflow has been detected. Some records have been dropped
========= 
========= Warning: Error buffer overflow has been detected. Some records have been dropped
========= 
========= Warning: Error buffer overflow has been detected. Some records have been dropped
========= 
========= Warning: Error buffer overflow has been detected. Some records have been dropped
========= 
========= Warning: Error buffer overflow has been detected. Some records have been dropped
========= 
========= Warning: Error buffer overflow has been detected. Some records have been dropped
========= 
========= Warning: Error buffer overflow has been detected. Some records have been dropped
========= 
========= Warning: Error buffer overflow has been detected. Some records have been dropped
========= 
========= Warning: Error buffer overflow has been detected. Some records have been dropped
========= 
========= Warning: Error buffer overflow has been detected. Some records have been dropped
========= 
========= Warning: Error buffer overflow has been detected. Some records have been dropped
========= 
========= Warning: Error buffer overflow has been detected. Some records have been dropped
========= 
========= Warning: Error buffer overflow has been detected. Some records have been dropped
========= 
========= Warning: Error buffer overflow has been detected. Some records have been dropped
========= 
========= Warning: Error buffer overflow has been detected. Some records have been dropped
========= 
========= Warning: Error buffer overflow has been detected. Some records have been dropped
========= 
========= Warning: Error buffer overflow has been detected. Some records have been dropped
========= 
========= Warning: Error buffer overflow has been detected. Some records have been dropped
========= 
========= Warning: Error buffer overflow has been detected. Some records have been dropped
========= 
========= Warning: Error buffer overflow has been detected. Some records have been dropped
========= 
========= Warning: Error buffer overflow has been detected. Some records have been dropped
========= 
========= Warning: Error buffer overflow has been detected. Some records have been dropped
========= 
========= Warning: Error buffer overflow has been detected. Some records have been dropped
========= 
========= Warning: Error buffer overflow has been detected. Some records have been dropped
========= 
========= Warning: Error buffer overflow has been detected. Some records have been dropped
========= 
========= Warning: Error buffer overflow has been detected. Some records have been dropped
========= 
========= Warning: Error buffer overflow has been detected. Some records have been dropped
========= 
========= Warning: Error buffer overflow has been detected. Some records have been dropped
========= 
========= Warning: Error buffer overflow has been detected. Some records have been dropped
========= 
========= Warning: Error buffer overflow has been detected. Some records have been dropped
========= 
========= Warning: Error buffer overflow has been detected. Some records have been dropped
========= 
========= Warning: Error buffer overflow has been detected. Some records have been dropped
========= 
========= Warning: Error buffer overflow has been detected. Some records have been dropped
========= 
========= Warning: Error buffer overflow has been detected. Some records have been dropped
========= 
========= Warning: Error buffer overflow has been detected. Some records have been dropped
========= 
========= Warning: Error buffer overflow has been detected. Some records have been dropped
========= 
========= Warning: Error buffer overflow has been detected. Some records have been dropped
========= 
========= Warning: Error buffer overflow has been detected. Some records have been dropped
========= 
========= Warning: Error buffer overflow has been detected. Some records have been dropped
========= 
========= Warning: Error buffer overflow has been detected. Some records have been dropped
========= 
========= Warning: Error buffer overflow has been detected. Some records have been dropped
========= 
========= Warning: Error buffer overflow has been detected. Some records have been dropped
========= 
========= Warning: Error buffer overflow has been detected. Some records have been dropped
========= 
========= Warning: Error buffer overflow has been detected. Some records have been dropped
========= 
========= Warning: Error buffer overflow has been detected. Some records have been dropped
========= 
========= Warning: Error buffer overflow has been detected. Some records have been dropped
========= 
========= Warning: Error buffer overflow has been detected. Some records have been dropped
========= 
========= Warning: Error buffer overflow has been detected. Some records have been dropped
========= 
========= Warning: Error buffer overflow has been detected. Some records have been dropped
========= 
========= Warning: Error buffer overflow has been detected. Some records have been dropped
========= 
========= Warning: Error buffer overflow has been detected. Some records have been dropped
========= 
========= Warning: Error buffer overflow has been detected. Some records have been dropped
========= 
========= Warning: Error buffer overflow has been detected. Some records have been dropped
========= 
========= Warning: Error buffer overflow has been detected. Some records have been dropped
========= 
========= Warning: Error buffer overflow has been detected. Some records have been dropped
========= 
========= Warning: Error buffer overflow has been detected. Some records have been dropped
========= 
========= Warning: Error buffer overflow has been detected. Some records have been dropped
========= 
========= Warning: Error buffer overflow has been detected. Some records have been dropped
========= 
========= Warning: Error buffer overflow has been detected. Some records have been dropped
========= 
========= Warning: Error buffer overflow has been detected. Some records have been dropped
========= 
========= Warning: Error buffer overflow has been detected. Some records have been dropped
========= 
========= Warning: Error buffer overflow has been detected. Some records have been dropped
========= 
========= Warning: Error buffer overflow has been detected. Some records have been dropped
========= 
========= Warning: Error buffer overflow has been detected. Some records have been dropped
========= 
========= Warning: Error buffer overflow has been detected. Some records have been dropped
========= 
========= Warning: Error buffer overflow has been detected. Some records have been dropped
========= 
========= Warning: Error buffer overflow has been detected. Some records have been dropped
========= 
========= Warning: Error buffer overflow has been detected. Some records have been dropped
========= 
========= Warning: Error buffer overflow has been detected. Some records have been dropped
========= 
========= Warning: Error buffer overflow has been detected. Some records have been dropped
========= 
========= Warning: Error buffer overflow has been detected. Some records have been dropped
========= 
========= Warning: Error buffer overflow has been detected. Some records have been dropped
========= 
========= Warning: Error buffer overflow has been detected. Some records have been dropped
========= 
========= Warning: Error buffer overflow has been detected. Some records have been dropped
========= 
========= Warning: Error buffer overflow has been detected. Some records have been dropped
========= 
========= Warning: Error buffer overflow has been detected. Some records have been dropped
========= 
========= Warning: Error buffer overflow has been detected. Some records have been dropped
========= 
========= Warning: Error buffer overflow has been detected. Some records have been dropped
========= 
========= Warning: Error buffer overflow has been detected. Some records have been dropped
========= 
========= Warning: Error buffer overflow has been detected. Some records have been dropped
========= 
========= Warning: Error buffer overflow has been detected. Some records have been dropped
========= 
========= Warning: Error buffer overflow has been detected. Some records have been dropped
========= 
========= Warning: Error buffer overflow has been detected. Some records have been dropped
========= 
========= Warning: Error buffer overflow has been detected. Some records have been dropped
========= 
========= Warning: Error buffer overflow has been detected. Some records have been dropped
========= 
========= Warning: Error buffer overflow has been detected. Some records have been dropped
========= 
========= Warning: Error buffer overflow has been detected. Some records have been dropped
========= 
========= Warning: Error buffer overflow has been detected. Some records have been dropped
========= 
========= Warning: Error buffer overflow has been detected. Some records have been dropped
========= 
========= Warning: Error buffer overflow has been detected. Some records have been dropped
========= 
========= Warning: Error buffer overflow has been detected. Some records have been dropped
========= 
========= Warning: Error buffer overflow has been detected. Some records have been dropped
========= 
========= Warning: Error buffer overflow has been detected. Some records have been dropped
========= 
========= Warning: Error buffer overflow has been detected. Some records have been dropped
========= 
========= Warning: Error buffer overflow has been detected. Some records have been dropped
========= 
========= Warning: Error buffer overflow has been detected. Some records have been dropped
========= 
========= Warning: Error buffer overflow has been detected. Some records have been dropped
========= 
========= Warning: Error buffer overflow has been detected. Some records have been dropped
========= 
========= Warning: Error buffer overflow has been detected. Some records have been dropped
========= 
========= Warning: Error buffer overflow has been detected. Some records have been dropped
========= 
========= Warning: Error buffer overflow has been detected. Some records have been dropped
========= 
========= Warning: Error buffer overflow has been detected. Some records have been dropped
========= 
========= Warning: Error buffer overflow has been detected. Some records have been dropped
========= 
========= Warning: Error buffer overflow has been detected. Some records have been dropped
========= 
========= Warning: Error buffer overflow has been detected. Some records have been dropped
========= 
========= Warning: Error buffer overflow has been detected. Some records have been dropped
========= 
========= Warning: Error buffer overflow has been detected. Some records have been dropped
========= 
========= Warning: Error buffer overflow has been detected. Some records have been dropped
========= 
========= Warning: Error buffer overflow has been detected. Some records have been dropped
========= 
========= Warning: Error buffer overflow has been detected. Some records have been dropped
========= 
========= Warning: Error buffer overflow has been detected. Some records have been dropped
========= 
========= Warning: Error buffer overflow has been detected. Some records have been dropped
========= 
========= Warning: Error buffer overflow has been detected. Some records have been dropped
========= 
========= Warning: Error buffer overflow has been detected. Some records have been dropped
========= 
========= Warning: Error buffer overflow has been detected. Some records have been dropped
========= 
========= Warning: Error buffer overflow has been detected. Some records have been dropped
========= 
========= Warning: Error buffer overflow has been detected. Some records have been dropped
========= 
========= Warning: Error buffer overflow has been detected. Some records have been dropped
========= 
========= Warning: Error buffer overflow has been detected. Some records have been dropped
========= 
========= Warning: Error buffer overflow has been detected. Some records have been dropped
========= 
========= Warning: Error buffer overflow has been detected. Some records have been dropped
========= 
========= Warning: Error buffer overflow has been detected. Some records have been dropped
========= 
========= Warning: Error buffer overflow has been detected. Some records have been dropped
========= 
========= Warning: Error buffer overflow has been detected. Some records have been dropped
========= 
========= Warning: Error buffer overflow has been detected. Some records have been dropped
========= 
========= Warning: Error buffer overflow has been detected. Some records have been dropped
========= 
========= Warning: Error buffer overflow has been detected. Some records have been dropped
========= 
========= Warning: Error buffer overflow has been detected. Some records have been dropped
========= 
========= Warning: Error buffer overflow has been detected. Some records have been dropped
========= 
========= Warning: Error buffer overflow has been detected. Some records have been dropped
========= 
========= Warning: Error buffer overflow has been detected. Some records have been dropped
========= 
========= Warning: Error buffer overflow has been detected. Some records have been dropped
========= 
========= Warning: Error buffer overflow has been detected. Some records have been dropped
========= 
========= Warning: Error buffer overflow has been detected. Some records have been dropped
========= 
========= Warning: Error buffer overflow has been detected. Some records have been dropped
========= 
========= Warning: Error buffer overflow has been detected. Some records have been dropped
========= 
========= Warning: Error buffer overflow has been detected. Some records have been dropped
========= 
========= Warning: Error buffer overflow has been detected. Some records have been dropped
========= 
========= Warning: Error buffer overflow has been detected. Some records have been dropped
========= 
========= Warning: Error buffer overflow has been detected. Some records have been dropped
========= 
========= Warning: Error buffer overflow has been detected. Some records have been dropped
========= 
========= Warning: Error buffer overflow has been detected. Some records have been dropped
========= 
========= Warning: Error buffer overflow has been detected. Some records have been dropped
========= 
========= Warning: Error buffer overflow has been detected. Some records have been dropped
========= 
========= Warning: Error buffer overflow has been detected. Some records have been dropped
========= 
========= Warning: Error buffer overflow has been detected. Some records have been dropped
========= 
========= Warning: Error buffer overflow has been detected. Some records have been dropped
========= 
========= Warning: Error buffer overflow has been detected. Some records have been dropped
========= 
========= Warning: Error buffer overflow has been detected. Some records have been dropped
========= 
========= Warning: Error buffer overflow has been detected. Some records have been dropped
========= 
========= Warning: Error buffer overflow has been detected. Some records have been dropped
========= 
========= Warning: Error buffer overflow has been detected. Some records have been dropped
========= 
========= Warning: Error buffer overflow has been detected. Some records have been dropped
========= 
========= Warning: Error buffer overflow has been detected. Some records have been dropped
========= 
========= Warning: Error buffer overflow has been detected. Some records have been dropped
========= 
========= Warning: Error buffer overflow has been detected. Some records have been dropped
========= 
========= Warning: Error buffer overflow has been detected. Some records have been dropped
========= 
========= Warning: Error buffer overflow has been detected. Some records have been dropped
========= 
========= Warning: Error buffer overflow has been detected. Some records have been dropped
========= 
========= Warning: Error buffer overflow has been detected. Some records have been dropped
========= 
========= Warning: Error buffer overflow has been detected. Some records have been dropped
========= 
========= Warning: Error buffer overflow has been detected. Some records have been dropped
========= 
========= Warning: Error buffer overflow has been detected. Some records have been dropped
========= 
========= Warning: Error buffer overflow has been detected. Some records have been dropped
========= 
========= Warning: Error buffer overflow has been detected. Some records have been dropped
========= 
========= Warning: Error buffer overflow has been detected. Some records have been dropped
========= 
========= Warning: Error buffer overflow has been detected. Some records have been dropped
========= 
========= Warning: Error buffer overflow has been detected. Some records have been dropped
========= 
========= Warning: Error buffer overflow has been detected. Some records have been dropped
========= 
========= Warning: Error buffer overflow has been detected. Some records have been dropped
========= 
========= Warning: Error buffer overflow has been detected. Some records have been dropped
========= 
========= Warning: Error buffer overflow has been detected. Some records have been dropped
========= 
========= Warning: Error buffer overflow has been detected. Some records have been dropped
========= 
========= Warning: Error buffer overflow has been detected. Some records have been dropped
========= 
========= Warning: Error buffer overflow has been detected. Some records have been dropped
========= 
========= Warning: Error buffer overflow has been detected. Some records have been dropped
========= 
========= Warning: Error buffer overflow has been detected. Some records have been dropped
========= 
========= Warning: Error buffer overflow has been detected. Some records have been dropped
========= 
========= Warning: Error buffer overflow has been detected. Some records have been dropped
========= 
========= Warning: Error buffer overflow has been detected. Some records have been dropped
========= 
========= Warning: Error buffer overflow has been detected. Some records have been dropped
========= 
========= Warning: Error buffer overflow has been detected. Some records have been dropped
========= 
========= Warning: Error buffer overflow has been detected. Some records have been dropped
========= 
========= Warning: Error buffer overflow has been detected. Some records have been dropped
========= 
========= Warning: Error buffer overflow has been detected. Some records have been dropped
========= 
========= Warning: Error buffer overflow has been detected. Some records have been dropped
========= 
========= Warning: Error buffer overflow has been detected. Some records have been dropped
========= 
========= Warning: Error buffer overflow has been detected. Some records have been dropped
========= 
========= Warning: Error buffer overflow has been detected. Some records have been dropped
========= 
========= Warning: Error buffer overflow has been detected. Some records have been dropped
========= 
========= Warning: Error buffer overflow has been detected. Some records have been dropped
========= 
========= Warning: Error buffer overflow has been detected. Some records have been dropped
========= 
========= Warning: Error buffer overflow has been detected. Some records have been dropped
========= 
========= Warning: Error buffer overflow has been detected. Some records have been dropped
========= 
========= Warning: Error buffer overflow has been detected. Some records have been dropped
========= 
========= Warning: Error buffer overflow has been detected. Some records have been dropped
========= 
========= Warning: Error buffer overflow has been detected. Some records have been dropped
========= 
========= Warning: Error buffer overflow has been detected. Some records have been dropped
========= 
========= Warning: Error buffer overflow has been detected. Some records have been dropped
========= 
========= Warning: Error buffer overflow has been detected. Some records have been dropped
========= 
========= Warning: Error buffer overflow has been detected. Some records have been dropped
========= 
========= Warning: Error buffer overflow has been detected. Some records have been dropped
========= 
========= Warning: Error buffer overflow has been detected. Some records have been dropped
========= 
========= Warning: Error buffer overflow has been detected. Some records have been dropped
========= 
========= Warning: Error buffer overflow has been detected. Some records have been dropped
========= 
========= Warning: Error buffer overflow has been detected. Some records have been dropped
========= 
========= Warning: Error buffer overflow has been detected. Some records have been dropped
========= 
========= Warning: Error buffer overflow has been detected. Some records have been dropped
========= 
========= Warning: Error buffer overflow has been detected. Some records have been dropped
========= 
========= Warning: Error buffer overflow has been detected. Some records have been dropped
========= 
========= Warning: Error buffer overflow has been detected. Some records have been dropped
========= 
========= Warning: Error buffer overflow has been detected. Some records have been dropped
========= 
========= Warning: Error buffer overflow has been detected. Some records have been dropped
========= 
========= Warning: Error buffer overflow has been detected. Some records have been dropped
========= 
========= Warning: Error buffer overflow has been detected. Some records have been dropped
========= 
========= Warning: Error buffer overflow has been detected. Some records have been dropped
========= 
========= Warning: Error buffer overflow has been detected. Some records have been dropped
========= 
========= Warning: Error buffer overflow has been detected. Some records have been dropped
========= 
========= Warning: Error buffer overflow has been detected. Some records have been dropped
========= 
========= Warning: Error buffer overflow has been detected. Some records have been dropped
========= 
========= Warning: Error buffer overflow has been detected. Some records have been dropped
========= 
========= Warning: Error buffer overflow has been detected. Some records have been dropped
========= 
========= Warning: Error buffer overflow has been detected. Some records have been dropped
========= 
========= Warning: Error buffer overflow has been detected. Some records have been dropped
========= 
========= Warning: Error buffer overflow has been detected. Some records have been dropped
========= 
========= Warning: Error buffer overflow has been detected. Some records have been dropped
========= 
========= Warning: Error buffer overflow has been detected. Some records have been dropped
========= 
========= Warning: Error buffer overflow has been detected. Some records have been dropped
========= 
========= Warning: Error buffer overflow has been detected. Some records have been dropped
========= 
========= Warning: Error buffer overflow has been detected. Some records have been dropped
========= 
========= Warning: Error buffer overflow has been detected. Some records have been dropped
========= 
========= Warning: Error buffer overflow has been detected. Some records have been dropped
========= 
========= Warning: Error buffer overflow has been detected. Some records have been dropped
========= 
========= Warning: Error buffer overflow has been detected. Some records have been dropped
========= 
========= Warning: Error buffer overflow has been detected. Some records have been dropped
========= 
========= Warning: Error buffer overflow has been detected. Some records have been dropped
========= 
========= Warning: Error buffer overflow has been detected. Some records have been dropped
========= 
========= Warning: Error buffer overflow has been detected. Some records have been dropped
========= 
========= Warning: Error buffer overflow has been detected. Some records have been dropped
========= 
========= Warning: Error buffer overflow has been detected. Some records have been dropped
========= 
========= Warning: Error buffer overflow has been detected. Some records have been dropped
========= 
========= Warning: Error buffer overflow has been detected. Some records have been dropped
========= 
========= Warning: Error buffer overflow has been detected. Some records have been dropped
========= 
========= Warning: Error buffer overflow has been detected. Some records have been dropped
========= 
========= Warning: Error buffer overflow has been detected. Some records have been dropped
========= 
========= Warning: Error buffer overflow has been detected. Some records have been dropped
========= 
========= Warning: Error buffer overflow has been detected. Some records have been dropped
========= 
========= Warning: Error buffer overflow has been detected. Some records have been dropped
========= 
========= Warning: Error buffer overflow has been detected. Some records have been dropped
========= 
========= Warning: Error buffer overflow has been detected. Some records have been dropped
========= 
========= Warning: Error buffer overflow has been detected. Some records have been dropped
========= 
========= Warning: Error buffer overflow has been detected. Some records have been dropped
========= 
========= Warning: Error buffer overflow has been detected. Some records have been dropped
========= 
========= Warning: Error buffer overflow has been detected. Some records have been dropped
========= 
========= Warning: Error buffer overflow has been detected. Some records have been dropped
========= 
========= Warning: Error buffer overflow has been detected. Some records have been dropped
========= 
========= Warning: Error buffer overflow has been detected. Some records have been dropped
========= 
========= Warning: Error buffer overflow has been detected. Some records have been dropped
========= 
========= Warning: Error buffer overflow has been detected. Some records have been dropped
========= 
========= Warning: Error buffer overflow has been detected. Some records have been dropped
========= 
========= Warning: Error buffer overflow has been detected. Some records have been dropped
========= 
========= Warning: Error buffer overflow has been detected. Some records have been dropped
========= 
========= Warning: Error buffer overflow has been detected. Some records have been dropped
========= 
========= Warning: Error buffer overflow has been detected. Some records have been dropped
========= 
========= Warning: Error buffer overflow has been detected. Some records have been dropped
========= 
========= Warning: Error buffer overflow has been detected. Some records have been dropped
========= 
========= Warning: Error buffer overflow has been detected. Some records have been dropped
========= 
========= Warning: Error buffer overflow has been detected. Some records have been dropped
========= 
========= Warning: Error buffer overflow has been detected. Some records have been dropped
========= 
========= Warning: Error buffer overflow has been detected. Some records have been dropped
========= 
========= Warning: Error buffer overflow has been detected. Some records have been dropped
========= 
========= Warning: Error buffer overflow has been detected. Some records have been dropped
========= 
========= Warning: Error buffer overflow has been detected. Some records have been dropped
========= 
========= Warning: Error buffer overflow has been detected. Some records have been dropped
========= 
========= Warning: Error buffer overflow has been detected. Some records have been dropped
========= 
========= Warning: Error buffer overflow has been detected. Some records have been dropped
========= 
========= Warning: Error buffer overflow has been detected. Some records have been dropped
========= 
========= Warning: Error buffer overflow has been detected. Some records have been dropped
========= 
========= Warning: Error buffer overflow has been detected. Some records have been dropped
========= 
========= Warning: Error buffer overflow has been detected. Some records have been dropped
========= 
========= Warning: Error buffer overflow has been detected. Some records have been dropped
========= 
========= Warning: Error buffer overflow has been detected. Some records have been dropped
========= 
========= Warning: Error buffer overflow has been detected. Some records have been dropped
========= 
========= Warning: Error buffer overflow has been detected. Some records have been dropped
========= 
========= Warning: Error buffer overflow has been detected. Some records have been dropped
========= 
========= Warning: Error buffer overflow has been detected. Some records have been dropped
========= 
========= Warning: Error buffer overflow has been detected. Some records have been dropped
========= 
========= Warning: Error buffer overflow has been detected. Some records have been dropped
========= 
========= Warning: Error buffer overflow has been detected. Some records have been dropped
========= 
========= Warning: Error buffer overflow has been detected. Some records have been dropped
========= 
========= Warning: Error buffer overflow has been detected. Some records have been dropped
========= 
========= Warning: Error buffer overflow has been detected. Some records have been dropped
========= 
========= Warning: Error buffer overflow has been detected. Some records have been dropped
========= 
========= Warning: Error buffer overflow has been detected. Some records have been dropped
========= 
========= Warning: Error buffer overflow has been detected. Some records have been dropped
========= 
========= Warning: Error buffer overflow has been detected. Some records have been dropped
========= 
========= Warning: Error buffer overflow has been detected. Some records have been dropped
========= 
========= Warning: Error buffer overflow has been detected. Some records have been dropped
========= 
========= Warning: Error buffer overflow has been detected. Some records have been dropped
========= 
========= Warning: Error buffer overflow has been detected. Some records have been dropped
========= 
========= Warning: Error buffer overflow has been detected. Some records have been dropped
========= 
========= Warning: Error buffer overflow has been detected. Some records have been dropped
========= 
========= Warning: Error buffer overflow has been detected. Some records have been dropped
========= 
========= Warning: Error buffer overflow has been detected. Some records have been dropped
========= 
========= Warning: Error buffer overflow has been detected. Some records have been dropped
========= 
========= Warning: Error buffer overflow has been detected. Some records have been dropped
========= 
========= Warning: Error buffer overflow has been detected. Some records have been dropped
========= 
========= Warning: Error buffer overflow has been detected. Some records have been dropped
========= 
========= Warning: Error buffer overflow has been detected. Some records have been dropped
========= 
========= Warning: Error buffer overflow has been detected. Some records have been dropped
========= 
========= Warning: Error buffer overflow has been detected. Some records have been dropped
========= 
========= Warning: Error buffer overflow has been detected. Some records have been dropped
========= 
========= Warning: Error buffer overflow has been detected. Some records have been dropped
========= 
========= Warning: Error buffer overflow has been detected. Some records have been dropped
========= 
========= Warning: Error buffer overflow has been detected. Some records have been dropped
========= 
========= Warning: Error buffer overflow has been detected. Some records have been dropped
========= 
========= Warning: Error buffer overflow has been detected. Some records have been dropped
========= 
========= Warning: Error buffer overflow has been detected. Some records have been dropped
========= 
========= Warning: Error buffer overflow has been detected. Some records have been dropped
========= 
========= Warning: Error buffer overflow has been detected. Some records have been dropped
========= 
========= Warning: Error buffer overflow has been detected. Some records have been dropped
========= 
========= Warning: Error buffer overflow has been detected. Some records have been dropped
========= 
========= Warning: Error buffer overflow has been detected. Some records have been dropped
========= 
========= Warning: Error buffer overflow has been detected. Some records have been dropped
========= 
========= Warning: Error buffer overflow has been detected. Some records have been dropped
========= 
========= Warning: Error buffer overflow has been detected. Some records have been dropped
========= 
========= Warning: Error buffer overflow has been detected. Some records have been dropped
========= 
========= Warning: Error buffer overflow has been detected. Some records have been dropped
========= 
========= Warning: Error buffer overflow has been detected. Some records have been dropped
========= 
========= Warning: Error buffer overflow has been detected. Some records have been dropped
========= 
========= Warning: Error buffer overflow has been detected. Some records have been dropped
========= 
========= Warning: Error buffer overflow has been detected. Some records have been dropped
========= 
========= Warning: Error buffer overflow has been detected. Some records have been dropped
========= 
========= Warning: Error buffer overflow has been detected. Some records have been dropped
========= 
========= Warning: Error buffer overflow has been detected. Some records have been dropped
========= 
========= Warning: Error buffer overflow has been detected. Some records have been dropped
========= 
========= Warning: Error buffer overflow has been detected. Some records have been dropped
========= 
========= Warning: Error buffer overflow has been detected. Some records have been dropped
========= 
========= Warning: Error buffer overflow has been detected. Some records have been dropped
========= 
========= Warning: Error buffer overflow has been detected. Some records have been dropped
========= 
========= Warning: Error buffer overflow has been detected. Some records have been dropped
========= 
========= Warning: Error buffer overflow has been detected. Some records have been dropped
========= 
========= Warning: Error buffer overflow has been detected. Some records have been dropped
========= 
========= Warning: Error buffer overflow has been detected. Some records have been dropped
========= 
========= Warning: Error buffer overflow has been detected. Some records have been dropped
========= 
========= Warning: Error buffer overflow has been detected. Some records have been dropped
========= 
========= Warning: Error buffer overflow has been detected. Some records have been dropped
========= 
========= Warning: Error buffer overflow has been detected. Some records have been dropped
========= 
========= Warning: Error buffer overflow has been detected. Some records have been dropped
========= 
========= Warning: Error buffer overflow has been detected. Some records have been dropped
========= 
========= Warning: Error buffer overflow has been detected. Some records have been dropped
========= 
========= Warning: Error buffer overflow has been detected. Some records have been dropped
========= 
========= Warning: Error buffer overflow has been detected. Some records have been dropped
========= 
========= Warning: Error buffer overflow has been detected. Some records have been dropped
========= 
========= Warning: Error buffer overflow has been detected. Some records have been dropped
========= 
========= Warning: Error buffer overflow has been detected. Some records have been dropped
========= 
========= Warning: Error buffer overflow has been detected. Some records have been dropped
========= 
========= Warning: Error buffer overflow has been detected. Some records have been dropped
========= 
========= Warning: Error buffer overflow has been detected. Some records have been dropped
========= 
========= Warning: Error buffer overflow has been detected. Some records have been dropped
========= 
========= Warning: Error buffer overflow has been detected. Some records have been dropped
========= 
========= Warning: Error buffer overflow has been detected. Some records have been dropped
========= 
========= Warning: Error buffer overflow has been detected. Some records have been dropped
========= 
========= Warning: Error buffer overflow has been detected. Some records have been dropped
========= 
========= Warning: Error buffer overflow has been detected. Some records have been dropped
========= 
========= Warning: Error buffer overflow has been detected. Some records have been dropped
========= 
========= Warning: Error buffer overflow has been detected. Some records have been dropped
========= 
========= Warning: Error buffer overflow has been detected. Some records have been dropped
========= 
========= Warning: Error buffer overflow has been detected. Some records have been dropped
========= 
========= Warning: Error buffer overflow has been detected. Some records have been dropped
========= 
========= Warning: Error buffer overflow has been detected. Some records have been dropped
========= 
========= Warning: Error buffer overflow has been detected. Some records have been dropped
========= 
========= Warning: Error buffer overflow has been detected. Some records have been dropped
========= 
========= Warning: Error buffer overflow has been detected. Some records have been dropped
========= 
========= Warning: Error buffer overflow has been detected. Some records have been dropped
========= 
========= Warning: Error buffer overflow has been detected. Some records have been dropped
========= 
========= Warning: Error buffer overflow has been detected. Some records have been dropped
========= 
========= Warning: Error buffer overflow has been detected. Some records have been dropped
========= 
========= Warning: Error buffer overflow has been detected. Some records have been dropped
========= 
========= Warning: Error buffer overflow has been detected. Some records have been dropped
========= 
========= Warning: Error buffer overflow has been detected. Some records have been dropped
========= 
========= Warning: Error buffer overflow has been detected. Some records have been dropped
========= 
========= Warning: Error buffer overflow has been detected. Some records have been dropped
========= 
========= Warning: Error buffer overflow has been detected. Some records have been dropped
========= 
========= Warning: Error buffer overflow has been detected. Some records have been dropped
========= 
========= Warning: Error buffer overflow has been detected. Some records have been dropped
========= 
========= Warning: Error buffer overflow has been detected. Some records have been dropped
========= 
========= Warning: Error buffer overflow has been detected. Some records have been dropped
========= 
========= Warning: Error buffer overflow has been detected. Some records have been dropped
========= 
========= Warning: Error buffer overflow has been detected. Some records have been dropped
========= 
========= Warning: Error buffer overflow has been detected. Some records have been dropped
========= 
========= Warning: Error buffer overflow has been detected. Some records have been dropped
========= 
========= Warning: Error buffer overflow has been detected. Some records have been dropped
========= 
========= Warning: Error buffer overflow has been detected. Some records have been dropped
========= 
========= Warning: Error buffer overflow has been detected. Some records have been dropped
========= 
========= Warning: Error buffer overflow has been detected. Some records have been dropped
========= 
========= Warning: Error buffer overflow has been detected. Some records have been dropped
========= 
========= Warning: Error buffer overflow has been detected. Some records have been dropped
========= 
========= Warning: Error buffer overflow has been detected. Some records have been dropped
========= 
========= Warning: Error buffer overflow has been detected. Some records have been dropped
========= 
========= Warning: Error buffer overflow has been detected. Some records have been dropped
========= 
========= Warning: Error buffer overflow has been detected. Some records have been dropped
========= 
========= Warning: Error buffer overflow has been detected. Some records have been dropped
========= 
========= Warning: Error buffer overflow has been detected. Some records have been dropped
========= 
========= Warning: Error buffer overflow has been detected. Some records have been dropped
========= 
========= Warning: Error buffer overflow has been detected. Some records have been dropped
========= 
========= Warning: Error buffer overflow has been detected. Some records have been dropped
========= 
========= Warning: Error buffer overflow has been detected. Some records have been dropped
========= 
========= Warning: Error buffer overflow has been detected. Some records have been dropped
========= 
========= Warning: Error buffer overflow has been detected. Some records have been dropped
========= 
========= Warning: Error buffer overflow has been detected. Some records have been dropped
========= 
========= Warning: Error buffer overflow has been detected. Some records have been dropped
========= 
========= Warning: Error buffer overflow has been detected. Some records have been dropped
========= 
========= Warning: Error buffer overflow has been detected. Some records have been dropped
========= 
========= Warning: Error buffer overflow has been detected. Some records have been dropped
========= 
========= Warning: Error buffer overflow has been detected. Some records have been dropped
========= 
========= Warning: Error buffer overflow has been detected. Some records have been dropped
========= 
========= Warning: Error buffer overflow has been detected. Some records have been dropped
========= 
========= Warning: Error buffer overflow has been detected. Some records have been dropped
========= 
========= Warning: Error buffer overflow has been detected. Some records have been dropped
========= 
========= Warning: Error buffer overflow has been detected. Some records have been dropped
========= 
========= Warning: Error buffer overflow has been detected. Some records have been dropped
========= 
========= Warning: Error buffer overflow has been detected. Some records have been dropped
========= 
========= Warning: Error buffer overflow has been detected. Some records have been dropped
========= 
========= Warning: Error buffer overflow has been detected. Some records have been dropped
========= 
========= Warning: Error buffer overflow has been detected. Some records have been dropped
========= 
========= Warning: Error buffer overflow has been detected. Some records have been dropped
========= 
========= Warning: Error buffer overflow has been detected. Some records have been dropped
========= 
========= Warning: Error buffer overflow has been detected. Some records have been dropped
========= 
========= Warning: Error buffer overflow has been detected. Some records have been dropped
========= 
========= Warning: Error buffer overflow has been detected. Some records have been dropped
========= 
========= Warning: Error buffer overflow has been detected. Some records have been dropped
========= 
========= Warning: Error buffer overflow has been detected. Some records have been dropped
========= 
========= Warning: Error buffer overflow has been detected. Some records have been dropped
========= 
========= Warning: Error buffer overflow has been detected. Some records have been dropped
========= 
========= Warning: Error buffer overflow has been detected. Some records have been dropped
========= 
========= Warning: Error buffer overflow has been detected. Some records have been dropped
========= 
========= Warning: Error buffer overflow has been detected. Some records have been dropped
========= 
========= Warning: Error buffer overflow has been detected. Some records have been dropped
========= 
========= Warning: Error buffer overflow has been detected. Some records have been dropped
========= 
========= Warning: Error buffer overflow has been detected. Some records have been dropped
========= 
========= Warning: Error buffer overflow has been detected. Some records have been dropped
========= 
========= Warning: Error buffer overflow has been detected. Some records have been dropped
========= 
========= Warning: Error buffer overflow has been detected. Some records have been dropped
========= 
========= Warning: Error buffer overflow has been detected. Some records have been dropped
========= 
========= Warning: Error buffer overflow has been detected. Some records have been dropped
========= 
========= Warning: Error buffer overflow has been detected. Some records have been dropped
========= 
========= Warning: Error buffer overflow has been detected. Some records have been dropped
========= 
========= Warning: Error buffer overflow has been detected. Some records have been dropped
========= 
========= Warning: Error buffer overflow has been detected. Some records have been dropped
========= 
========= Warning: Error buffer overflow has been detected. Some records have been dropped
========= 
========= Warning: Error buffer overflow has been detected. Some records have been dropped
========= 
========= Warning: Error buffer overflow has been detected. Some records have been dropped
========= 
========= Warning: Error buffer overflow has been detected. Some records have been dropped
========= 
========= Warning: Error buffer overflow has been detected. Some records have been dropped
========= 
========= Warning: Error buffer overflow has been detected. Some records have been dropped
========= 
========= Warning: Error buffer overflow has been detected. Some records have been dropped
========= 
========= Warning: Error buffer overflow has been detected. Some records have been dropped
========= 
========= Warning: Error buffer overflow has been detected. Some records have been dropped
========= 
========= Warning: Error buffer overflow has been detected. Some records have been dropped
========= 
========= Warning: Error buffer overflow has been detected. Some records have been dropped
========= 
========= Warning: Error buffer overflow has been detected. Some records have been dropped
========= 
========= Warning: Error buffer overflow has been detected. Some records have been dropped
========= 
========= Warning: Error buffer overflow has been detected. Some records have been dropped
========= 
========= Warning: Error buffer overflow has been detected. Some records have been dropped
========= 
========= Warning: Error buffer overflow has been detected. Some records have been dropped
========= 
========= Warning: Error buffer overflow has been detected. Some records have been dropped
========= 
========= Warning: Error buffer overflow has been detected. Some records have been dropped
========= 
========= Warning: Error buffer overflow has been detected. Some records have been dropped
========= 
========= Warning: Error buffer overflow has been detected. Some records have been dropped
========= 
========= Warning: Error buffer overflow has been detected. Some records have been dropped
========= 
========= Warning: Error buffer overflow has been detected. Some records have been dropped
========= 
========= Warning: Error buffer overflow has been detected. Some records have been dropped
========= 
========= Warning: Error buffer overflow has been detected. Some records have been dropped
========= 
========= Warning: Error buffer overflow has been detected. Some records have been dropped
========= 
========= Warning: Error buffer overflow has been detected. Some records have been dropped
========= 
========= Warning: Error buffer overflow has been detected. Some records have been dropped
========= 
========= Warning: Error buffer overflow has been detected. Some records have been dropped
========= 
========= Warning: Error buffer overflow has been detected. Some records have been dropped
========= 
========= Warning: Error buffer overflow has been detected. Some records have been dropped
========= 
========= Warning: Error buffer overflow has been detected. Some records have been dropped
========= 
========= Warning: Error buffer overflow has been detected. Some records have been dropped
========= 
========= Warning: Error buffer overflow has been detected. Some records have been dropped
========= 
========= Warning: Error buffer overflow has been detected. Some records have been dropped
========= 
========= Warning: Error buffer overflow has been detected. Some records have been dropped
========= 
========= Warning: Error buffer overflow has been detected. Some records have been dropped
========= 
========= Warning: Error buffer overflow has been detected. Some records have been dropped
========= 
========= Warning: Error buffer overflow has been detected. Some records have been dropped
========= 
========= Warning: Error buffer overflow has been detected. Some records have been dropped
========= 
========= Warning: Error buffer overflow has been detected. Some records have been dropped
========= 
========= Warning: Error buffer overflow has been detected. Some records have been dropped
========= 
========= Warning: Error buffer overflow has been detected. Some records have been dropped
========= 
========= Warning: Error buffer overflow has been detected. Some records have been dropped
========= 
========= Warning: Error buffer overflow has been detected. Some records have been dropped
========= 
========= Warning: Error buffer overflow has been detected. Some records have been dropped
========= 
========= Warning: Error buffer overflow has been detected. Some records have been dropped
========= 
========= Warning: Error buffer overflow has been detected. Some records have been dropped
========= 
========= Warning: Error buffer overflow has been detected. Some records have been dropped
========= 
========= Warning: Error buffer overflow has been detected. Some records have been dropped
========= 
========= Warning: Error buffer overflow has been detected. Some records have been dropped
========= 
========= Warning: Error buffer overflow has been detected. Some records have been dropped
========= 
========= Warning: Error buffer overflow has been detected. Some records have been dropped
========= 
========= Warning: Error buffer overflow has been detected. Some records have been dropped
========= 
========= Warning: Error buffer overflow has been detected. Some records have been dropped
========= 
========= Warning: Error buffer overflow has been detected. Some records have been dropped
========= 
========= Warning: Error buffer overflow has been detected. Some records have been dropped
========= 
========= Warning: Error buffer overflow has been detected. Some records have been dropped
========= 
========= Warning: Error buffer overflow has been detected. Some records have been dropped
========= 
========= Warning: Error buffer overflow has been detected. Some records have been dropped
========= 
========= Warning: Error buffer overflow has been detected. Some records have been dropped
========= 
========= Warning: Error buffer overflow has been detected. Some records have been dropped
========= 
========= Warning: Error buffer overflow has been detected. Some records have been dropped
========= 
========= Warning: Error buffer overflow has been detected. Some records have been dropped
========= 
========= Warning: Error buffer overflow has been detected. Some records have been dropped
========= 
========= Warning: Error buffer overflow has been detected. Some records have been dropped
========= 
========= Warning: Error buffer overflow has been detected. Some records have been dropped
========= 
========= Warning: Error buffer overflow has been detected. Some records have been dropped
========= 
========= Warning: Error buffer overflow has been detected. Some records have been dropped
========= 
========= Warning: Error buffer overflow has been detected. Some records have been dropped
========= 
========= Warning: Error buffer overflow has been detected. Some records have been dropped
========= 
========= Warning: Error buffer overflow has been detected. Some records have been dropped
========= 
========= Warning: Error buffer overflow has been detected. Some records have been dropped
========= 
========= Warning: Error buffer overflow has been detected. Some records have been dropped
========= 
========= Warning: Error buffer overflow has been detected. Some records have been dropped
========= 
========= Warning: Error buffer overflow has been detected. Some records have been dropped
========= 
========= Warning: Error buffer overflow has been detected. Some records have been dropped
========= 
========= Warning: Error buffer overflow has been detected. Some records have been dropped
========= 
========= Warning: Error buffer overflow has been detected. Some records have been dropped
========= 
========= Warning: Error buffer overflow has been detected. Some records have been dropped
========= 
========= Warning: Error buffer overflow has been detected. Some records have been dropped
========= 
========= Warning: Error buffer overflow has been detected. Some records have been dropped
========= 
========= Warning: Error buffer overflow has been detected. Some records have been dropped
========= 
========= Warning: Error buffer overflow has been detected. Some records have been dropped
========= 
========= Warning: Error buffer overflow has been detected. Some records have been dropped
========= 
========= Warning: Error buffer overflow has been detected. Some records have been dropped
========= 
========= Warning: Error buffer overflow has been detected. Some records have been dropped
========= 
========= Warning: Error buffer overflow has been detected. Some records have been dropped
========= 
========= Warning: Error buffer overflow has been detected. Some records have been dropped
========= 
========= Warning: Error buffer overflow has been detected. Some records have been dropped
========= 
========= Warning: Error buffer overflow has been detected. Some records have been dropped
========= 
========= Warning: Error buffer overflow has been detected. Some records have been dropped
========= 
========= Warning: Error buffer overflow has been detected. Some records have been dropped
========= 
========= Warning: Error buffer overflow has been detected. Some records have been dropped
========= 
========= Warning: Error buffer overflow has been detected. Some records have been dropped
========= 
========= Warning: Error buffer overflow has been detected. Some records have been dropped
========= 
========= Warning: Error buffer overflow has been detected. Some records have been dropped
========= 
========= Warning: Error buffer overflow has been detected. Some records have been dropped
========= 
========= Warning: Error buffer overflow has been detected. Some records have been dropped
========= 
========= Warning: Error buffer overflow has been detected. Some records have been dropped
========= 
========= Warning: Error buffer overflow has been detected. Some records have been dropped
========= 
========= Warning: Error buffer overflow has been detected. Some records have been dropped
========= 
========= Warning: Error buffer overflow has been detected. Some records have been dropped
========= 
========= Warning: Error buffer overflow has been detected. Some records have been dropped
========= 
========= Warning: Error buffer overflow has been detected. Some records have been dropped
========= 
========= Warning: Error buffer overflow has been detected. Some records have been dropped
========= 
========= Warning: Error buffer overflow has been detected. Some records have been dropped
========= 
========= Warning: Error buffer overflow has been detected. Some records have been dropped
========= 
========= Warning: Error buffer overflow has been detected. Some records have been dropped
========= 
========= Warning: Error buffer overflow has been detected. Some records have been dropped
========= 
========= Warning: Error buffer overflow has been detected. Some records have been dropped
========= 
========= Warning: Error buffer overflow has been detected. Some records have been dropped
========= 
========= Warning: Error buffer overflow has been detected. Some records have been dropped
========= 
========= Warning: Error buffer overflow has been detected. Some records have been dropped
========= 
========= Warning: Error buffer overflow has been detected. Some records have been dropped
========= 
========= Warning: Error buffer overflow has been detected. Some records have been dropped
========= 
========= Warning: Error buffer overflow has been detected. Some records have been dropped
========= 
========= Warning: Error buffer overflow has been detected. Some records have been dropped
========= 
========= Warning: Error buffer overflow has been detected. Some records have been dropped
========= 
========= Warning: Error buffer overflow has been detected. Some records have been dropped
========= 
========= Warning: Error buffer overflow has been detected. Some records have been dropped
========= 
========= Warning: Error buffer overflow has been detected. Some records have been dropped
========= 
========= Warning: Error buffer overflow has been detected. Some records have been dropped
========= 
========= Warning: Error buffer overflow has been detected. Some records have been dropped
========= 
========= Warning: Error buffer overflow has been detected. Some records have been dropped
========= 
========= Warning: Error buffer overflow has been detected. Some records have been dropped
========= 
========= Warning: Error buffer overflow has been detected. Some records have been dropped
========= 
========= Warning: Error buffer overflow has been detected. Some records have been dropped
========= 
========= Warning: Error buffer overflow has been detected. Some records have been dropped
========= 
========= Warning: Error buffer overflow has been detected. Some records have been dropped
========= 
========= Warning: Error buffer overflow has been detected. Some records have been dropped
========= 
========= Warning: Error buffer overflow has been detected. Some records have been dropped
========= 
========= Warning: Error buffer overflow has been detected. Some records have been dropped
========= 
========= Warning: Error buffer overflow has been detected. Some records have been dropped
========= 
========= Warning: Error buffer overflow has been detected. Some records have been dropped
========= 
========= Warning: Error buffer overflow has been detected. Some records have been dropped
========= 
========= Warning: Error buffer overflow has been detected. Some records have been dropped
========= 
========= Warning: Error buffer overflow has been detected. Some records have been dropped
========= 
========= Warning: Error buffer overflow has been detected. Some records have been dropped
========= 
========= Warning: Error buffer overflow has been detected. Some records have been dropped
========= 
========= Warning: Error buffer overflow has been detected. Some records have been dropped
========= 
========= Warning: Error buffer overflow has been detected. Some records have been dropped
========= 
========= Warning: Error buffer overflow has been detected. Some records have been dropped
========= 
========= Warning: Error buffer overflow has been detected. Some records have been dropped
========= 
========= Warning: Error buffer overflow has been detected. Some records have been dropped
========= 
========= Warning: Error buffer overflow has been detected. Some records have been dropped
========= 
========= Warning: Error buffer overflow has been detected. Some records have been dropped
========= 
========= Warning: Error buffer overflow has been detected. Some records have been dropped
========= 
========= Warning: Error buffer overflow has been detected. Some records have been dropped
========= 
========= Warning: Error buffer overflow has been detected. Some records have been dropped
========= 
========= Warning: Error buffer overflow has been detected. Some records have been dropped
========= 
========= Warning: Error buffer overflow has been detected. Some records have been dropped
========= 
========= Warning: Error buffer overflow has been detected. Some records have been dropped
========= 
========= Warning: Error buffer overflow has been detected. Some records have been dropped
========= 
========= Warning: Error buffer overflow has been detected. Some records have been dropped
========= 
========= Warning: Error buffer overflow has been detected. Some records have been dropped
========= 
========= Warning: Error buffer overflow has been detected. Some records have been dropped
========= 
========= Warning: Error buffer overflow has been detected. Some records have been dropped
========= 
========= Warning: Error buffer overflow has been detected. Some records have been dropped
========= 
========= Warning: Error buffer overflow has been detected. Some records have been dropped
========= 
========= Warning: Error buffer overflow has been detected. Some records have been dropped
========= 
========= Warning: Error buffer overflow has been detected. Some records have been dropped
========= 
========= Warning: Error buffer overflow has been detected. Some records have been dropped
========= 
========= Warning: Error buffer overflow has been detected. Some records have been dropped
========= 
========= Warning: Error buffer overflow has been detected. Some records have been dropped
========= 
========= Warning: Error buffer overflow has been detected. Some records have been dropped
========= 
========= Warning: Error buffer overflow has been detected. Some records have been dropped
========= 
========= Warning: Error buffer overflow has been detected. Some records have been dropped
========= 
========= Warning: Error buffer overflow has been detected. Some records have been dropped
========= 
========= Warning: Error buffer overflow has been detected. Some records have been dropped
========= 
========= Warning: Error buffer overflow has been detected. Some records have been dropped
========= 
========= Warning: Error buffer overflow has been detected. Some records have been dropped
========= 
========= Warning: Error buffer overflow has been detected. Some records have been dropped
========= 
========= Warning: Error buffer overflow has been detected. Some records have been dropped
========= 
========= Warning: Error buffer overflow has been detected. Some records have been dropped
========= 
========= Warning: Error buffer overflow has been detected. Some records have been dropped
========= 
========= Warning: Error buffer overflow has been detected. Some records have been dropped
========= 
========= Warning: Error buffer overflow has been detected. Some records have been dropped
========= 
========= Warning: Error buffer overflow has been detected. Some records have been dropped
========= 
========= Warning: Error buffer overflow has been detected. Some records have been dropped
========= 
========= Warning: Error buffer overflow has been detected. Some records have been dropped
========= 
========= Warning: Error buffer overflow has been detected. Some records have been dropped
========= 
========= Warning: Error buffer overflow has been detected. Some records have been dropped
========= 
========= Warning: Error buffer overflow has been detected. Some records have been dropped
========= 
========= Warning: Error buffer overflow has been detected. Some records have been dropped
========= 
========= Warning: Error buffer overflow has been detected. Some records have been dropped
========= 
========= Warning: Error buffer overflow has been detected. Some records have been dropped
========= 
========= Warning: Error buffer overflow has been detected. Some records have been dropped
========= 
========= Warning: Error buffer overflow has been detected. Some records have been dropped
========= 
========= Warning: Error buffer overflow has been detected. Some records have been dropped
========= 
========= Warning: Error buffer overflow has been detected. Some records have been dropped
========= 
========= Warning: Error buffer overflow has been detected. Some records have been dropped
========= 
========= Warning: Error buffer overflow has been detected. Some records have been dropped
========= 
========= Warning: Error buffer overflow has been detected. Some records have been dropped
========= 
========= Warning: Error buffer overflow has been detected. Some records have been dropped
========= 
========= Warning: Error buffer overflow has been detected. Some records have been dropped
========= 
========= Warning: Error buffer overflow has been detected. Some records have been dropped
========= 
========= Warning: Error buffer overflow has been detected. Some records have been dropped
========= 
========= Warning: Error buffer overflow has been detected. Some records have been dropped
========= 
========= Warning: Error buffer overflow has been detected. Some records have been dropped
========= 
========= Warning: Error buffer overflow has been detected. Some records have been dropped
========= 
========= Warning: Error buffer overflow has been detected. Some records have been dropped
========= 
========= Warning: Error buffer overflow has been detected. Some records have been dropped
========= 
========= Warning: Error buffer overflow has been detected. Some records have been dropped
========= 
========= Warning: Error buffer overflow has been detected. Some records have been dropped
========= 
========= Warning: Error buffer overflow has been detected. Some records have been dropped
========= 
========= Warning: Error buffer overflow has been detected. Some records have been dropped
========= 
========= Warning: Error buffer overflow has been detected. Some records have been dropped
========= 
========= Warning: Error buffer overflow has been detected. Some records have been dropped
========= 
========= Warning: Error buffer overflow has been detected. Some records have been dropped
========= 
========= Warning: Error buffer overflow has been detected. Some records have been dropped
========= 
========= Warning: Error buffer overflow has been detected. Some records have been dropped
========= 
========= Warning: Error buffer overflow has been detected. Some records have been dropped
========= 
========= Warning: Error buffer overflow has been detected. Some records have been dropped
========= 
========= Warning: Error buffer overflow has been detected. Some records have been dropped
========= 
========= Warning: Error buffer overflow has been detected. Some records have been dropped
========= 
========= Warning: Error buffer overflow has been detected. Some records have been dropped
========= 
========= Warning: Error buffer overflow has been detected. Some records have been dropped
========= 
========= Warning: Error buffer overflow has been detected. Some records have been dropped
========= 
========= Warning: Error buffer overflow has been detected. Some records have been dropped
========= 
========= Warning: Error buffer overflow has been detected. Some records have been dropped
========= 
========= Warning: Error buffer overflow has been detected. Some records have been dropped
========= 
========= Warning: Error buffer overflow has been detected. Some records have been dropped
========= 
========= Warning: Error buffer overflow has been detected. Some records have been dropped
========= 
========= Warning: Error buffer overflow has been detected. Some records have been dropped
========= 
========= Warning: Error buffer overflow has been detected. Some records have been dropped
========= 
========= Warning: Error buffer overflow has been detected. Some records have been dropped
========= 
========= Warning: Error buffer overflow has been detected. Some records have been dropped
========= 
========= Warning: Error buffer overflow has been detected. Some records have been dropped
========= 
========= Warning: Error buffer overflow has been detected. Some records have been dropped
========= 
========= Warning: Error buffer overflow has been detected. Some records have been dropped
========= 
========= Warning: Error buffer overflow has been detected. Some records have been dropped
========= 
========= Warning: Error buffer overflow has been detected. Some records have been dropped
========= 
========= Warning: Error buffer overflow has been detected. Some records have been dropped
========= 
========= Warning: Error buffer overflow has been detected. Some records have been dropped
========= 
========= Warning: Error buffer overflow has been detected. Some records have been dropped
========= 
========= Warning: Error buffer overflow has been detected. Some records have been dropped
========= 
========= Warning: Error buffer overflow has been detected. Some records have been dropped
========= 
========= Warning: Error buffer overflow has been detected. Some records have been dropped
========= 
========= Warning: Error buffer overflow has been detected. Some records have been dropped
========= 
========= Warning: Error buffer overflow has been detected. Some records have been dropped
========= 
========= Warning: Error buffer overflow has been detected. Some records have been dropped
========= 
========= Warning: Error buffer overflow has been detected. Some records have been dropped
========= 
========= Warning: Error buffer overflow has been detected. Some records have been dropped
========= 
========= Warning: Error buffer overflow has been detected. Some records have been dropped
========= 
========= Warning: Error buffer overflow has been detected. Some records have been dropped
========= 
========= Warning: Error buffer overflow has been detected. Some records have been dropped
========= 
========= Warning: Error buffer overflow has been detected. Some records have been dropped
========= 
========= Warning: Error buffer overflow has been detected. Some records have been dropped
========= 
========= Warning: Error buffer overflow has been detected. Some records have been dropped
========= 
========= Warning: Error buffer overflow has been detected. Some records have been dropped
========= 
========= Warning: Error buffer overflow has been detected. Some records have been dropped
========= 
========= Warning: Error buffer overflow has been detected. Some records have been dropped
========= 
========= Warning: Error buffer overflow has been detected. Some records have been dropped
========= 
========= Warning: Error buffer overflow has been detected. Some records have been dropped
========= 
========= Warning: Error buffer overflow has been detected. Some records have been dropped
========= 
========= Warning: Error buffer overflow has been detected. Some records have been dropped
========= 
========= Warning: Error buffer overflow has been detected. Some records have been dropped
========= 
========= Warning: Error buffer overflow has been detected. Some records have been dropped
========= 
========= Warning: Error buffer overflow has been detected. Some records have been dropped
========= 
========= Warning: Error buffer overflow has been detected. Some records have been dropped
========= 
========= Warning: Error buffer overflow has been detected. Some records have been dropped
========= 
========= Warning: Error buffer overflow has been detected. Some records have been dropped
========= 
========= Warning: Error buffer overflow has been detected. Some records have been dropped
========= 
========= Warning: Error buffer overflow has been detected. Some records have been dropped
========= 
========= Warning: Error buffer overflow has been detected. Some records have been dropped
========= 
========= Warning: Error buffer overflow has been detected. Some records have been dropped
========= 
========= Warning: Error buffer overflow has been detected. Some records have been dropped
========= 
========= Warning: Error buffer overflow has been detected. Some records have been dropped
========= 
========= Warning: Error buffer overflow has been detected. Some records have been dropped
========= 
========= Warning: Error buffer overflow has been detected. Some records have been dropped
========= 
========= Warning: Error buffer overflow has been detected. Some records have been dropped
========= 
========= Warning: Error buffer overflow has been detected. Some records have been dropped
========= 
========= Warning: Error buffer overflow has been detected. Some records have been dropped
========= 
========= Warning: Error buffer overflow has been detected. Some records have been dropped
========= 
========= Warning: Error buffer overflow has been detected. Some records have been dropped
========= 
========= Warning: Error buffer overflow has been detected. Some records have been dropped
========= 
========= Warning: Error buffer overflow has been detected. Some records have been dropped
========= 
========= Warning: Error buffer overflow has been detected. Some records have been dropped
========= 
========= Warning: Error buffer overflow has been detected. Some records have been dropped
========= 
========= Warning: Error buffer overflow has been detected. Some records have been dropped
========= 
========= Warning: Error buffer overflow has been detected. Some records have been dropped
========= 
========= Warning: Error buffer overflow has been detected. Some records have been dropped
========= 
========= Warning: Error buffer overflow has been detected. Some records have been dropped
========= 
========= Warning: Error buffer overflow has been detected. Some records have been dropped
========= 
========= Warning: Error buffer overflow has been detected. Some records have been dropped
========= 
========= Warning: Error buffer overflow has been detected. Some records have been dropped
========= 
========= Warning: Error buffer overflow has been detected. Some records have been dropped
========= 
========= Warning: Error buffer overflow has been detected. Some records have been dropped
========= 
========= Warning: Error buffer overflow has been detected. Some records have been dropped
========= 
========= Warning: Error buffer overflow has been detected. Some records have been dropped
========= 
========= Warning: Error buffer overflow has been detected. Some records have been dropped
========= 
========= Warning: Error buffer overflow has been detected. Some records have been dropped
========= 
========= Warning: Error buffer overflow has been detected. Some records have been dropped
========= 
========= Warning: Error buffer overflow has been detected. Some records have been dropped
========= 
========= Warning: Error buffer overflow has been detected. Some records have been dropped
========= 
========= Warning: Error buffer overflow has been detected. Some records have been dropped
========= 
========= Warning: Error buffer overflow has been detected. Some records have been dropped
========= 
========= Warning: Error buffer overflow has been detected. Some records have been dropped
========= 
========= Warning: Error buffer overflow has been detected. Some records have been dropped
========= 
========= Warning: Error buffer overflow has been detected. Some records have been dropped
========= 
========= Warning: Error buffer overflow has been detected. Some records have been dropped
========= 
========= Warning: Error buffer overflow has been detected. Some records have been dropped
========= 
========= Warning: Error buffer overflow has been detected. Some records have been dropped
========= 
========= Warning: Error buffer overflow has been detected. Some records have been dropped
========= 
========= Warning: Error buffer overflow has been detected. Some records have been dropped
========= 
========= Warning: Error buffer overflow has been detected. Some records have been dropped
========= 
========= Warning: Error buffer overflow has been detected. Some records have been dropped
========= 
========= Warning: Error buffer overflow has been detected. Some records have been dropped
========= 
========= Warning: Error buffer overflow has been detected. Some records have been dropped
========= 
========= Warning: Error buffer overflow has been detected. Some records have been dropped
========= 
========= Warning: Error buffer overflow has been detected. Some records have been dropped
========= 
========= Warning: Error buffer overflow has been detected. Some records have been dropped
========= 
========= Warning: Error buffer overflow has been detected. Some records have been dropped
========= 
========= Warning: Error buffer overflow has been detected. Some records have been dropped
========= 
========= Warning: Error buffer overflow has been detected. Some records have been dropped
========= 
========= Warning: Error buffer overflow has been detected. Some records have been dropped
========= 
========= Warning: Error buffer overflow has been detected. Some records have been dropped
========= 
========= Warning: Error buffer overflow has been detected. Some records have been dropped
========= 
========= Warning: Error buffer overflow has been detected. Some records have been dropped
========= 
========= Warning: Error buffer overflow has been detected. Some records have been dropped
========= 
========= Warning: Error buffer overflow has been detected. Some records have been dropped
========= 
========= Warning: Error buffer overflow has been detected. Some records have been dropped
========= 
========= Warning: Error buffer overflow has been detected. Some records have been dropped
========= 
========= Warning: Error buffer overflow has been detected. Some records have been dropped
========= 
========= Warning: Error buffer overflow has been detected. Some records have been dropped
========= 
========= Warning: Error buffer overflow has been detected. Some records have been dropped
========= 
========= Warning: Error buffer overflow has been detected. Some records have been dropped
========= 
========= Warning: Error buffer overflow has been detected. Some records have been dropped
========= 
========= Warning: Error buffer overflow has been detected. Some records have been dropped
========= 
========= Warning: Error buffer overflow has been detected. Some records have been dropped
========= 
========= Warning: Error buffer overflow has been detected. Some records have been dropped
========= 
========= Warning: Error buffer overflow has been detected. Some records have been dropped
========= 
========= Warning: Error buffer overflow has been detected. Some records have been dropped
========= 
========= Warning: Error buffer overflow has been detected. Some records have been dropped
========= 
========= Warning: Error buffer overflow has been detected. Some records have been dropped
========= 
========= Warning: Error buffer overflow has been detected. Some records have been dropped
========= 
========= Warning: Error buffer overflow has been detected. Some records have been dropped
========= 
========= Warning: Error buffer overflow has been detected. Some records have been dropped
========= 
========= Warning: Error buffer overflow has been detected. Some records have been dropped
========= 
========= Warning: Error buffer overflow has been detected. Some records have been dropped
========= 
========= Warning: Error buffer overflow has been detected. Some records have been dropped
========= 
========= Warning: Error buffer overflow has been detected. Some records have been dropped
========= 
========= Warning: Error buffer overflow has been detected. Some records have been dropped
========= 
========= Warning: Error buffer overflow has been detected. Some records have been dropped
========= 
========= Warning: Error buffer overflow has been detected. Some records have been dropped
========= 
========= Warning: Error buffer overflow has been detected. Some records have been dropped
========= 
========= Warning: Error buffer overflow has been detected. Some records have been dropped
========= 
========= Warning: Error buffer overflow has been detected. Some records have been dropped
========= 
========= Warning: Error buffer overflow has been detected. Some records have been dropped
========= 
========= Warning: Error buffer overflow has been detected. Some records have been dropped
========= 
========= Warning: Error buffer overflow has been detected. Some records have been dropped
========= 
========= Warning: Error buffer overflow has been detected. Some records have been dropped
========= 
========= Warning: Error buffer overflow has been detected. Some records have been dropped
========= 
========= Warning: Error buffer overflow has been detected. Some records have been dropped
========= 
========= Warning: Error buffer overflow has been detected. Some records have been dropped
========= 
========= Warning: Error buffer overflow has been detected. Some records have been dropped
========= 
========= Warning: Error buffer overflow has been detected. Some records have been dropped
========= 
========= Warning: Error buffer overflow has been detected. Some records have been dropped
========= 
========= Warning: Error buffer overflow has been detected. Some records have been dropped
========= 
========= Warning: Error buffer overflow has been detected. Some records have been dropped
========= 
========= Warning: Error buffer overflow has been detected. Some records have been dropped
========= 
========= Warning: Error buffer overflow has been detected. Some records have been dropped
========= 
========= Warning: Error buffer overflow has been detected. Some records have been dropped
========= 
========= Warning: Error buffer overflow has been detected. Some records have been dropped
========= 
========= Warning: Error buffer overflow has been detected. Some records have been dropped
========= 
========= Warning: Error buffer overflow has been detected. Some records have been dropped
========= 
========= Warning: Error buffer overflow has been detected. Some records have been dropped
========= 
========= Warning: Error buffer overflow has been detected. Some records have been dropped
========= 
========= Warning: Error buffer overflow has been detected. Some records have been dropped
========= 
========= Warning: Error buffer overflow has been detected. Some records have been dropped
========= 
========= Warning: Error buffer overflow has been detected. Some records have been dropped
========= 
========= Warning: Error buffer overflow has been detected. Some records have been dropped
========= 
========= Warning: Error buffer overflow has been detected. Some records have been dropped
========= 
========= Warning: Error buffer overflow has been detected. Some records have been dropped
========= 
========= Warning: Error buffer overflow has been detected. Some records have been dropped
========= 
========= Warning: Error buffer overflow has been detected. Some records have been dropped
========= 
========= Warning: Error buffer overflow has been detected. Some records have been dropped
========= 
========= Warning: Error buffer overflow has been detected. Some records have been dropped
========= 
========= Warning: Error buffer overflow has been detected. Some records have been dropped
========= 
========= Warning: Error buffer overflow has been detected. Some records have been dropped
========= 
========= Warning: Error buffer overflow has been detected. Some records have been dropped
========= 
========= Warning: Error buffer overflow has been detected. Some records have been dropped
========= 
========= Warning: Error buffer overflow has been detected. Some records have been dropped
========= 
========= Warning: Error buffer overflow has been detected. Some records have been dropped
========= 
========= Warning: Error buffer overflow has been detected. Some records have been dropped
========= 
========= Warning: Error buffer overflow has been detected. Some records have been dropped
========= 
========= Warning: Error buffer overflow has been detected. Some records have been dropped
========= 
========= Warning: Error buffer overflow has been detected. Some records have been dropped
========= 
========= Warning: Error buffer overflow has been detected. Some records have been dropped
========= 
========= Warning: Error buffer overflow has been detected. Some records have been dropped
========= 
========= Warning: Error buffer overflow has been detected. Some records have been dropped
========= 
========= Warning: Error buffer overflow has been detected. Some records have been dropped
========= 
========= Warning: Error buffer overflow has been detected. Some records have been dropped
========= 
========= Warning: Error buffer overflow has been detected. Some records have been dropped
========= 
========= Warning: Error buffer overflow has been detected. Some records have been dropped
========= 
========= Warning: Error buffer overflow has been detected. Some records have been dropped
========= 
========= Warning: Error buffer overflow has been detected. Some records have been dropped
========= 
========= Warning: Error buffer overflow has been detected. Some records have been dropped
========= 
========= Warning: Error buffer overflow has been detected. Some records have been dropped
========= 
========= Warning: Error buffer overflow has been detected. Some records have been dropped
========= 
========= Warning: Error buffer overflow has been detected. Some records have been dropped
========= 
========= Warning: Error buffer overflow has been detected. Some records have been dropped
========= 
========= Warning: Error buffer overflow has been detected. Some records have been dropped
========= 
========= Warning: Error buffer overflow has been detected. Some records have been dropped
========= 
========= Warning: Error buffer overflow has been detected. Some records have been dropped
========= 
========= Warning: Error buffer overflow has been detected. Some records have been dropped
========= 
========= Warning: Error buffer overflow has been detected. Some records have been dropped
========= 
========= Warning: Error buffer overflow has been detected. Some records have been dropped
========= 
========= Warning: Error buffer overflow has been detected. Some records have been dropped
========= 
========= Warning: Error buffer overflow has been detected. Some records have been dropped
========= 
========= Warning: Error buffer overflow has been detected. Some records have been dropped
========= 
========= Warning: Error buffer overflow has been detected. Some records have been dropped
========= 
========= Warning: Error buffer overflow has been detected. Some records have been dropped
========= 
========= Warning: Error buffer overflow has been detected. Some records have been dropped
========= 
========= Warning: Error buffer overflow has been detected. Some records have been dropped
========= 
========= Warning: Error buffer overflow has been detected. Some records have been dropped
========= 
========= Warning: Error buffer overflow has been detected. Some records have been dropped
========= 
========= Warning: Error buffer overflow has been detected. Some records have been dropped
========= 
========= Warning: Error buffer overflow has been detected. Some records have been dropped
========= 
========= Warning: Error buffer overflow has been detected. Some records have been dropped
========= 
========= Warning: Error buffer overflow has been detected. Some records have been dropped
========= 
========= Warning: Error buffer overflow has been detected. Some records have been dropped
========= 
========= Warning: Error buffer overflow has been detected. Some records have been dropped
========= 
========= Warning: Error buffer overflow has been detected. Some records have been dropped
========= 
========= Warning: Error buffer overflow has been detected. Some records have been dropped
========= 
========= Warning: Error buffer overflow has been detected. Some records have been dropped
========= 
========= Warning: Error buffer overflow has been detected. Some records have been dropped
========= 
========= Warning: Error buffer overflow has been detected. Some records have been dropped
========= 
========= Warning: Error buffer overflow has been detected. Some records have been dropped
========= 
========= Warning: Error buffer overflow has been detected. Some records have been dropped
========= 
========= Warning: Error buffer overflow has been detected. Some records have been dropped
========= 
========= Warning: Error buffer overflow has been detected. Some records have been dropped
========= 
========= Warning: Error buffer overflow has been detected. Some records have been dropped
========= 
========= Warning: Error buffer overflow has been detected. Some records have been dropped
========= 
========= Warning: Error buffer overflow has been detected. Some records have been dropped
========= 
========= Warning: Error buffer overflow has been detected. Some records have been dropped
========= 
========= Warning: Error buffer overflow has been detected. Some records have been dropped
========= 
========= Warning: Error buffer overflow has been detected. Some records have been dropped
========= 
========= Warning: Error buffer overflow has been detected. Some records have been dropped
========= 
========= Warning: Error buffer overflow has been detected. Some records have been dropped
========= 
========= Warning: Error buffer overflow has been detected. Some records have been dropped
========= 
========= Warning: Error buffer overflow has been detected. Some records have been dropped
========= 
========= ERROR SUMMARY: 290910 errors
========= ERROR SUMMARY: 289750 errors were not printed. Use --print-limit option to adjust the number of printed errors
========= 
========= 53032532 errors were skipped (error buffer overflow).
rc=0
