========= COMPUTE-SANITIZER
========= Uninitialized __global__ memory read of size 16 bytes
=========     at void flash_fwd_kernel<Flash_fwd_kernel_traits<(int)64, (int)128, (int)128, (int)4, (bool)0, (bool)0, cutlass::half_t, Flash_kernel_traits<(int)64, (int)128, (int)128, (int)4, cutlass::half_t>>, (bool)0, (bool)0, (bool)0, (bool)0, (bool)1, (bool)0>(Flash_fwd_params)+0xa10
=========     by thread (96,0,0) in block (2,0,6)
=========     Address 0xe27491900
========= 
========= Uninitialized __global__ memory read of size 16 bytes
=========     at void flash_fwd_kernel<Flash_fwd_kernel_traits<(int)64, (int)128, (int)128, (int)4, (bool)0, (bool)0, cutlass::half_t, Flash_kernel_traits<(int)64, (int)128, (int)128, (int)4, cutlass::half_t>>, (bool)0, (bool)0, (bool)0, (bool)0, (bool)1, (bool)0>(Flash_fwd_params)+0xa10
=========     by thread (97,0,0) in block (2,0,6)
=========     Address 0xe27491910
========= 
========= Uninitialized __global__ memory read of size 16 bytes
=========     at void flash_fwd_kernel<Flash_fwd_kernel_traits<(int)64, (int)128, (int)128, (int)4, (bool)0, (bool)0, cutlass::half_t, Flash_kernel_traits<(int)64, (int)128, (int)128, (int)4, cutlass::half_t>>, (bool)0, (bool)0, (bool)0, (bool)0, (bool)1, (bool)0>(Flash_fwd_params)+0xa10
=========     by thread (98,0,0) in block (2,0,6)
=========     Address 0xe27491920
========= 
========= Uninitialized __global__ memory read of size 16 bytes
=========     at void flash_fwd_kernel<Flash_fwd_kernel_traits<(int)64, (int)128, (int)128, (int)4, (bool)0, (bool)0, cutlass::half_t, Flash_kernel_traits<(int)64, (int)128, (int)128, (int)4, cutlass::half_t>>, (bool)0, (bool)0, (bool)0, (bool)0, (bool)1, (bool)0>(Flash_fwd_params)+0xa10
=========     by thread (99,0,0) in block (2,0,6)
=========     Address 0xe27491930
========= 
========= Uninitialized __global__ memory read of size 16 bytes
=========     at void flash_fwd_kernel<Flash_fwd_kernel_traits<(int)64, (int)128, (int)128, (int)4, (bool)0, (bool)0, cutlass::half_t, Flash_kernel_traits<(int)64, (int)128, (int)128, (int)4, cutlass::half_t>>, (bool)0, (bool)0, (bool)0, (bool)0, (bool)1, (bool)0>(Flash_fwd_params)+0xa10
=========     by thread (100,0,0) in block (2,0,6)
=========     Address 0xe27491940
========= 
========= Uninitialized __global__ memory read of size 16 bytes
=========     at void flash_fwd_kernel<Flash_fwd_kernel_traits<(int)64, (int)128, (int)128, (int)4, (bool)0, (bool)0, cutlass::half_t, Flash_kernel_traits<(int)64, (int)128, (int)128, (int)4, cutlass::half_t>>, (bool)0, (bool)0, (bool)0, (bool)0, (bool)1, (bool)0>(Flash_fwd_params)+0xa10
=========     by thread (101,0,0) in block (2,0,6)
=========     Address 0xe27491950
========= 
========= Uninitialized __global__ memory read of size 16 bytes
=========     at void flash_fwd_kernel<Flash_fwd_kernel_traits<(int)64, (int)128, (int)128, (int)4, (bool)0, (bool)0, cutlass::half_t, Flash_kernel_traits<(int)64, (int)128, (int)128, (int)4, cutlass::half_t>>, (bool)0, (bool)0, (bool)0, (bool)0, (bool)1, (bool)0>(Flash_fwd_params)+0xa10
=========     by thread (102,0,0) in block (2,0,6)
=========     Address 0xe27491960
========= 
========= Uninitialized __global__ memory read of size 16 bytes
=========     at void flash_fwd_kernel<Flash_fwd_kernel_traits<(int)64, (int)128, (int)128, (int)4, (bool)0, (bool)0, cutlass::half_t, Flash_kernel_traits<(int)64, (int)128, (int)128, (int)4, cutlass::half_t>>, (bool)0, (bool)0, (bool)0, (bool)0, (bool)1, (bool)0>(Flash_fwd_params)+0xa10
=========     by thread (103,0,0) in block (2,0,6)
=========     Address 0xe27491970
========= 
========= Uninitialized __global__ memory read of size 16 bytes
=========     at void flash_fwd_kernel<Flash_fwd_kernel_traits<(int)64, (int)128, (int)128, (int)4, (bool)0, (bool)0, cutlass::half_t, Flash_kernel_traits<(int)64, (int)128, (int)128, (int)4, cutlass::half_t>>, (bool)0, (bool)0, (bool)0, (bool)0, (bool)1, (bool)0>(Flash_fwd_params)+0xa10
=========     by thread (104,0,0) in block (2,0,6)
=========     Address 0xe27491f00
========= 
========= Uninitialized __global__ memory read of size 16 bytes
=========     at void flash_fwd_kernel<Flash_fwd_kernel_traits<(int)64, (int)128, (int)128, (int)4, (bool)0, (bool)0, cutlass::half_t, Flash_kernel_traits<(int)64, (int)128, (int)128, (int)4, cutlass::half_t>>, (bool)0, (bool)0, (bool)0, (bool)0, (bool)1, (bool)0>(Flash_fwd_params)+0xa10
=========     by thread (105,0,0) in block (2,0,6)
=========     Address 0xe27491f10
========= 
========= Uninitialized __global__ memory read of size 16 bytes
=========     at void flash_fwd_kernel<Flash_fwd_kernel_traits<(int)64, (int)128, (int)128, (int)4, (bool)0, (bool)0, cutlass::half_t, Flash_kernel_traits<(int)64, (int)128, (int)128, (int)4, cutlass::half_t>>, (bool)0, (bool)0, (bool)0, (bool)0, (bool)1, (bool)0>(Flash_fwd_params)+0xa10
=========     by thread (106,0,0) in block (2,0,6)
=========     Address 0xe27491f20
========= 
========= Uninitialized __global__ memory read of size 16 bytes
=========     at void flash_fwd_kernel<Flash_fwd_kernel_traits<(int)64, (int)128, (int)128, (int)4, (bool)0, (bool)0, cutlass::half_t, Flash_kernel_traits<(int)64, (int)128, (int)128, (int)4, cutlass::half_t>>, (bool)0, (bool)0, (bool)0, (bool)0, (bool)1, (bool)0>(Flash_fwd_params)+0xa10
=========     by thread (107,0,0) in block (2,0,6)
=========     Address 0xe27491f30
========= 
========= Uninitialized __global__ memory read of size 16 bytes
=========     at void flash_fwd_kernel<Flash_fwd_kernel_traits<(int)64, (int)128, (int)128, (int)4, (bool)0, (bool)0, cutlass::half_t, Flash_kernel_traits<(int)64, (int)128, (int)128, (int)4, cutlass::half_t>>, (bool)0, (bool)0, (bool)0, (bool)0, (bool)1, (bool)0>(Flash_fwd_params)+0xa10
=========     by thread (108,0,0) in block (2,0,6)
=========     Address 0xe27491f40
========= 
========= Uninitialized __global__ memory read of size 16 bytes
=========     at void flash_fwd_kernel<Flash_fwd_kernel_traits<(int)64, (int)128, (int)128, (int)4, (bool)0, (bool)0, cutlass::half_t, Flash_kernel_traits<(int)64, (int)128, (int)128, (int)4, cutlass::half_t>>, (bool)0, (bool)0, (bool)0, (bool)0, (bool)1, (bool)0>(Flash_fwd_params)+0xa10
=========     by thread (109,0,0) in block (2,0,6)
=========     Address 0xe27491f50
========= 
========= Uninitialized __global__ memory read of size 16 bytes
=========     at void flash_fwd_kernel<Flash_fwd_kernel_traits<(int)64, (int)128, (int)128, (int)4, (bool)0, (bool)0, cutlass::half_t, Flash_kernel_traits<(int)64, (int)128, (int)128, (int)4, cutlass::half_t>>, (bool)0, (bool)0, (bool)0, (bool)0, (bool)1, (bool)0>(Flash_fwd_params)+0xa10
=========     by thread (110,0,0) in block (2,0,6)
=========     Address 0xe27491f60
========= 
========= Uninitialized __global__ memory read of size 16 bytes
=========     at void flash_fwd_kernel<Flash_fwd_kernel_traits<(int)64, (int)128, (int)128, (int)4, (bool)0, (bool)0, cutlass::half_t, Flash_kernel_traits<(int)64, (int)128, (int)128, (int)4, cutlass::half_t>>, (bool)0, (bool)0, (bool)0, (bool)0, (bool)1, (bool)0>(Flash_fwd_params)+0xa10
=========     by thread (111,0,0) in block (2,0,6)
=========     Address 0xe27491f70
========= 
========= Uninitialized __global__ memory read of size 16 bytes
=========     at void flash_fwd_kernel<Flash_fwd_kernel_traits<(int)64, (int)128, (int)128, (int)4, (bool)0, (bool)0, cutlass::half_t, Flash_kernel_traits<(int)64, (int)128, (int)128, (int)4, cutlass::half_t>>, (bool)0, (bool)0, (bool)0, (bool)0, (bool)1, (bool)0>(Flash_fwd_params)+0xa10
=========     by thread (112,0,0) in block (2,0,6)
=========     Address 0xe27492500
========= 
========= Uninitialized __global__ memory read of size 16 bytes
=========     at void flash_fwd_kernel<Flash_fwd_kernel_traits<(int)64, (int)128, (int)128, (int)4, (bool)0, (bool)0, cutlass::half_t, Flash_kernel_traits<(int)64, (int)128, (int)128, (int)4, cutlass::half_t>>, (bool)0, (bool)0, (bool)0, (bool)0, (bool)1, (bool)0>(Flash_fwd_params)+0xa10
=========     by thread (113,0,0) in block (2,0,6)
=========     Address 0xe27492510
========= 
========= Uninitialized __global__ memory read of size 16 bytes
=========     at void flash_fwd_kernel<Flash_fwd_kernel_traits<(int)64, (int)128, (int)128, (int)4, (bool)0, (bool)0, cutlass::half_t, Flash_kernel_traits<(int)64, (int)128, (int)128, (int)4, cutlass::half_t>>, (bool)0, (bool)0, (bool)0, (bool)0, (bool)1, (bool)0>(Flash_fwd_params)+0xa10
=========     by thread (114,0,0) in block (2,0,6)
=========     Address 0xe27492520
========= 
========= Uninitialized __global__ memory read of size 16 bytes
=========     at void flash_fwd_kernel<Flash_fwd_kernel_traits<(int)64, (int)128, (int)128, (int)4, (bool)0, (bool)0, cutlass::half_t, Flash_kernel_traits<(int)64, (int)128, (int)128, (int)4, cutlass::half_t>>, (bool)0, (bool)0, (bool)0, (bool)0, (bool)1, (bool)0>(Flash_fwd_params)+0xa10
=========     by thread (115,0,0) in block (2,0,6)
=========     Address 0xe27492530
========= 
========= Uninitialized __global__ memory read of size 16 bytes
=========     at void flash_fwd_kernel<Flash_fwd_kernel_traits<(int)64, (int)128, (int)128, (int)4, (bool)0, (bool)0, cutlass::half_t, Flash_kernel_traits<(int)64, (int)128, (int)128, (int)4, cutlass::half_t>>, (bool)0, (bool)0, (bool)0, (bool)0, (bool)1, (bool)0>(Flash_fwd_params)+0xa10
=========     by thread (116,0,0) in block (2,0,6)
=========     Address 0xe27492540
========= 
========= Uninitialized __global__ memory read of size 16 bytes
=========     at void flash_fwd_kernel<Flash_fwd_kernel_traits<(int)64, (int)128, (int)128, (int)4, (bool)0, (bool)0, cutlass::half_t, Flash_kernel_traits<(int)64, (int)128, (int)128, (int)4, cutlass::half_t>>, (bool)0, (bool)0, (bool)0, (bool)0, (bool)1, (bool)0>(Flash_fwd_params)+0xa10
=========     by thread (117,0,0) in block (2,0,6)
=========     Address 0xe27492550
========= 
========= Uninitialized __global__ memory read of size 16 bytes
=========     at void flash_fwd_kernel<Flash_fwd_kernel_traits<(int)64, (int)128, (int)128, (int)4, (bool)0, (bool)0, cutlass::half_t, Flash_kernel_traits<(int)64, (int)128, (int)128, (int)4, cutlass::half_t>>, (bool)0, (bool)0, (bool)0, (bool)0, (bool)1, (bool)0>(Flash_fwd_params)+0xa10
=========     by thread (118,0,0) in block (2,0,6)
=========     Address 0xe27492560
========= 
========= Uninitialized __global__ memory read of size 16 bytes
=========     at void flash_fwd_kernel<Flash_fwd_kernel_traits<(int)64, (int)128, (int)128, (int)4, (bool)0, (bool)0, cutlass::half_t, Flash_kernel_traits<(int)64, (int)128, (int)128, (int)4, cutlass::half_t>>, (bool)0, (bool)0, (bool)0, (bool)0, (bool)1, (bool)0>(Flash_fwd_params)+0xa10
=========     by thread (119,0,0) in block (2,0,6)
=========     Address 0xe27492570
========= 
========= Uninitialized __global__ memory read of size 16 bytes
=========     at void flash_fwd_kernel<Flash_fwd_kernel_traits<(int)64, (int)128, (int)128, (int)4, (bool)0, (bool)0, cutlass::half_t, Flash_kernel_traits<(int)64, (int)128, (int)128, (int)4, cutlass::half_t>>, (bool)0, (bool)0, (bool)0, (bool)0, (bool)1, (bool)0>(Flash_fwd_params)+0xa10
=========     by thread (120,0,0) in block (2,0,6)
=========     Address 0xe27492b00
========= 
========= Uninitialized __global__ memory read of size 16 bytes
=========     at void flash_fwd_kernel<Flash_fwd_kernel_traits<(int)64, (int)128, (int)128, (int)4, (bool)0, (bool)0, cutlass::half_t, Flash_kernel_traits<(int)64, (int)128, (int)128, (int)4, cutlass::half_t>>, (bool)0, (bool)0, (bool)0, (bool)0, (bool)1, (bool)0>(Flash_fwd_params)+0xa10
=========     by thread (121,0,0) in block (2,0,6)
=========     Address 0xe27492b10
========= 
========= Uninitialized __global__ memory read of size 16 bytes
=========     at void flash_fwd_kernel<Flash_fwd_kernel_traits<(int)64, (int)128, (int)128, (int)4, (bool)0, (bool)0, cutlass::half_t, Flash_kernel_traits<(int)64, (int)128, (int)128, (int)4, cutlass::half_t>>, (bool)0, (bool)0, (bool)0, (bool)0, (bool)1, (bool)0>(Flash_fwd_params)+0xa10
=========     by thread (122,0,0) in block (2,0,6)
=========     Address 0xe27492b20
========= 
========= Uninitialized __global__ memory read of size 16 bytes
=========     at void flash_fwd_kernel<Flash_fwd_kernel_traits<(int)64, (int)128, (int)128, (int)4, (bool)0, (bool)0, cutlass::half_t, Flash_kernel_traits<(int)64, (int)128, (int)128, (int)4, cutlass::half_t>>, (bool)0, (bool)0, (bool)0, (bool)0, (bool)1, (bool)0>(Flash_fwd_params)+0xa10
=========     by thread (123,0,0) in block (2,0,6)
=========     Address 0xe27492b30
========= 
========= Uninitialized __global__ memory read of size 16 bytes
=========     at void flash_fwd_kernel<Flash_fwd_kernel_traits<(int)64, (int)128, (int)128, (int)4, (bool)0, (bool)0, cutlass::half_t, Flash_kernel_traits<(int)64, (int)128, (int)128, (int)4, cutlass::half_t>>, (bool)0, (bool)0, (bool)0, (bool)0, (bool)1, (bool)0>(Flash_fwd_params)+0xa10
=========     by thread (124,0,0) in block (2,0,6)
=========     Address 0xe27492b40
========= 
========= Uninitialized __global__ memory read of size 16 bytes
=========     at void flash_fwd_kernel<Flash_fwd_kernel_traits<(int)64, (int)128, (int)128, (int)4, (bool)0, (bool)0, cutlass::half_t, Flash_kernel_traits<(int)64, (int)128, (int)128, (int)4, cutlass::half_t>>, (bool)0, (bool)0, (bool)0, (bool)0, (bool)1, (bool)0>(Flash_fwd_params)+0xa10
=========     by thread (125,0,0) in block (2,0,6)
=========     Address 0xe27492b50
========= 
========= Warning: Error buffer overflow has been detected. Some records have been dropped
========= 
SANCELL flash_b5 [84] [-0.19494]
========= Warning: Error buffer overflow has been detected. Some records have been dropped
========= 
========= Warning: Error buffer overflow has been detected. Some records have been dropped
========= 
========= Warning: Error buffer overflow has been detected. Some records have been dropped
========= 
========= Warning: Error buffer overflow has been detected. Some records have been dropped
========= 
========= Warning: Error buffer overflow has been detected. Some records have been dropped
========= 
========= Warning: Error buffer overflow has been detected. Some records have been dropped
========= 
========= Warning: Error buffer overflow has been detected. Some records have been dropped
========= 
========= Warning: Error buffer overflow has been detected. Some records have been dropped
========= 
========= Warning: Error buffer overflow has been detected. Some records have been dropped
========= 
========= Warning: Error buffer overflow has been detected. Some records have been dropped
========= 
========= Warning: Error buffer overflow has been detected. Some records have been dropped
========= 
========= Warning: Error buffer overflow has been detected. Some records have been dropped
========= 
========= Warning: Error buffer overflow has been detected. Some records have been dropped
========= 
========= Warning: Error buffer overflow has been detected. Some records have been dropped
========= 
========= Warning: Error buffer overflow has been detected. Some records have been dropped
========= 
========= Warning: Error buffer overflow has been detected. Some records have been dropped
========= 
========= Warning: Error buffer overflow has been detected. Some records have been dropped
========= 
========= Warning: Error buffer overflow has been detected. Some records have been dropped
========= 
========= Warning: Error buffer overflow has been detected. Some records have been dropped
========= 
========= Warning: Error buffer overflow has been detected. Some records have been dropped
========= 
========= Warning: Error buffer overflow has been detected. Some records have been dropped
========= 
========= Warning: Error buffer overflow has been detected. Some records have been dropped
========= 
========= Warning: Error buffer overflow has been detected. Some records have been dropped
========= 
========= Warning: Error buffer overflow has been detected. Some records have been dropped
========= 
========= Warning: Error buffer overflow has been detected. Some records have been dropped
========= 
========= Warning: Error buffer overflow has been detected. Some records have been dropped
========= 
========= Warning: Error buffer overflow has been detected. Some records have been dropped
========= 
========= Warning: Error buffer overflow has been detected. Some records have been dropped
========= 
========= Warning: Error buffer overflow has been detected. Some records have been dropped
========= 
========= Warning: Error buffer overflow has been detected. Some records have been dropped
========= 
========= Warning: Error buffer overflow has been detected. Some records have been dropped
========= 
========= Warning: Error buffer overflow has been detected. Some records have been dropped
========= 
========= Warning: Error buffer overflow has been detected. Some records have been dropped
========= 
========= Warning: Error buffer overflow has been detected. Some records have been dropped
========= 
========= Warning: Error buffer overflow has been detected. Some records have been dropped
========= 
========= Warning: Error buffer overflow has been detected. Some records have been dropped
========= 
========= Warning: Error buffer overflow has been detected. Some records have been dropped
========= 
========= Warning: Error buffer overflow has been detected. Some records have been dropped
========= 
========= Warning: Error buffer overflow has been detected. Some records have been dropped
========= 
========= Warning: Error buffer overflow has been detected. Some records have been dropped
========= 
========= Warning: Error buffer overflow has been detected. Some records have been dropped
========= 
========= Warning: Error buffer overflow has been detected. Some records have been dropped
========= 
========= Warning: Error buffer overflow has been detected. Some records have been dropped
========= 
========= Warning: Error buffer overflow has been detected. Some records have been dropped
========= 
========= Warning: Error buffer overflow has been detected. Some records have been dropped
========= 
========= Warning: Error buffer overflow has been detected. Some records have been dropped
========= 
========= Warning: Error buffer overflow has been detected. Some records have been dropped
========= 
========= Warning: Error buffer overflow has been detected. Some records have been dropped
========= 
========= Warning: Error buffer overflow has been detected. Some records have been dropped
========= 
========= Warning: Error buffer overflow has been detected. Some records have been dropped
========= 
========= Warning: Error buffer overflow has been detected. Some records have been dropped
========= 
========= Warning: Error buffer overflow has been detected. Some records have been dropped
========= 
========= Warning: Error buffer overflow has been detected. Some records have been dropped
========= 
========= Warning: Error buffer overflow has been detected. Some records have been dropped
========= 
========= Warning: Error buffer overflow has been detected. Some records have been dropped
========= 
========= Warning: Error buffer overflow has been detected. Some records have been dropped
========= 
========= Warning: Error buffer overflow has been detected. Some records have been dropped
========= 
========= Warning: Error buffer overflow has been detected. Some records have been dropped
========= 
========= Warning: Error buffer overflow has been detected. Some records have been dropped
========= 
========= Warning: Error buffer overflow has been detected. Some records have been dropped
========= 
========= Warning: Error buffer overflow has been detected. Some records have been dropped
========= 
========= Warning: Error buffer overflow has been detected. Some records have been dropped
========= 
========= Warning: Error buffer overflow has been detected. Some records have been dropped
========= 
========= Warning: Error buffer overflow has been detected. Some records have been dropped
========= 
========= Warning: Error buffer overflow has been detected. Some records have been dropped
========= 
========= Warning: Error buffer overflow has been detected. Some records have been dropped
========= 
========= Warning: Error buffer overflow has been detected. Some records have been dropped
========= 
========= Warning: Error buffer overflow has been detected. Some records have been dropped
========= 
========= Warning: Error buffer overflow has been detected. Some records have been dropped
========= 
========= Warning: Error buffer overflow has been detected. Some records have been dropped
========= 
========= Warning: Error buffer overflow has been detected. Some records have been dropped
========= 
========= Warning: Error buffer overflow has been detected. Some records have been dropped
========= 
========= Warning: Error buffer overflow has been detected. Some records have been dropped
========= 
========= Warning: Error buffer overflow has been detected. Some records have been dropped
========= 
========= Warning: Error buffer overflow has been detected. Some records have been dropped
========= 
========= Warning: Error buffer overflow has been detected. Some records have been dropped
========= 
========= Warning: Error buffer overflow has been detected. Some records have been dropped
========= 
========= Warning: Error buffer overflow has been detected. Some records have been dropped
========= 
========= Warning: Error buffer overflow has been detected. Some records have been dropped
========= 
========= Warning: Error buffer overflow has been detected. Some records have been dropped
========= 
========= Warning: Error buffer overflow has been detected. Some records have been dropped
========= 
========= Warning: Error buffer overflow has been detected. Some records have been dropped
========= 
========= Warning: Error buffer overflow has been detected. Some records have been dropped
========= 
========= Warning: Error buffer overflow has been detected. Some records have been dropped
========= 
========= Warning: Error buffer overflow has been detected. Some records have been dropped
========= 
========= Warning: Error buffer overflow has been detected. Some records have been dropped
========= 
========= Warning: Error buffer overflow has been detected. Some records have been dropped
========= 
========= Warning: Error buffer overflow has been detected. Some records have been dropped
========= 
========= Warning: Error buffer overflow has been detected. Some records have been dropped
========= 
========= Warning: Error buffer overflow has been detected. Some records have been dropped
========= 
========= Warning: Error buffer overflow has been detected. Some records have been dropped
========= 
========= Warning: Error buffer overflow has been detected. Some records have been dropped
========= 
========= Warning: Error buffer overflow has been detected. Some records have been dropped
========= 
========= Warning: Error buffer overflow has been detected. Some records have been dropped
========= 
========= Warning: Error buffer overflow has been detected. Some records have been dropped
========= 
========= Warning: Error buffer overflow has been detected. Some records have been dropped
========= 
========= Warning: Error buffer overflow has been detected. Some records have been dropped
========= 
========= Warning: Error buffer overflow has been detected. Some records have been dropped
========= 
========= Warning: Error buffer overflow has been detected. Some records have been dropped
========= 
========= Warning: Error buffer overflow has been detected. Some records have been dropped
========= 
========= Warning: Error buffer overflow has been detected. Some records have been dropped
========= 
========= Warning: Error buffer overflow has been detected. Some records have been dropped
========= 
========= Warning: Error buffer overflow has been detected. Some records have been dropped
========= 
========= Warning: Error buffer overflow has been detected. Some records have been dropped
========= 
========= Warning: Error buffer overflow has been detected. Some records have been dropped
========= 
========= Warning: Error buffer overflow has been detected. Some records have been dropped
========= 
========= Warning: Error buffer overflow has been detected. Some records have been dropped
========= 
========= Warning: Error buffer overflow has been detected. Some records have been dropped
========= 
========= Warning: Error buffer overflow has been detected. Some records have been dropped
========= 
========= Warning: Error buffer overflow has been detected. Some records have been dropped
========= 
========= Warning: Error buffer overflow has been detected. Some records have been dropped
========= 
========= Warning: Error buffer overflow has been detected. Some records have been dropped
========= 
========= Warning: Error buffer overflow has been detected. Some records have been dropped
========= 
========= Warning: Error buffer overflow has been detected. Some records have been dropped
========= 
========= Warning: Error buffer overflow has been detected. Some records have been dropped
========= 
========= Warning: Error buffer overflow has been detected. Some records have been dropped
========= 
========= Warning: Error buffer overflow has been detected. Some records have been dropped
========= 
========= Warning: Error buffer overflow has been detected. Some records have been dropped
========= 
========= Warning: Error buffer overflow has been detected. Some records have been dropped
========= 
========= Warning: Error buffer overflow has been detected. Some records have been dropped
========= 
========= Warning: Error buffer overflow has been detected. Some records have been dropped
========= 
========= Warning: Error buffer overflow has been detected. Some records have been dropped
========= 
========= Warning: Error buffer overflow has been detected. Some records have been dropped
========= 
========= Warning: Error buffer overflow has been detected. Some records have been dropped
========= 
========= Warning: Error buffer overflow has been detected. Some records have been dropped
========= 
========= Warning: Error buffer overflow has been detected. Some records have been dropped
========= 
========= Warning: Error buffer overflow has been detected. Some records have been dropped
========= 
========= Warning: Error buffer overflow has been detected. Some records have been dropped
========= 
========= Warning: Error buffer overflow has been detected. Some records have been dropped
========= 
========= Warning: Error buffer overflow has been detected. Some records have been dropped
========= 
========= Warning: Error buffer overflow has been detected. Some records have been dropped
========= 
========= Warning: Error buffer overflow has been detected. Some records have been dropped
========= 
========= Warning: Error buffer overflow has been detected. Some records have been dropped
========= 
========= Warning: Error buffer overflow has been detected. Some records have been dropped
========= 
========= Warning: Error buffer overflow has been detected. Some records have been dropped
========= 
========= Warning: Error buffer overflow has been detected. Some records have been dropped
========= 
========= Warning: Error buffer overflow has been detected. Some records have been dropped
========= 
========= Warning: Error buffer overflow has been detected. Some records have been dropped
========= 
========= Warning: Error buffer overflow has been detected. Some records have been dropped
========= 
========= Warning: Error buffer overflow has been detected. Some records have been dropped
========= 
========= Warning: Error buffer overflow has been detected. Some records have been dropped
========= 
========= Warning: Error buffer overflow has been detected. Some records have been dropped
========= 
========= Warning: Error buffer overflow has been detected. Some records have been dropped
========= 
========= Warning: Error buffer overflow has been detected. Some records have been dropped
========= 
========= Warning: Error buffer overflow has been detected. Some records have been dropped
========= 
========= Warning: Error buffer overflow has been detected. Some records have been dropped
========= 
========= Warning: Error buffer overflow has been detected. Some records have been dropped
========= 
========= Warning: Error buffer overflow has been detected. Some records have been dropped
========= 
========= Warning: Error buffer overflow has been detected. Some records have been dropped
========= 
========= Warning: Error buffer overflow has been detected. Some records have been dropped
========= 
========= Warning: Error buffer overflow has been detected. Some records have been dropped
========= 
========= Warning: Error buffer overflow has been detected. Some records have been dropped
========= 
========= Warning: Error buffer overflow has been detected. Some records have been dropped
========= 
========= Warning: Error buffer overflow has been detected. Some records have been dropped
========= 
========= Warning: Error buffer overflow has been detected. Some records have been dropped
========= 
========= Warning: Error buffer overflow has been detected. Some records have been dropped
========= 
========= Warning: Error buffer overflow has been detected. Some records have been dropped
========= 
========= Warning: Error buffer overflow has been detected. Some records have been dropped
========= 
========= Warning: Error buffer overflow has been detected. Some records have been dropped
========= 
========= Warning: Error buffer overflow has been detected. Some records have been dropped
========= 
========= Warning: Error buffer overflow has been detected. Some records have been dropped
========= 
========= Warning: Error buffer overflow has been detected. Some records have been dropped
========= 
========= Warning: Error buffer overflow has been detected. Some records have been dropped
========= 
========= Warning: Error buffer overflow has been detected. Some records have been dropped
========= 
========= Warning: Error buffer overflow has been detected. Some records have been dropped
========= 
========= Warning: Error buffer overflow has been detected. Some records have been dropped
========= 
========= Warning: Error buffer overflow has been detected. Some records have been dropped
========= 
========= Warning: Error buffer overflow has been detected. Some records have been dropped
========= 
========= Warning: Error buffer overflow has been detected. Some records have been dropped
========= 
========= Warning: Error buffer overflow has been detected. Some records have been dropped
========= 
========= Warning: Error buffer overflow has been detected. Some records have been dropped
========= 
========= Warning: Error buffer overflow has been detected. Some records have been dropped
========= 
========= Warning: Error buffer overflow has been detected. Some records have been dropped
========= 
========= Warning: Error buffer overflow has been detected. Some records have been dropped
========= 
========= Warning: Error buffer overflow has been detected. Some records have been dropped
========= 
========= Warning: Error buffer overflow has been detected. Some records have been dropped
========= 
========= Warning: Error buffer overflow has been detected. Some records have been dropped
========= 
========= Warning: Error buffer overflow has been detected. Some records have been dropped
========= 
========= Warning: Error buffer overflow has been detected. Some records have been dropped
========= 
========= Warning: Error buffer overflow has been detected. Some records have been dropped
========= 
========= Warning: Error buffer overflow has been detected. Some records have been dropped
========= 
========= Warning: Error buffer overflow has been detected. Some records have been dropped
========= 
========= Warning: Error buffer overflow has been detected. Some records have been dropped
========= 
========= Warning: Error buffer overflow has been detected. Some records have been dropped
========= 
========= Warning: Error buffer overflow has been detected. Some records have been dropped
========= 
========= Warning: Error buffer overflow has been detected. Some records have been dropped
========= 
========= Warning: Error buffer overflow has been detected. Some records have been dropped
========= 
========= Warning: Error buffer overflow has been detected. Some records have been dropped
========= 
========= Warning: Error buffer overflow has been detected. Some records have been dropped
========= 
========= Warning: Error buffer overflow has been detected. Some records have been dropped
========= 
========= Warning: Error buffer overflow has been detected. Some records have been dropped
========= 
========= Warning: Error buffer overflow has been detected. Some records have been dropped
========= 
========= Warning: Error buffer overflow has been detected. Some records have been dropped
========= 
========= Warning: Error buffer overflow has been detected. Some records have been dropped
========= 
========= Warning: Error buffer overflow has been detected. Some records have been dropped
========= 
========= Warning: Error buffer overflow has been detected. Some records have been dropped
========= 
========= Warning: Error buffer overflow has been detected. Some records have been dropped
========= 
========= Warning: Error buffer overflow has been detected. Some records have been dropped
========= 
========= Warning: Error buffer overflow has been detected. Some records have been dropped
========= 
========= Warning: Error buffer overflow has been detected. Some records have been dropped
========= 
========= Warning: Error buffer overflow has been detected. Some records have been dropped
========= 
========= Warning: Error buffer overflow has been detected. Some records have been dropped
========= 
========= Warning: Error buffer overflow has been detected. Some records have been dropped
========= 
========= Warning: Error buffer overflow has been detected. Some records have been dropped
========= 
========= Warning: Error buffer overflow has been detected. Some records have been dropped
========= 
========= Warning: Error buffer overflow has been detected. Some records have been dropped
========= 
========= Warning: Error buffer overflow has been detected. Some records have been dropped
========= 
========= Warning: Error buffer overflow has been detected. Some records have been dropped
========= 
========= Warning: Error buffer overflow has been detected. Some records have been dropped
========= 
========= Warning: Error buffer overflow has been detected. Some records have been dropped
========= 
========= Warning: Error buffer overflow has been detected. Some records have been dropped
========= 
========= Warning: Error buffer overflow has been detected. Some records have been dropped
========= 
========= Warning: Error buffer overflow has been detected. Some records have been dropped
========= 
========= Warning: Error buffer overflow has been detected. Some records have been dropped
========= 
========= Warning: Error buffer overflow has been detected. Some records have been dropped
========= 
========= Warning: Error buffer overflow has been detected. Some records have been dropped
========= 
========= Warning: Error buffer overflow has been detected. Some records have been dropped
========= 
========= Warning: Error buffer overflow has been detected. Some records have been dropped
========= 
========= Warning: Error buffer overflow has been detected. Some records have been dropped
========= 
========= Warning: Error buffer overflow has been detected. Some records have been dropped
========= 
========= Warning: Error buffer overflow has been detected. Some records have been dropped
========= 
========= Warning: Error buffer overflow has been detected. Some records have been dropped
========= 
========= Warning: Error buffer overflow has been detected. Some records have been dropped
========= 
========= Warning: Error buffer overflow has been detected. Some records have been dropped
========= 
========= Warning: Error buffer overflow has been detected. Some records have been dropped
========= 
========= Warning: Error buffer overflow has been detected. Some records have been dropped
========= 
========= Warning: Error buffer overflow has been detected. Some records have been dropped
========= 
========= Warning: Error buffer overflow has been detected. Some records have been dropped
========= 
========= Warning: Error buffer overflow has been detected. Some records have been dropped
========= 
========= Warning: Error buffer overflow has been detected. Some records have been dropped
========= 
========= Warning: Error buffer overflow has been detected. Some records have been dropped
========= 
========= Warning: Error buffer overflow has been detected. Some records have been dropped
========= 
========= Warning: Error buffer overflow has been detected. Some records have been dropped
========= 
========= Warning: Error buffer overflow has been detected. Some records have been dropped
========= 
========= Warning: Error buffer overflow has been detected. Some records have been dropped
========= 
========= Warning: Error buffer overflow has been detected. Some records have been dropped
========= 
========= Warning: Error buffer overflow has been detected. Some records have been dropped
========= 
========= Warning: Error buffer overflow has been detected. Some records have been dropped
========= 
========= Warning: Error buffer overflow has been detected. Some records have been dropped
========= 
========= Warning: Error buffer overflow has been detected. Some records have been dropped
========= 
========= Warning: Error buffer overflow has been detected. Some records have been dropped
========= 
========= Warning: Error buffer overflow has been detected. Some records have been dropped
========= 
========= Warning: Error buffer overflow has been detected. Some records have been dropped
========= 
========= Warning: Error buffer overflow has been detected. Some records have been dropped
========= 
========= Warning: Error buffer overflow has been detected. Some records have been dropped
========= 
========= Warning: Error buffer overflow has been detected. Some records have been dropped
========= 
========= Warning: Error buffer overflow has been detected. Some records have been dropped
========= 
========= Warning: Error buffer overflow has been detected. Some records have been dropped
========= 
========= Warning: Error buffer overflow has been detected. Some records have been dropped
========= 
========= Warning: Error buffer overflow has been detected. Some records have been dropped
========= 
========= Warning: Error buffer overflow has been detected. Some records have been dropped
========= 
========= Warning: Error buffer overflow has been detected. Some records have been dropped
========= 
========= Warning: Error buffer overflow has been detected. Some records have been dropped
========= 
========= Warning: Error buffer overflow has been detected. Some records have been dropped
========= 
========= Warning: Error buffer overflow has been detected. Some records have been dropped
========= 
========= Warning: Error buffer overflow has been detected. Some records have been dropped
========= 
========= Warning: Error buffer overflow has been detected. Some records have been dropped
========= 
========= Warning: Error buffer overflow has been detected. Some records have been dropped
========= 
========= Warning: Error buffer overflow has been detected. Some records have been dropped
========= 
========= Warning: Error buffer overflow has been detected. Some records have been dropped
========= 
========= Warning: Error buffer overflow has been detected. Some records have been dropped
========= 
========= Warning: Error buffer overflow has been detected. Some records have been dropped
========= 
========= Warning: Error buffer overflow has been detected. Some records have been dropped
========= 
========= Warning: Error buffer overflow has been detected. Some records have been dropped
========= 
========= Warning: Error buffer overflow has been detected. Some records have been dropped
========= 
========= Warning: Error buffer overflow has been detected. Some records have been dropped
========= 
========= Warning: Error buffer overflow has been detected. Some records have been dropped
========= 
========= Warning: Error buffer overflow has been detected. Some records have been dropped
========= 
========= Warning: Error buffer overflow has been detected. Some records have been dropped
========= 
========= Warning: Error buffer overflow has been detected. Some records have been dropped
========= 
========= Warning: Error buffer overflow has been detected. Some records have been dropped
========= 
========= Warning: Error buffer overflow has been detected. Some records have been dropped
========= 
========= Warning: Error buffer overflow has been detected. Some records have been dropped
========= 
========= Warning: Error buffer overflow has been detected. Some records have been dropped
========= 
========= Warning: Error buffer overflow has been detected. Some records have been dropped
========= 
========= Warning: Error buffer overflow has been detected. Some records have been dropped
========= 
========= Warning: Error buffer overflow has been detected. Some records have been dropped
========= 
========= Warning: Error buffer overflow has been detected. Some records have been dropped
========= 
========= Warning: Error buffer overflow has been detected. Some records have been dropped
========= 
========= Warning: Error buffer overflow has been detected. Some records have been dropped
========= 
========= Warning: Error buffer overflow has been detected. Some records have been dropped
========= 
========= Warning: Error buffer overflow has been detected. Some records have been dropped
========= 
========= Warning: Error buffer overflow has been detected. Some records have been dropped
========= 
========= Warning: Error buffer overflow has been detected. Some records have been dropped
========= 
========= Warning: Error buffer overflow has been detected. Some records have been dropped
========= 
========= Warning: Error buffer overflow has been detected. Some records have been dropped
========= 
========= Warning: Error buffer overflow has been detected. Some records have been dropped
========= 
========= Warning: Error buffer overflow has been detected. Some records have been dropped
========= 
========= Warning: Error buffer overflow has been detected. Some records have been dropped
========= 
========= Warning: Error buffer overflow has been detected. Some records have been dropped
========= 
========= Warning: Error buffer overflow has been detected. Some records have been dropped
========= 
========= Warning: Error buffer overflow has been detected. Some records have been dropped
========= 
========= Warning: Error buffer overflow has been detected. Some records have been dropped
========= 
========= Warning: Error buffer overflow has been detected. Some records have been dropped
========= 
========= Warning: Error buffer overflow has been detected. Some records have been dropped
========= 
========= Warning: Error buffer overflow has been detected. Some records have been dropped
========= 
========= Warning: Error buffer overflow has been detected. Some records have been dropped
========= 
========= Warning: Error buffer overflow has been detected. Some records have been dropped
========= 
========= Warning: Error buffer overflow has been detected. Some records have been dropped
========= 
========= Warning: Error buffer overflow has been detected. Some records have been dropped
========= 
========= Warning: Error buffer overflow has been detected. Some records have been dropped
========= 
========= Warning: Error buffer overflow has been detected. Some records have been dropped
========= 
========= Warning: Error buffer overflow has been detected. Some records have been dropped
========= 
========= Warning: Error buffer overflow has been detected. Some records have been dropped
========= 
========= Warning: Error buffer overflow has been detected. Some records have been dropped
========= 
========= Warning: Error buffer overflow has been detected. Some records have been dropped
========= 
========= Warning: Error buffer overflow has been detected. Some records have been dropped
========= 
========= Warning: Error buffer overflow has been detected. Some records have been dropped
========= 
========= Warning: Error buffer overflow has been detected. Some records have been dropped
========= 
========= Warning: Error buffer overflow has been detected. Some records have been dropped
========= 
========= Warning: Error buffer overflow has been detected. Some records have been dropped
========= 
========= Warning: Error buffer overflow has been detected. Some records have been dropped
========= 
========= Warning: Error buffer overflow has been detected. Some records have been dropped
========= 
========= Warning: Error buffer overflow has been detected. Some records have been dropped
========= 
========= Warning: Error buffer overflow has been detected. Some records have been dropped
========= 
========= Warning: Error buffer overflow has been detected. Some records have been dropped
========= 
========= Warning: Error buffer overflow has been detected. Some records have been dropped
========= 
========= Warning: Error buffer overflow has been detected. Some records have been dropped
========= 
========= Warning: Error buffer overflow has been detected. Some records have been dropped
========= 
========= Warning: Error buffer overflow has been detected. Some records have been dropped
========= 
========= Warning: Error buffer overflow has been detected. Some records have been dropped
========= 
========= Warning: Error buffer overflow has been detected. Some records have been dropped
========= 
========= Warning: Error buffer overflow has been detected. Some records have been dropped
========= 
========= Warning: Error buffer overflow has been detected. Some records have been dropped
========= 
========= Warning: Error buffer overflow has been detected. Some records have been dropped
========= 
========= Warning: Error buffer overflow has been detected. Some records have been dropped
========= 
========= Warning: Error buffer overflow has been detected. Some records have been dropped
========= 
========= Warning: Error buffer overflow has been detected. Some records have been dropped
========= 
========= Warning: Error buffer overflow has been detected. Some records have been dropped
========= 
========= Warning: Error buffer overflow has been detected. Some records have been dropped
========= 
========= Warning: Error buffer overflow has been detected. Some records have been dropped
========= 
========= Warning: Error buffer overflow has been detected. Some records have been dropped
========= 
========= Warning: Error buffer overflow has been detected. Some records have been dropped
========= 
========= Warning: Error buffer overflow has been detected. Some records have been dropped
========= 
========= Warning: Error buffer overflow has been detected. Some records have been dropped
========= 
========= Warning: Error buffer overflow has been detected. Some records have been dropped
========= 
========= Warning: Error buffer overflow has been detected. Some records have been dropped
========= 
========= Warning: Error buffer overflow has been detected. Some records have been dropped
========= 
========= Warning: Error buffer overflow has been detected. Some records have been dropped
========= 
========= Warning: Error buffer overflow has been detected. Some records have been dropped
========= 
========= Warning: Error buffer overflow has been detected. Some records have been dropped
========= 
========= Warning: Error buffer overflow has been detected. Some records have been dropped
========= 
========= Warning: Error buffer overflow has been detected. Some records have been dropped
========= 
========= Warning: Error buffer overflow has been detected. Some records have been dropped
========= 
========= Warning: Error buffer overflow has been detected. Some records have been dropped
========= 
========= Warning: Error buffer overflow has been detected. Some records have been dropped
========= 
========= Warning: Error buffer overflow has been detected. Some records have been dropped
========= 
========= Warning: Error buffer overflow has been detected. Some records have been dropped
========= 
========= Warning: Error buffer overflow has been detected. Some records have been dropped
========= 
========= Warning: Error buffer overflow has been detected. Some records have been dropped
========= 
========= Warning: Error buffer overflow has been detected. Some records have been dropped
========= 
========= Warning: Error buffer overflow has been detected. Some records have been dropped
========= 
========= Warning: Error buffer overflow has been detected. Some records have been dropped
========= 
========= Warning: Error buffer overflow has been detected. Some records have been dropped
========= 
========= Warning: Error buffer overflow has been detected. Some records have been dropped
========= 
========= Warning: Error buffer overflow has been detected. Some records have been dropped
========= 
========= Warning: Error buffer overflow has been detected. Some records have been dropped
========= 
========= Warning: Error buffer overflow has been detected. Some records have been dropped
========= 
========= Warning: Error buffer overflow has been detected. Some records have been dropped
========= 
========= Warning: Error buffer overflow has been detected. Some records have been dropped
========= 
========= Warning: Error buffer overflow has been detected. Some records have been dropped
========= 
========= Warning: Error buffer overflow has been detected. Some records have been dropped
========= 
========= Warning: Error buffer overflow has been detected. Some records have been dropped
========= 
========= Warning: Error buffer overflow has been detected. Some records have been dropped
========= 
========= Warning: Error buffer overflow has been detected. Some records have been dropped
========= 
========= Warning: Error buffer overflow has been detected. Some records have been dropped
========= 
========= Warning: Error buffer overflow has been detected. Some records have been dropped
========= 
========= Warning: Error buffer overflow has been detected. Some records have been dropped
========= 
========= Warning: Error buffer overflow has been detected. Some records have been dropped
========= 
========= Warning: Error buffer overflow has been detected. Some records have been dropped
========= 
========= Warning: Error buffer overflow has been detected. Some records have been dropped
========= 
========= Warning: Error buffer overflow has been detected. Some records have been dropped
========= 
========= Warning: Error buffer overflow has been detected. Some records have been dropped
========= 
========= Warning: Error buffer overflow has been detected. Some records have been dropped
========= 
========= Warning: Error buffer overflow has been detected. Some records have been dropped
========= 
========= Warning: Error buffer overflow has been detected. Some records have been dropped
========= 
========= Warning: Error buffer overflow has been detected. Some records have been dropped
========= 
========= Warning: Error buffer overflow has been detected. Some records have been dropped
========= 
========= Warning: Error buffer overflow has been detected. Some records have been dropped
========= 
========= Warning: Error buffer overflow has been detected. Some records have been dropped
========= 
========= Warning: Error buffer overflow has been detected. Some records have been dropped
========= 
========= Warning: Error buffer overflow has been detected. Some records have been dropped
========= 
========= Warning: Error buffer overflow has been detected. Some records have been dropped
========= 
========= Warning: Error buffer overflow has been detected. Some records have been dropped
========= 
========= Warning: Error buffer overflow has been detected. Some records have been dropped
========= 
========= Warning: Error buffer overflow has been detected. Some records have been dropped
========= 
========= Warning: Error buffer overflow has been detected. Some records have been dropped
========= 
========= Warning: Error buffer overflow has been detected. Some records have been dropped
========= 
========= Warning: Error buffer overflow has been detected. Some records have been dropped
========= 
========= Warning: Error buffer overflow has been detected. Some records have been dropped
========= 
========= Warning: Error buffer overflow has been detected. Some records have been dropped
========= 
========= Warning: Error buffer overflow has been detected. Some records have been dropped
========= 
========= Warning: Error buffer overflow has been detected. Some records have been dropped
========= 
========= Warning: Error buffer overflow has been detected. Some records have been dropped
========= 
========= Warning: Error buffer overflow has been detected. Some records have been dropped
========= 
========= Warning: Error buffer overflow has been detected. Some records have been dropped
========= 
========= Warning: Error buffer overflow has been detected. Some records have been dropped
========= 
========= Warning: Error buffer overflow has been detected. Some records have been dropped
========= 
========= Warning: Error buffer overflow has been detected. Some records have been dropped
========= 
========= Warning: Error buffer overflow has been detected. Some records have been dropped
========= 
========= Warning: Error buffer overflow has been detected. Some records have been dropped
========= 
========= Warning: Error buffer overflow has been detected. Some records have been dropped
========= 
========= Warning: Error buffer overflow has been detected. Some records have been dropped
========= 
========= Warning: Error buffer overflow has been detected. Some records have been dropped
========= 
========= Warning: Error buffer overflow has been detected. Some records have been dropped
========= 
========= Warning: Error buffer overflow has been detected. Some records have been dropped
========= 
========= Warning: Error buffer overflow has been detected. Some records have been dropped
========= 
========= Warning: Error buffer overflow has been detected. Some records have been dropped
========= 
========= Warning: Error buffer overflow has been detected. Some records have been dropped
========= 
========= Warning: Error buffer overflow has been detected. Some records have been dropped
========= 
========= Warning: Error buffer overflow has been detected. Some records have been dropped
========= 
========= Warning: Error buffer overflow has been detected. Some records have been dropped
========= 
========= Warning: Error buffer overflow has been detected. Some records have been dropped
========= 
========= Warning: Error buffer overflow has been detected. Some records have been dropped
========= 
========= Warning: Error buffer overflow has been detected. Some records have been dropped
========= 
========= Warning: Error buffer overflow has been detected. Some records have been dropped
========= 
========= Warning: Error buffer overflow has been detected. Some records have been dropped
========= 
========= Warning: Error buffer overflow has been detected. Some records have been dropped
========= 
========= Warning: Error buffer overflow has been detected. Some records have been dropped
========= 
========= Warning: Error buffer overflow has been detected. Some records have been dropped
========= 
========= Warning: Error buffer overflow has been detected. Some records have been dropped
========= 
========= Warning: Error buffer overflow has been detected. Some records have been dropped
========= 
========= Warning: Error buffer overflow has been detected. Some records have been dropped
========= 
========= Warning: Error buffer overflow has been detected. Some records have been dropped
========= 
========= Warning: Error buffer overflow has been detected. Some records have been dropped
========= 
========= Warning: Error buffer overflow has been detected. Some records have been dropped
========= 
========= Warning: Error buffer overflow has been detected. Some records have been dropped
========= 
========= Warning: Error buffer overflow has been detected. Some records have been dropped
========= 
========= Warning: Error buffer overflow has been detected. Some records have been dropped
========= 
========= Warning: Error buffer overflow has been detected. Some records have been dropped
========= 
========= Warning: Error buffer overflow has been detected. Some records have been dropped
========= 
========= Warning: Error buffer overflow has been detected. Some records have been dropped
========= 
========= Warning: Error buffer overflow has been detected. Some records have been dropped
========= 
========= Warning: Error buffer overflow has been detected. Some records have been dropped
========= 
========= Warning: Error buffer overflow has been detected. Some records have been dropped
========= 
========= Warning: Error buffer overflow has been detected. Some records have been dropped
========= 
========= Warning: Error buffer overflow has been detected. Some records have been dropped
========= 
========= Warning: Error buffer overflow has been detected. Some records have been dropped
========= 
========= Warning: Error buffer overflow has been detected. Some records have been dropped
========= 
========= Warning: Error buffer overflow has been detected. Some records have been dropped
========= 
========= Warning: Error buffer overflow has been detected. Some records have been dropped
========= 
========= Warning: Error buffer overflow has been detected. Some records have been dropped
========= 
========= Warning: Error buffer overflow has been detected. Some records have been dropped
========= 
========= Warning: Error buffer overflow has been detected. Some records have been dropped
========= 
========= Warning: Error buffer overflow has been detected. Some records have been dropped
========= 
========= Warning: Error buffer overflow has been detected. Some records have been dropped
========= 
========= Warning: Error buffer overflow has been detected. Some records have been dropped
========= 
========= Warning: Error buffer overflow has been detected. Some records have been dropped
========= 
========= Warning: Error buffer overflow has been detected. Some records have been dropped
========= 
========= Warning: Error buffer overflow has been detected. Some records have been dropped
========= 
========= Warning: Error buffer overflow has been detected. Some records have been dropped
========= 
========= Warning: Error buffer overflow has been detected. Some records have been dropped
========= 
========= Warning: Error buffer overflow has been detected. Some records have been dropped
========= 
========= Warning: Error buffer overflow has been detected. Some records have been dropped
========= 
========= Warning: Error buffer overflow has been detected. Some records have been dropped
========= 
========= Warning: Error buffer overflow has been detected. Some records have been dropped
========= 
========= Warning: Error buffer overflow has been detected. Some records have been dropped
========= 
========= Warning: Error buffer overflow has been detected. Some records have been dropped
========= 
========= Warning: Error buffer overflow has been detected. Some records have been dropped
========= 
========= Warning: Error buffer overflow has been detected. Some records have been dropped
========= 
========= Warning: Error buffer overflow has been detected. Some records have been dropped
========= 
========= Warning: Error buffer overflow has been detected. Some records have been dropped
========= 
========= Warning: Error buffer overflow has been detected. Some records have been dropped
========= 
========= Warning: Error buffer overflow has been detected. Some records have been dropped
========= 
========= Warning: Error buffer overflow has been detected. Some records have been dropped
========= 
========= Warning: Error buffer overflow has been detected. Some records have been dropped
========= 
========= Warning: Error buffer overflow has been detected. Some records have been dropped
========= 
========= Warning: Error buffer overflow has been detected. Some records have been dropped
========= 
========= Warning: Error buffer overflow has been detected. Some records have been dropped
========= 
========= Warning: Error buffer overflow has been detected. Some records have been dropped
========= 
========= Warning: Error buffer overflow has been detected. Some records have been dropped
========= 
========= Warning: Error buffer overflow has been detected. Some records have been dropped
========= 
========= Warning: Error buffer overflow has been detected. Some records have been dropped
========= 
========= Warning: Error buffer overflow has been detected. Some records have been dropped
========= 
========= Warning: Error buffer overflow has been detected. Some records have been dropped
========= 
========= Warning: Error buffer overflow has been detected. Some records have been dropped
========= 
========= Warning: Error buffer overflow has been detected. Some records have been dropped
========= 
========= Warning: Error buffer overflow has been detected. Some records have been dropped
========= 
========= Warning: Error buffer overflow has been detected. Some records have been dropped
========= 
========= Warning: Error buffer overflow has been detected. Some records have been dropped
========= 
========= Warning: Error buffer overflow has been detected. Some records have been dropped
========= 
========= Warning: Error buffer overflow has been detected. Some records have been dropped
========= 
========= Warning: Error buffer overflow has been detected. Some records have been dropped
========= 
========= Warning: Error buffer overflow has been detected. Some records have been dropped
========= 
========= Warning: Error buffer overflow has been detected. Some records have been dropped
========= 
========= Warning: Error buffer overflow has been detected. Some records have been dropped
========= 
========= Warning: Error buffer overflow has been detected. Some records have been dropped
========= 
========= Warning: Error buffer overflow has been detected. Some records have been dropped
========= 
========= Warning: Error buffer overflow has been detected. Some records have been dropped
========= 
========= Warning: Error buffer overflow has been detected. Some records have been dropped
========= 
========= Warning: Error buffer overflow has been detected. Some records have been dropped
========= 
========= Warning: Error buffer overflow has been detected. Some records have been dropped
========= 
========= Warning: Error buffer overflow has been detected. Some records have been dropped
========= 
========= Warning: Error buffer overflow has been detected. Some records have been dropped
========= 
========= Warning: Error buffer overflow has been detected. Some records have been dropped
========= 
========= Warning: Error buffer overflow has been detected. Some records have been dropped
========= 
========= Warning: Error buffer overflow has been detected. Some records have been dropped
========= 
========= Warning: Error buffer overflow has been detected. Some records have been dropped
========= 
========= Warning: Error buffer overflow has been detected. Some records have been dropped
========= 
========= Warning: Error buffer overflow has been detected. Some records have been dropped
========= 
========= Warning: Error buffer overflow has been detected. Some records have been dropped
========= 
========= Warning: Error buffer overflow has been detected. Some records have been dropped
========= 
========= Warning: Error buffer overflow has been detected. Some records have been dropped
========= 
========= Warning: Error buffer overflow has been detected. Some records have been dropped
========= 
========= Warning: Error buffer overflow has been detected. Some records have been dropped
========= 
========= Warning: Error buffer overflow has been detected. Some records have been dropped
========= 
========= Warning: Error buffer overflow has been detected. Some records have been dropped
========= 
========= Warning: Error buffer overflow has been detected. Some records have been dropped
========= 
========= Warning: Error buffer overflow has been detected. Some records have been dropped
========= 
========= Warning: Error buffer overflow has been detected. Some records have been dropped
========= 
========= Warning: Error buffer overflow has been detected. Some records have been dropped
========= 
========= Warning: Error buffer overflow has been detected. Some records have been dropped
========= 
========= Warning: Error buffer overflow has been detected. Some records have been dropped
========= 
========= Warning: Error buffer overflow has been detected. Some records have been dropped
========= 
========= Warning: Error buffer overflow has been detected. Some records have been dropped
========= 
========= Warning: Error buffer overflow has been detected. Some records have been dropped
========= 
========= Warning: Error buffer overflow has been detected. Some records have been dropped
========= 
========= Warning: Error buffer overflow has been detected. Some records have been dropped
========= 
========= Warning: Error buffer overflow has been detected. Some records have been dropped
========= 
========= Warning: Error buffer overflow has been detected. Some records have been dropped
========= 
========= Warning: Error buffer overflow has been detected. Some records have been dropped
========= 
========= Warning: Error buffer overflow has been detected. Some records have been dropped
========= 
========= Warning: Error buffer overflow has been detected. Some records have been dropped
========= 
========= Warning: Error buffer overflow has been detected. Some records have been dropped
========= 
========= Warning: Error buffer overflow has been detected. Some records have been dropped
========= 
========= Warning: Error buffer overflow has been detected. Some records have been dropped
========= 
========= Warning: Error buffer overflow has been detected. Some records have been dropped
========= 
========= Warning: Error buffer overflow has been detected. Some records have been dropped
========= 
========= Warning: Error buffer overflow has been detected. Some records have been dropped
========= 
========= Warning: Error buffer overflow has been detected. Some records have been dropped
========= 
========= Warning: Error buffer overflow has been detected. Some records have been dropped
========= 
========= Warning: Error buffer overflow has been detected. Some records have been dropped
========= 
========= Warning: Error buffer overflow has been detected. Some records have been dropped
========= 
========= Warning: Error buffer overflow has been detected. Some records have been dropped
========= 
========= Warning: Error buffer overflow has been detected. Some records have been dropped
========= 
========= Warning: Error buffer overflow has been detected. Some records have been dropped
========= 
========= Warning: Error buffer overflow has been detected. Some records have been dropped
========= 
========= Warning: Error buffer overflow has been detected. Some records have been dropped
========= 
========= Warning: Error buffer overflow has been detected. Some records have been dropped
========= 
========= Warning: Error buffer overflow has been detected. Some records have been dropped
========= 
========= Warning: Error buffer overflow has been detected. Some records have been dropped
========= 
========= Warning: Error buffer overflow has been detected. Some records have been dropped
========= 
========= Warning: Error buffer overflow has been detected. Some records have been dropped
========= 
========= Warning: Error buffer overflow has been detected. Some records have been dropped
========= 
========= Warning: Error buffer overflow has been detected. Some records have been dropped
========= 
========= Warning: Error buffer overflow has been detected. Some records have been dropped
========= 
========= Warning: Error buffer overflow has been detected. Some records have been dropped
========= 
========= Warning: Error buffer overflow has been detected. Some records have been dropped
========= 
========= Warning: Error buffer overflow has been detected. Some records have been dropped
========= 
========= Warning: Error buffer overflow has been detected. Some records have been dropped
========= 
========= Warning: Error buffer overflow has been detected. Some records have been dropped
========= 
========= Warning: Error buffer overflow has been detected. Some records have been dropped
========= 
========= Warning: Error buffer overflow has been detected. Some records have been dropped
========= 
========= Warning: Error buffer overflow has been detected. Some records have been dropped
========= 
========= Warning: Error buffer overflow has been detected. Some records have been dropped
========= 
========= Warning: Error buffer overflow has been detected. Some records have been dropped
========= 
========= Warning: Error buffer overflow has been detected. Some records have been dropped
========= 
========= Warning: Error buffer overflow has been detected. Some records have been dropped
========= 
========= Warning: Error buffer overflow has been detected. Some records have been dropped
========= 
========= Warning: Error buffer overflow has been detected. Some records have been dropped
========= 
========= Warning: Error buffer overflow has been detected. Some records have been dropped
========= 
========= Warning: Error buffer overflow has been detected. Some records have been dropped
========= 
========= Warning: Error buffer overflow has been detected. Some records have been dropped
========= 
========= Warning: Error buffer overflow has been detected. Some records have been dropped
========= 
========= Warning: Error buffer overflow has been detected. Some records have been dropped
========= 
========= Warning: Error buffer overflow has been detected. Some records have been dropped
========= 
========= Warning: Error buffer overflow has been detected. Some records have been dropped
========= 
========= Warning: Error buffer overflow has been detected. Some records have been dropped
========= 
========= Warning: Error buffer overflow has been detected. Some records have been dropped
========= 
========= Warning: Error buffer overflow has been detected. Some records have been dropped
========= 
========= Warning: Error buffer overflow has been detected. Some records have been dropped
========= 
========= Warning: Error buffer overflow has been detected. Some records have been dropped
========= 
========= Warning: Error buffer overflow has been detected. Some records have been dropped
========= 
========= Warning: Error buffer overflow has been detected. Some records have been dropped
========= 
========= Warning: Error buffer overflow has been detected. Some records have been dropped
========= 
========= Warning: Error buffer overflow has been detected. Some records have been dropped
========= 
========= Warning: Error buffer overflow has been detected. Some records have been dropped
========= 
========= Warning: Error buffer overflow has been detected. Some records have been dropped
========= 
========= Warning: Error buffer overflow has been detected. Some records have been dropped
========= 
========= Warning: Error buffer overflow has been detected. Some records have been dropped
========= 
========= Warning: Error buffer overflow has been detected. Some records have been dropped
========= 
========= Warning: Error buffer overflow has been detected. Some records have been dropped
========= 
========= Warning: Error buffer overflow has been detected. Some records have been dropped
========= 
========= Warning: Error buffer overflow has been detected. Some records have been dropped
========= 
========= Warning: Error buffer overflow has been detected. Some records have been dropped
========= 
========= Warning: Error buffer overflow has been detected. Some records have been dropped
========= 
========= Warning: Error buffer overflow has been detected. Some records have been dropped
========= 
========= Warning: Error buffer overflow has been detected. Some records have been dropped
========= 
========= Warning: Error buffer overflow has been detected. Some records have been dropped
========= 
========= Warning: Error buffer overflow has been detected. Some records have been dropped
========= 
========= Warning: Error buffer overflow has been detected. Some records have been dropped
========= 
========= Warning: Error buffer overflow has been detected. Some records have been dropped
========= 
========= Warning: Error buffer overflow has been detected. Some records have been dropped
========= 
========= Warning: Error buffer overflow has been detected. Some records have been dropped
========= 
========= Warning: Error buffer overflow has been detected. Some records have been dropped
========= 
========= Warning: Error buffer overflow has been detected. Some records have been dropped
========= 
========= Warning: Error buffer overflow has been detected. Some records have been dropped
========= 
========= Warning: Error buffer overflow has been detected. Some records have been dropped
========= 
========= Warning: Error buffer overflow has been detected. Some records have been dropped
========= 
========= Warning: Error buffer overflow has been detected. Some records have been dropped
========= 
========= Warning: Error buffer overflow has been detected. Some records have been dropped
========= 
========= Warning: Error buffer overflow has been detected. Some records have been dropped
========= 
========= Warning: Error buffer overflow has been detected. Some records have been dropped
========= 
========= Warning: Error buffer overflow has been detected. Some records have been dropped
========= 
========= Warning: Error buffer overflow has been detected. Some records have been dropped
========= 
========= Warning: Error buffer overflow has been detected. Some records have been dropped
========= 
========= Warning: Error buffer overflow has been detected. Some records have been dropped
========= 
========= Warning: Error buffer overflow has been detected. Some records have been dropped
========= 
========= Warning: Error buffer overflow has been detected. Some records have been dropped
========= 
========= Warning: Error buffer overflow has been detected. Some records have been dropped
========= 
========= Warning: Error buffer overflow has been detected. Some records have been dropped
========= 
========= Warning: Error buffer overflow has been detected. Some records have been dropped
========= 
========= Warning: Error buffer overflow has been detected. Some records have been dropped
========= 
========= Warning: Error buffer overflow has been detected. Some records have been dropped
========= 
========= Warning: Error buffer overflow has been detected. Some records have been dropped
========= 
========= Warning: Error buffer overflow has been detected. Some records have been dropped
========= 
========= Warning: Error buffer overflow has been detected. Some records have been dropped
========= 
========= Warning: Error buffer overflow has been detected. Some records have been dropped
========= 
========= Warning: Error buffer overflow has been detected. Some records have been dropped
========= 
========= Warning: Error buffer overflow has been detected. Some records have been dropped
========= 
========= Warning: Error buffer overflow has been detected. Some records have been dropped
========= 
========= Warning: Error buffer overflow has been detected. Some records have been dropped
========= 
========= Warning: Error buffer overflow has been detected. Some records have been dropped
========= 
========= Warning: Error buffer overflow has been detected. Some records have been dropped
========= 
========= Warning: Error buffer overflow has been detected. Some records have been dropped
========= 
========= Warning: Error buffer overflow has been detected. Some records have been dropped
========= 
========= Warning: Error buffer overflow has been detected. Some records have been dropped
========= 
========= Warning: Error buffer overflow has been detected. Some records have been dropped
========= 
========= Warning: Error buffer overflow has been detected. Some records have been dropped
========= 
========= Warning: Error buffer overflow has been detected. Some records have been dropped
========= 
========= Warning: Error buffer overflow has been detected. Some records have been dropped
========= 
========= Warning: Error buffer overflow has been detected. Some records have been dropped
========= 
========= Warning: Error buffer overflow has been detected. Some records have been dropped
========= 
========= Warning: Error buffer overflow has been detected. Some records have been dropped
========= 
========= Warning: Error buffer overflow has been detected. Some records have been dropped
========= 
========= Warning: Error buffer overflow has been detected. Some records have been dropped
========= 
========= Warning: Error buffer overflow has been detected. Some records have been dropped
========= 
========= Warning: Error buffer overflow has been detected. Some records have been dropped
========= 
========= Warning: Error buffer overflow has been detected. Some records have been dropped
========= 
========= Warning: Error buffer overflow has been detected. Some records have been dropped
========= 
========= Warning: Error buffer overflow has been detected. Some records have been dropped
========= 
========= Warning: Error buffer overflow has been detected. Some records have been dropped
========= 
========= Warning: Error buffer overflow has been detected. Some records have been dropped
========= 
========= Warning: Error buffer overflow has been detected. Some records have been dropped
========= 
========= Warning: Error buffer overflow has been detected. Some records have been dropped
========= 
========= Warning: Error buffer overflow has been detected. Some records have been dropped
========= 
========= Warning: Error buffer overflow has been detected. Some records have been dropped
========= 
========= Warning: Error buffer overflow has been detected. Some records have been dropped
========= 
========= Warning: Error buffer overflow has been detected. Some records have been dropped
========= 
========= Warning: Error buffer overflow has been detected. Some records have been dropped
========= 
========= Warning: Error buffer overflow has been detected. Some records have been dropped
========= 
========= Warning: Error buffer overflow has been detected. Some records have been dropped
========= 
========= Warning: Error buffer overflow has been detected. Some records have been dropped
========= 
========= Warning: Error buffer overflow has been detected. Some records have been dropped
========= 
========= Warning: Error buffer overflow has been detected. Some records have been dropped
========= 
========= Warning: Error buffer overflow has been detected. Some records have been dropped
========= 
========= Warning: Error buffer overflow has been detected. Some records have been dropped
========= 
========= Warning: Error buffer overflow has been detected. Some records have been dropped
========= 
========= Warning: Error buffer overflow has been detected. Some records have been dropped
========= 
========= Warning: Error buffer overflow has been detected. Some records have been dropped
========= 
========= Warning: Error buffer overflow has been detected. Some records have been dropped
========= 
========= Warning: Error buffer overflow has been detected. Some records have been dropped
========= 
========= Warning: Error buffer overflow has been detected. Some records have been dropped
========= 
========= Warning: Error buffer overflow has been detected. Some records have been dropped
========= 
========= Warning: Error buffer overflow has been detected. Some records have been dropped
========= 
========= Warning: Error buffer overflow has been detected. Some records have been dropped
========= 
========= Warning: Error buffer overflow has been detected. Some records have been dropped
========= 
========= Warning: Error buffer overflow has been detected. Some records have been dropped
========= 
========= Warning: Error buffer overflow has been detected. Some records have been dropped
========= 
========= Warning: Error buffer overflow has been detected. Some records have been dropped
========= 
========= Warning: Error buffer overflow has been detected. Some records have been dropped
========= 
========= Warning: Error buffer overflow has been detected. Some records have been dropped
========= 
========= Warning: Error buffer overflow has been detected. Some records have been dropped
========= 
========= Warning: Error buffer overflow has been detected. Some records have been dropped
========= 
========= Warning: Error buffer overflow has been detected. Some records have been dropped
========= 
========= Warning: Error buffer overflow has been detected. Some records have been dropped
========= 
========= Warning: Error buffer overflow has been detected. Some records have been dropped
========= 
========= Warning: Error buffer overflow has been detected. Some records have been dropped
========= 
========= Warning: Error buffer overflow has been detected. Some records have been dropped
========= 
========= Warning: Error buffer overflow has been detected. Some records have been dropped
========= 
========= Warning: Error buffer overflow has been detected. Some records have been dropped
========= 
========= Warning: Error buffer overflow has been detected. Some records have been dropped
========= 
========= Warning: Error buffer overflow has been detected. Some records have been dropped
========= 
========= Warning: Error buffer overflow has been detected. Some records have been dropped
========= 
========= Warning: Error buffer overflow has been detected. Some records have been dropped
========= 
========= Warning: Error buffer overflow has been detected. Some records have been dropped
========= 
========= Warning: Error buffer overflow has been detected. Some records have been dropped
========= 
========= Warning: Error buffer overflow has been detected. Some records have been dropped
========= 
========= Warning: Error buffer overflow has been detected. Some records have been dropped
========= 
========= Warning: Error buffer overflow has been detected. Some records have been dropped
========= 
========= Warning: Error buffer overflow has been detected. Some records have been dropped
========= 
========= Warning: Error buffer overflow has been detected. Some records have been dropped
========= 
========= Warning: Error buffer overflow has been detected. Some records have been dropped
========= 
========= Warning: Error buffer overflow has been detected. Some records have been dropped
========= 
========= Warning: Error buffer overflow has been detected. Some records have been dropped
========= 
========= Warning: Error buffer overflow has been detected. Some records have been dropped
========= 
========= Warning: Error buffer overflow has been detected. Some records have been dropped
========= 
========= Warning: Error buffer overflow has been detected. Some records have been dropped
========= 
========= Warning: Error buffer overflow has been detected. Some records have been dropped
========= 
========= Warning: Error buffer overflow has been detected. Some records have been dropped
========= 
========= Warning: Error buffer overflow has been detected. Some records have been dropped
========= 
========= Warning: Error buffer overflow has been detected. Some records have been dropped
========= 
========= Warning: Error buffer overflow has been detected. Some records have been dropped
========= 
========= Warning: Error buffer overflow has been detected. Some records have been dropped
========= 
========= Warning: Error buffer overflow has been detected. Some records have been dropped
========= 
========= Warning: Error buffer overflow has been detected. Some records have been dropped
========= 
========= Warning: Error buffer overflow has been detected. Some records have been dropped
========= 
========= Warning: Error buffer overflow has been detected. Some records have been dropped
========= 
========= Warning: Error buffer overflow has been detected. Some records have been dropped
========= 
========= Warning: Error buffer overflow has been detected. Some records have been dropped
========= 
========= Warning: Error buffer overflow has been detected. Some records have been dropped
========= 
========= Warning: Error buffer overflow has been detected. Some records have been dropped
========= 
========= Warning: Error buffer overflow has been detected. Some records have been dropped
========= 
========= Warning: Error buffer overflow has been detected. Some records have been dropped
========= 
========= Warning: Error buffer overflow has been detected. Some records have been dropped
========= 
========= Warning: Error buffer overflow has been detected. Some records have been dropped
========= 
========= Warning: Error buffer overflow has been detected. Some records have been dropped
========= 
========= Warning: Error buffer overflow has been detected. Some records have been dropped
========= 
========= Warning: Error buffer overflow has been detected. Some records have been dropped
========= 
========= Warning: Error buffer overflow has been detected. Some records have been dropped
========= 
========= Warning: Error buffer overflow has been detected. Some records have been dropped
========= 
========= Warning: Error buffer overflow has been detected. Some records have been dropped
========= 
========= Warning: Error buffer overflow has been detected. Some records have been dropped
========= 
========= Warning: Error buffer overflow has been detected. Some records have been dropped
========= 
========= Warning: Error buffer overflow has been detected. Some records have been dropped
========= 
========= Warning: Error buffer overflow has been detected. Some records have been dropped
========= 
========= Warning: Error buffer overflow has been detected. Some records have been dropped
========= 
========= Warning: Error buffer overflow has been detected. Some records have been dropped
========= 
========= Warning: Error buffer overflow has been detected. Some records have been dropped
========= 
========= Warning: Error buffer overflow has been detected. Some records have been dropped
========= 
========= Warning: Error buffer overflow has been detected. Some records have been dropped
========= 
========= Warning: Error buffer overflow has been detected. Some records have been dropped
========= 
========= Warning: Error buffer overflow has been detected. Some records have been dropped
========= 
========= Warning: Error buffer overflow has been detected. Some records have been dropped
========= 
========= Warning: Error buffer overflow has been detected. Some records have been dropped
========= 
========= Warning: Error buffer overflow has been detected. Some records have been dropped
========= 
========= Warning: Error buffer overflow has been detected. Some records have been dropped
========= 
========= Warning: Error buffer overflow has been detected. Some records have been dropped
========= 
========= Warning: Error buffer overflow has been detected. Some records have been dropped
========= 
========= Warning: Error buffer overflow has been detected. Some records have been dropped
========= 
========= Warning: Error buffer overflow has been detected. Some records have been dropped
========= 
========= Warning: Error buffer overflow has been detected. Some records have been dropped
========= 
========= Warning: Error buffer overflow has been detected. Some records have been dropped
========= 
========= Warning: Error buffer overflow has been detected. Some records have been dropped
========= 
========= Warning: Error buffer overflow has been detected. Some records have been dropped
========= 
========= Warning: Error buffer overflow has been detected. Some records have been dropped
========= 
========= Warning: Error buffer overflow has been detected. Some records have been dropped
========= 
========= Warning: Error buffer overflow has been detected. Some records have been dropped
========= 
========= Warning: Error buffer overflow has been detected. Some records have been dropped
========= 
========= Warning: Error buffer overflow has been detected. Some records have been dropped
========= 
========= Warning: Error buffer overflow has been detected. Some records have been dropped
========= 
========= Warning: Error buffer overflow has been detected. Some records have been dropped
========= 
========= Warning: Error buffer overflow has been detected. Some records have been dropped
========= 
========= Warning: Error buffer overflow has been detected. Some records have been dropped
========= 
========= Warning: Error buffer overflow has been detected. Some records have been dropped
========= 
========= Warning: Error buffer overflow has been detected. Some records have been dropped
========= 
========= Warning: Error buffer overflow has been detected. Some records have been dropped
========= 
========= Warning: Error buffer overflow has been detected. Some records have been dropped
========= 
========= Warning: Error buffer overflow has been detected. Some records have been dropped
========= 
========= Warning: Error buffer overflow has been detected. Some records have been dropped
========= 
========= Warning: Error buffer overflow has been detected. Some records have been dropped
========= 
========= Warning: Error buffer overflow has been detected. Some records have been dropped
========= 
========= Warning: Error buffer overflow has been detected. Some records have been dropped
========= 
========= Warning: Error buffer overflow has been detected. Some records have been dropped
========= 
========= Warning: Error buffer overflow has been detected. Some records have been dropped
========= 
========= Warning: Error buffer overflow has been detected. Some records have been dropped
========= 
========= Warning: Error buffer overflow has been detected. Some records have been dropped
========= 
========= Warning: Error buffer overflow has been detected. Some records have been dropped
========= 
========= Warning: Error buffer overflow has been detected. Some records have been dropped
========= 
========= Warning: Error buffer overflow has been detected. Some records have been dropped
========= 
========= Warning: Error buffer overflow has been detected. Some records have been dropped
========= 
========= Warning: Error buffer overflow has been detected. Some records have been dropped
========= 
========= Warning: Error buffer overflow has been detected. Some records have been dropped
========= 
========= Warning: Error buffer overflow has been detected. Some records have been dropped
========= 
========= Warning: Error buffer overflow has been detected. Some records have been dropped
========= 
========= Warning: Error buffer overflow has been detected. Some records have been dropped
========= 
========= Warning: Error buffer overflow has been detected. Some records have been dropped
========= 
========= Warning: Error buffer overflow has been detected. Some records have been dropped
========= 
========= Warning: Error buffer overflow has been detected. Some records have been dropped
========= 
========= Warning: Error buffer overflow has been detected. Some records have been dropped
========= 
========= Warning: Error buffer overflow has been detected. Some records have been dropped
========= 
========= Warning: Error buffer overflow has been detected. Some records have been dropped
========= 
========= Warning: Error buffer overflow has been detected. Some records have been dropped
========= 
========= Warning: Error buffer overflow has been detected. Some records have been dropped
========= 
========= Warning: Error buffer overflow has been detected. Some records have been dropped
========= 
========= Warning: Error buffer overflow has been detected. Some records have been dropped
========= 
========= Warning: Error buffer overflow has been detected. Some records have been dropped
========= 
========= Warning: Error buffer overflow has been detected. Some records have been dropped
========= 
========= Warning: Error buffer overflow has been detected. Some records have been dropped
========= 
========= Warning: Error buffer overflow has been detected. Some records have been dropped
========= 
========= Warning: Error buffer overflow has been detected. Some records have been dropped
========= 
========= Warning: Error buffer overflow has been detected. Some records have been dropped
========= 
========= Warning: Error buffer overflow has been detected. Some records have been dropped
========= 
========= Warning: Error buffer overflow has been detected. Some records have been dropped
========= 
========= Warning: Error buffer overflow has been detected. Some records have been dropped
========= 
========= Warning: Error buffer overflow has been detected. Some records have been dropped
========= 
========= Warning: Error buffer overflow has been detected. Some records have been dropped
========= 
========= Warning: Error buffer overflow has been detected. Some records have been dropped
========= 
========= Warning: Error buffer overflow has been detected. Some records have been dropped
========= 
========= Warning: Error buffer overflow has been detected. Some records have been dropped
========= 
========= Warning: Error buffer overflow has been detected. Some records have been dropped
========= 
========= Warning: Error buffer overflow has been detected. Some records have been dropped
========= 
========= Warning: Error buffer overflow has been detected. Some records have been dropped
========= 
========= Warning: Error buffer overflow has been detected. Some records have been dropped
========= 
========= Warning: Error buffer overflow has been detected. Some records have been dropped
========= 
========= Warning: Error buffer overflow has been detected. Some records have been dropped
========= 
========= Warning: Error buffer overflow has been detected. Some records have been dropped
========= 
========= Warning: Error buffer overflow has been detected. Some records have been dropped
========= 
========= Warning: Error buffer overflow has been detected. Some records have been dropped
========= 
========= Warning: Error buffer overflow has been detected. Some records have been dropped
========= 
========= Warning: Error buffer overflow has been detected. Some records have been dropped
========= 
========= Warning: Error buffer overflow has been detected. Some records have been dropped
========= 
========= Warning: Error buffer overflow has been detected. Some records have been dropped
========= 
========= Warning: Error buffer overflow has been detected. Some records have been dropped
========= 
========= Warning: Error buffer overflow has been detected. Some records have been dropped
========= 
========= Warning: Error buffer overflow has been detected. Some records have been dropped
========= 
========= Warning: Error buffer overflow has been detected. Some records have been dropped
========= 
========= Warning: Error buffer overflow has been detected. Some records have been dropped
========= 
========= Warning: Error buffer overflow has been detected. Some records have been dropped
========= 
========= Warning: Error buffer overflow has been detected. Some records have been dropped
========= 
========= Warning: Error buffer overflow has been detected. Some records have been dropped
========= 
========= Warning: Error buffer overflow has been detected. Some records have been dropped
========= 
========= Warning: Error buffer overflow has been detected. Some records have been dropped
========= 
========= Warning: Error buffer overflow has been detected. Some records have been dropped
========= 
========= Warning: Error buffer overflow has been detected. Some records have been dropped
========= 
========= Warning: Error buffer overflow has been detected. Some records have been dropped
========= 
========= Warning: Error buffer overflow has been detected. Some records have been dropped
========= 
========= Warning: Error buffer overflow has been detected. Some records have been dropped
========= 
========= Warning: Error buffer overflow has been detected. Some records have been dropped
========= 
========= Warning: Error buffer overflow has been detected. Some records have been dropped
========= 
========= Warning: Error buffer overflow has been detected. Some records have been dropped
========= 
========= Warning: Error buffer overflow has been detected. Some records have been dropped
========= 
========= Warning: Error buffer overflow has been detected. Some records have been dropped
========= 
========= Warning: Error buffer overflow has been detected. Some records have been dropped
========= 
========= Warning: Error buffer overflow has been detected. Some records have been dropped
========= 
========= Warning: Error buffer overflow has been detected. Some records have been dropped
========= 
========= Warning: Error buffer overflow has been detected. Some records have been dropped
========= 
========= Warning: Error buffer overflow has been detected. Some records have been dropped
========= 
========= Warning: Error buffer overflow has been detected. Some records have been dropped
========= 
========= Warning: Error buffer overflow has been detected. Some records have been dropped
========= 
========= Warning: Error buffer overflow has been detected. Some records have been dropped
========= 
========= Warning: Error buffer overflow has been detected. Some records have been dropped
========= 
========= Warning: Error buffer overflow has been detected. Some records have been dropped
========= 
========= Warning: Error buffer overflow has been detected. Some records have been dropped
========= 
========= Warning: Error buffer overflow has been detected. Some records have been dropped
========= 
========= Warning: Error buffer overflow has been detected. Some records have been dropped
========= 
========= Warning: Error buffer overflow has been detected. Some records have been dropped
========= 
========= Warning: Error buffer overflow has been detected. Some records have been dropped
========= 
========= Warning: Error buffer overflow has been detected. Some records have been dropped
========= 
========= Warning: Error buffer overflow has been detected. Some records have been dropped
========= 
========= Warning: Error buffer overflow has been detected. Some records have been dropped
========= 
========= Warning: Error buffer overflow has been detected. Some records have been dropped
========= 
========= Warning: Error buffer overflow has been detected. Some records have been dropped
========= 
========= Warning: Error buffer overflow has been detected. Some records have been dropped
========= 
========= Warning: Error buffer overflow has been detected. Some records have been dropped
========= 
========= Warning: Error buffer overflow has been detected. Some records have been dropped
========= 
========= Warning: Error buffer overflow has been detected. Some records have been dropped
========= 
========= Warning: Error buffer overflow has been detected. Some records have been dropped
========= 
========= Warning: Error buffer overflow has been detected. Some records have been dropped
========= 
========= Warning: Error buffer overflow has been detected. Some records have been dropped
========= 
========= Warning: Error buffer overflow has been detected. Some records have been dropped
========= 
========= Warning: Error buffer overflow has been detected. Some records have been dropped
========= 
========= Warning: Error buffer overflow has been detected. Some records have been dropped
========= 
========= Warning: Error buffer overflow has been detected. Some records have been dropped
========= 
========= Warning: Error buffer overflow has been detected. Some records have been dropped
========= 
========= Warning: Error buffer overflow has been detected. Some records have been dropped
========= 
========= Warning: Error buffer overflow has been detected. Some records have been dropped
========= 
========= Warning: Error buffer overflow has been detected. Some records have been dropped
========= 
========= Warning: Error buffer overflow has been detected. Some records have been dropped
========= 
========= Warning: Error buffer overflow has been detected. Some records have been dropped
========= 
========= Warning: Error buffer overflow has been detected. Some records have been dropped
========= 
========= Warning: Error buffer overflow has been detected. Some records have been dropped
========= 
========= Warning: Error buffer overflow has been detected. Some records have been dropped
========= 
========= Warning: Error buffer overflow has been detected. Some records have been dropped
========= 
========= Warning: Error buffer overflow has been detected. Some records have been dropped
========= 
========= Warning: Error buffer overflow has been detected. Some records have been dropped
========= 
========= Warning: Error buffer overflow has been detected. Some records have been dropped
========= 
========= Warning: Error buffer overflow has been detected. Some records have been dropped
========= 
========= Warning: Error buffer overflow has been detected. Some records have been dropped
========= 
========= Warning: Error buffer overflow has been detected. Some records have been dropped
========= 
========= Warning: Error buffer overflow has been detected. Some records have been dropped
========= 
========= Warning: Error buffer overflow has been detected. Some records have been dropped
========= 
========= Warning: Error buffer overflow has been detected. Some records have been dropped
========= 
========= Warning: Error buffer overflow has been detected. Some records have been dropped
========= 
========= Warning: Error buffer overflow has been detected. Some records have been dropped
========= 
========= Warning: Error buffer overflow has been detected. Some records have been dropped
========= 
========= Warning: Error buffer overflow has been detected. Some records have been dropped
========= 
========= Warning: Error buffer overflow has been detected. Some records have been dropped
========= 
========= Warning: Error buffer overflow has been detected. Some records have been dropped
========= 
========= Warning: Error buffer overflow has been detected. Some records have been dropped
========= 
========= Warning: Error buffer overflow has been detected. Some records have been dropped
========= 
========= Warning: Error buffer overflow has been detected. Some records have been dropped
========= 
========= Warning: Error buffer overflow has been detected. Some records have been dropped
========= 
========= Warning: Error buffer overflow has been detected. Some records have been dropped
========= 
========= Warning: Error buffer overflow has been detected. Some records have been dropped
========= 
========= Warning: Error buffer overflow has been detected. Some records have been dropped
========= 
========= Warning: Error buffer overflow has been detected. Some records have been dropped
========= 
========= Warning: Error buffer overflow has been detected. Some records have been dropped
========= 
========= Warning: Error buffer overflow has been detected. Some records have been dropped
========= 
========= Warning: Error buffer overflow has been detected. Some records have been dropped
========= 
========= Warning: Error buffer overflow has been detected. Some records have been dropped
========= 
========= Warning: Error buffer overflow has been detected. Some records have been dropped
========= 
========= Warning: Error buffer overflow has been detected. Some records have been dropped
========= 
========= Warning: Error buffer overflow has been detected. Some records have been dropped
========= 
========= Warning: Error buffer overflow has been detected. Some records have been dropped
========= 
========= Warning: Error buffer overflow has been detected. Some records have been dropped
========= 
========= Warning: Error buffer overflow has been detected. Some records have been dropped
========= 
========= Warning: Error buffer overflow has been detected. Some records have been dropped
========= 
========= Warning: Error buffer overflow has been detected. Some records have been dropped
========= 
========= Warning: Error buffer overflow has been detected. Some records have been dropped
========= 
========= Warning: Error buffer overflow has been detected. Some records have been dropped
========= 
========= Warning: Error buffer overflow has been detected. Some records have been dropped
========= 
========= Warning: Error buffer overflow has been detected. Some records have been dropped
========= 
========= Warning: Error buffer overflow has been detected. Some records have been dropped
========= 
========= Warning: Error buffer overflow has been detected. Some records have been dropped
========= 
========= Warning: Error buffer overflow has been detected. Some records have been dropped
========= 
========= Warning: Error buffer overflow has been detected. Some records have been dropped
========= 
========= Warning: Error buffer overflow has been detected. Some records have been dropped
========= 
========= Warning: Error buffer overflow has been detected. Some records have been dropped
========= 
========= Warning: Error buffer overflow has been detected. Some records have been dropped
========= 
========= Warning: Error buffer overflow has been detected. Some records have been dropped
========= 
========= Warning: Error buffer overflow has been detected. Some records have been dropped
========= 
========= Warning: Error buffer overflow has been detected. Some records have been dropped
========= 
========= Warning: Error buffer overflow has been detected. Some records have been dropped
========= 
========= Warning: Error buffer overflow has been detected. Some records have been dropped
========= 
========= Warning: Error buffer overflow has been detected. Some records have been dropped
========= 
========= Warning: Error buffer overflow has been detected. Some records have been dropped
========= 
========= Warning: Error buffer overflow has been detected. Some records have been dropped
========= 
========= Warning: Error buffer overflow has been detected. Some records have been dropped
========= 
========= Warning: Error buffer overflow has been detected. Some records have been dropped
========= 
========= Warning: Error buffer overflow has been detected. Some records have been dropped
========= 
========= Warning: Error buffer overflow has been detected. Some records have been dropped
========= 
========= Warning: Error buffer overflow has been detected. Some records have been dropped
========= 
========= Warning: Error buffer overflow has been detected. Some records have been dropped
========= 
========= Warning: Error buffer overflow has been detected. Some records have been dropped
========= 
========= Warning: Error buffer overflow has been detected. Some records have been dropped
========= 
========= Warning: Error buffer overflow has been detected. Some records have been dropped
========= 
========= Warning: Error buffer overflow has been detected. Some records have been dropped
========= 
========= Warning: Error buffer overflow has been detected. Some records have been dropped
========= 
========= Warning: Error buffer overflow has been detected. Some records have been dropped
========= 
========= Warning: Error buffer overflow has been detected. Some records have been dropped
========= 
========= Warning: Error buffer overflow has been detected. Some records have been dropped
========= 
========= Warning: Error buffer overflow has been detected. Some records have been dropped
========= 
========= Warning: Error buffer overflow has been detected. Some records have been dropped
========= 
========= Warning: Error buffer overflow has been detected. Some records have been dropped
========= 
========= Warning: Error buffer overflow has been detected. Some records have been dropped
========= 
========= Warning: Error buffer overflow has been detected. Some records have been dropped
========= 
========= Warning: Error buffer overflow has been detected. Some records have been dropped
========= 
========= Warning: Error buffer overflow has been detected. Some records have been dropped
========= 
========= Warning: Error buffer overflow has been detected. Some records have been dropped
========= 
========= Warning: Error buffer overflow has been detected. Some records have been dropped
========= 
========= Warning: Error buffer overflow has been detected. Some records have been dropped
========= 
========= Warning: Error buffer overflow has been detected. Some records have been dropped
========= 
========= Warning: Error buffer overflow has been detected. Some records have been dropped
========= 
========= Warning: Error buffer overflow has been detected. Some records have been dropped
========= 
========= Warning: Error buffer overflow has been detected. Some records have been dropped
========= 
========= Warning: Error buffer overflow has been detected. Some records have been dropped
========= 
========= Warning: Error buffer overflow has been detected. Some records have been dropped
========= 
========= Warning: Error buffer overflow has been detected. Some records have been dropped
========= 
========= Warning: Error buffer overflow has been detected. Some records have been dropped
========= 
========= Warning: Error buffer overflow has been detected. Some records have been dropped
========= 
========= Warning: Error buffer overflow has been detected. Some records have been dropped
========= 
========= Warning: Error buffer overflow has been detected. Some records have been dropped
========= 
========= Warning: Error buffer overflow has been detected. Some records have been dropped
========= 
========= Warning: Error buffer overflow has been detected. Some records have been dropped
========= 
========= Warning: Error buffer overflow has been detected. Some records have been dropped
========= 
========= Warning: Error buffer overflow has been detected. Some records have been dropped
========= 
========= Warning: Error buffer overflow has been detected. Some records have been dropped
========= 
========= Warning: Error buffer overflow has been detected. Some records have been dropped
========= 
========= Warning: Error buffer overflow has been detected. Some records have been dropped
========= 
========= Warning: Error buffer overflow has been detected. Some records have been dropped
========= 
========= Warning: Error buffer overflow has been detected. Some records have been dropped
========= 
========= Warning: Error buffer overflow has been detected. Some records have been dropped
========= 
========= Warning: Error buffer overflow has been detected. Some records have been dropped
========= 
========= Warning: Error buffer overflow has been detected. Some records have been dropped
========= 
========= Warning: Error buffer overflow has been detected. Some records have been dropped
========= 
========= Warning: Error buffer overflow has been detected. Some records have been dropped
========= 
========= Warning: Error buffer overflow has been detected. Some records have been dropped
========= 
========= Warning: Error buffer overflow has been detected. Some records have been dropped
========= 
========= Warning: Error buffer overflow has been detected. Some records have been dropped
========= 
========= Warning: Error buffer overflow has been detected. Some records have been dropped
========= 
========= Warning: Error buffer overflow has been detected. Some records have been dropped
========= 
========= Warning: Error buffer overflow has been detected. Some records have been dropped
========= 
========= Warning: Error buffer overflow has been detected. Some records have been dropped
========= 
========= Warning: Error buffer overflow has been detected. Some records have been dropped
========= 
========= Warning: Error buffer overflow has been detected. Some records have been dropped
========= 
========= Warning: Error buffer overflow has been detected. Some records have been dropped
========= 
========= Warning: Error buffer overflow has been detected. Some records have been dropped
========= 
========= Warning: Error buffer overflow has been detected. Some records have been dropped
========= 
========= Warning: Error buffer overflow has been detected. Some records have been dropped
========= 
========= Warning: Error buffer overflow has been detected. Some records have been dropped
========= 
========= Warning: Error buffer overflow has been detected. Some records have been dropped
========= 
========= Warning: Error buffer overflow has been detected. Some records have been dropped
========= 
========= Warning: Error buffer overflow has been detected. Some records have been dropped
========= 
========= Warning: Error buffer overflow has been detected. Some records have been dropped
========= 
========= Warning: Error buffer overflow has been detected. Some records have been dropped
========= 
========= Warning: Error buffer overflow has been detected. Some records have been dropped
========= 
========= Warning: Error buffer overflow has been detected. Some records have been dropped
========= 
========= Warning: Error buffer overflow has been detected. Some records have been dropped
========= 
========= Warning: Error buffer overflow has been detected. Some records have been dropped
========= 
========= Warning: Error buffer overflow has been detected. Some records have been dropped
========= 
========= Warning: Error buffer overflow has been detected. Some records have been dropped
========= 
========= Warning: Error buffer overflow has been detected. Some records have been dropped
========= 
========= Warning: Error buffer overflow has been detected. Some records have been dropped
========= 
========= Warning: Error buffer overflow has been detected. Some records have been dropped
========= 
========= Warning: Error buffer overflow has been detected. Some records have been dropped
========= 
========= Warning: Error buffer overflow has been detected. Some records have been dropped
========= 
========= Warning: Error buffer overflow has been detected. Some records have been dropped
========= 
========= Warning: Error buffer overflow has been detected. Some records have been dropped
========= 
========= Warning: Error buffer overflow has been detected. Some records have been dropped
========= 
========= Warning: Error buffer overflow has been detected. Some records have been dropped
========= 
========= Warning: Error buffer overflow has been detected. Some records have been dropped
========= 
========= Warning: Error buffer overflow has been detected. Some records have been dropped
========= 
========= Warning: Error buffer overflow has been detected. Some records have been dropped
========= 
========= Warning: Error buffer overflow has been detected. Some records have been dropped
========= 
========= Warning: Error buffer overflow has been detected. Some records have been dropped
========= 
========= Warning: Error buffer overflow has been detected. Some records have been dropped
========= 
========= Warning: Error buffer overflow has been detected. Some records have been dropped
========= 
========= Warning: Error buffer overflow has been detected. Some records have been dropped
========= 
========= Warning: Error buffer overflow has been detected. Some records have been dropped
========= 
========= Warning: Error buffer overflow has been detected. Some records have been dropped
========= 
========= Warning: Error buffer overflow has been detected. Some records have been dropped
========= 
========= Warning: Error buffer overflow has been detected. Some records have been dropped
========= 
========= Warning: Error buffer overflow has been detected. Some records have been dropped
========= 
========= Warning: Error buffer overflow has been detected. Some records have been dropped
========= 
========= Warning: Error buffer overflow has been detected. Some records have been dropped
========= 
========= Warning: Error buffer overflow has been detected. Some records have been dropped
========= 
========= Warning: Error buffer overflow has been detected. Some records have been dropped
========= 
========= Warning: Error buffer overflow has been detected. Some records have been dropped
========= 
========= Warning: Error buffer overflow has been detected. Some records have been dropped
========= 
========= Warning: Error buffer overflow has been detected. Some records have been dropped
========= 
========= Warning: Error buffer overflow has been detected. Some records have been dropped
========= 
========= Warning: Error buffer overflow has been detected. Some records have been dropped
========= 
========= Warning: Error buffer overflow has been detected. Some records have been dropped
========= 
========= Warning: Error buffer overflow has been detected. Some records have been dropped
========= 
========= Warning: Error buffer overflow has been detected. Some records have been dropped
========= 
========= Warning: Error buffer overflow has been detected. Some records have been dropped
========= 
========= Warning: Error buffer overflow has been detected. Some records have been dropped
========= 
========= Warning: Error buffer overflow has been detected. Some records have been dropped
========= 
========= Warning: Error buffer overflow has been detected. Some records have been dropped
========= 
========= Warning: Error buffer overflow has been detected. Some records have been dropped
========= 
========= Warning: Error buffer overflow has been detected. Some records have been dropped
========= 
========= Warning: Error buffer overflow has been detected. Some records have been dropped
========= 
========= Warning: Error buffer overflow has been detected. Some records have been dropped
========= 
========= Warning: Error buffer overflow has been detected. Some records have been dropped
========= 
========= Warning: Error buffer overflow has been detected. Some records have been dropped
========= 
========= Warning: Error buffer overflow has been detected. Some records have been dropped
========= 
========= Warning: Error buffer overflow has been detected. Some records have been dropped
========= 
========= Warning: Error buffer overflow has been detected. Some records have been dropped
========= 
========= Warning: Error buffer overflow has been detected. Some records have been dropped
========= 
========= Warning: Error buffer overflow has been detected. Some records have been dropped
========= 
========= Warning: Error buffer overflow has been detected. Some records have been dropped
========= 
========= Warning: Error buffer overflow has been detected. Some records have been dropped
========= 
========= Warning: Error buffer overflow has been detected. Some records have been dropped
========= 
========= Warning: Error buffer overflow has been detected. Some records have been dropped
========= 
========= Warning: Error buffer overflow has been detected. Some records have been dropped
========= 
========= Warning: Error buffer overflow has been detected. Some records have been dropped
========= 
========= Warning: Error buffer overflow has been detected. Some records have been dropped
========= 
========= Warning: Error buffer overflow has been detected. Some records have been dropped
========= 
========= Warning: Error buffer overflow has been detected. Some records have been dropped
========= 
========= Warning: Error buffer overflow has been detected. Some records have been dropped
========= 
========= Warning: Error buffer overflow has been detected. Some records have been dropped
========= 
========= Warning: Error buffer overflow has been detected. Some records have been dropped
========= 
========= Warning: Error buffer overflow has been detected. Some records have been dropped
========= 
========= Warning: Error buffer overflow has been detected. Some records have been dropped
========= 
========= Warning: Error buffer overflow has been detected. Some records have been dropped
========= 
========= Warning: Error buffer overflow has been detected. Some records have been dropped
========= 
========= Warning: Error buffer overflow has been detected. Some records have been dropped
========= 
========= Warning: Error buffer overflow has been detected. Some records have been dropped
========= 
========= Warning: Error buffer overflow has been detected. Some records have been dropped
========= 
========= Warning: Error buffer overflow has been detected. Some records have been dropped
========= 
========= Warning: Error buffer overflow has been detected. Some records have been dropped
========= 
========= Warning: Error buffer overflow has been detected. Some records have been dropped
========= 
========= Warning: Error buffer overflow has been detected. Some records have been dropped
========= 
========= Warning: Error buffer overflow has been detected. Some records have been dropped
========= 
========= Warning: Error buffer overflow has been detected. Some records have been dropped
========= 
========= Warning: Error buffer overflow has been detected. Some records have been dropped
========= 
========= Warning: Error buffer overflow has been detected. Some records have been dropped
========= 
========= Warning: Error buffer overflow has been detected. Some records have been dropped
========= 
========= Warning: Error buffer overflow has been detected. Some records have been dropped
========= 
========= Warning: Error buffer overflow has been detected. Some records have been dropped
========= 
========= Warning: Error buffer overflow has been detected. Some records have been dropped
========= 
========= Warning: Error buffer overflow has been detected. Some records have been dropped
========= 
========= Warning: Error buffer overflow has been detected. Some records have been dropped
========= 
========= Warning: Error buffer overflow has been detected. Some records have been dropped
========= 
========= Warning: Error buffer overflow has been detected. Some records have been dropped
========= 
========= Warning: Error buffer overflow has been detected. Some records have been dropped
========= 
========= Warning: Error buffer overflow has been detected. Some records have been dropped
========= 
========= Warning: Error buffer overflow has been detected. Some records have been dropped
========= 
========= Warning: Error buffer overflow has been detected. Some records have been dropped
========= 
========= Warning: Error buffer overflow has been detected. Some records have been dropped
========= 
========= Warning: Error buffer overflow has been detected. Some records have been dropped
========= 
========= Warning: Error buffer overflow has been detected. Some records have been dropped
========= 
========= Warning: Error buffer overflow has been detected. Some records have been dropped
========= 
========= Warning: Error buffer overflow has been detected. Some records have been dropped
========= 
========= Warning: Error buffer overflow has been detected. Some records have been dropped
========= 
========= Warning: Error buffer overflow has been detected. Some records have been dropped
========= 
========= Warning: Error buffer overflow has been detected. Some records have been dropped
========= 
========= Warning: Error buffer overflow has been detected. Some records have been dropped
========= 
========= Warning: Error buffer overflow has been detected. Some records have been dropped
========= 
========= Warning: Error buffer overflow has been detected. Some records have been dropped
========= 
========= Warning: Error buffer overflow has been detected. Some records have been dropped
========= 
========= Warning: Error buffer overflow has been detected. Some records have been dropped
========= 
========= Warning: Error buffer overflow has been detected. Some records have been dropped
========= 
========= Warning: Error buffer overflow has been detected. Some records have been dropped
========= 
========= Warning: Error buffer overflow has been detected. Some records have been dropped
========= 
========= Warning: Error buffer overflow has been detected. Some records have been dropped
========= 
========= Warning: Error buffer overflow has been detected. Some records have been dropped
========= 
========= Warning: Error buffer overflow has been detected. Some records have been dropped
========= 
========= Warning: Error buffer overflow has been detected. Some records have been dropped
========= 
========= Warning: Error buffer overflow has been detected. Some records have been dropped
========= 
========= Warning: Error buffer overflow has been detected. Some records have been dropped
========= 
========= Warning: Error buffer overflow has been detected. Some records have been dropped
========= 
========= Warning: Error buffer overflow has been detected. Some records have been dropped
========= 
========= Warning: Error buffer overflow has been detected. Some records have been dropped
========= 
========= Warning: Error buffer overflow has been detected. Some records have been dropped
========= 
========= Warning: Error buffer overflow has been detected. Some records have been dropped
========= 
========= Warning: Error buffer overflow has been detected. Some records have been dropped
========= 
========= Warning: Error buffer overflow has been detected. Some records have been dropped
========= 
========= Warning: Error buffer overflow has been detected. Some records have been dropped
========= 
========= Warning: Error buffer overflow has been detected. Some records have been dropped
========= 
========= Warning: Error buffer overflow has been detected. Some records have been dropped
========= 
========= Warning: Error buffer overflow has been detected. Some records have been dropped
========= 
========= Warning: Error buffer overflow has been detected. Some records have been dropped
========= 
========= Warning: Error buffer overflow has been detected. Some records have been dropped
========= 
========= Warning: Error buffer overflow has been detected. Some records have been dropped
========= 
========= Warning: Error buffer overflow has been detected. Some records have been dropped
========= 
========= Warning: Error buffer overflow has been detected. Some records have been dropped
========= 
========= Warning: Error buffer overflow has been detected. Some records have been dropped
========= 
========= ERROR SUMMARY: 290910 errors
========= ERROR SUMMARY: 289750 errors were not printed. Use --print-limit option to adjust the number of printed errors
========= 
========= 58919252 errors were skipped (error buffer overflow).
rc=0
