========= COMPUTE-SANITIZER
========= Uninitialized __global__ memory read of size 16 bytes
=========     at void flash_fwd_kernel<Flash_fwd_kernel_traits<(int)64, (int)128, (int)128, (int)4, (bool)0, (bool)0, cutlass::half_t, Flash_kernel_traits<(int)64, (int)128, (int)128, (int)4, cutlass::half_t>>, (bool)0, (bool)0, (bool)0, (bool)0, (bool)1, (bool)0>(Flash_fwd_params)+0xa10
=========     by thread (96,0,0) in block (0,0,0)
=========     Address 0xe27431600
=========     Saved host backtrace up to driver entry point at kernel launch time
=========         Host Frame: cudaLaunchKernel [0x800837] in libctranslate2.so.4
=========         Host Frame: run_flash_fwd<Flash_fwd_kernel_traits<64, 128, 128, 4, false, false, cutlass::half_t, Flash_kernel_traits<64, 128, 128, 4, cutlass::half_t> >, false>(Flash_fwd_params&, CUstream_st*)::{lambda()#1}::operator()() const::{lambda()#2}::operator()() const::{lambda()#1}::operator()() const::{lambda()#1}::operator()() const::{lambda()#1}::operator()() const::{lambda()#2}::operator()() const::{lambda()#1}::operator()() const::{lambda()#2}::operator()() const::{lambda()#1}::operator()() const::{lambda()#2}::operator()() const [0x4b40c6] in libctranslate2.so.4
=========         Host Frame: void run_flash_fwd<Flash_fwd_kernel_traits<64, 128, 128, 4, false, false, cutlass::half_t, Flash_kernel_traits<64, 128, 128, 4, cutlass::half_t> >, false>(Flash_fwd_params&, CUstream_st*) [0x4b64db] in libctranslate2.so.4
=========         Host Frame: void ctranslate2::ops::FlashAttention::compute<(ctranslate2::Device)1>(ctranslate2::StorageView&, ctranslate2::StorageView&, ctranslate2::StorageView&, ctranslate2::StorageView&, ctranslate2::StorageView*, ctranslate2::StorageView*, ctranslate2::StorageView*, bool, ctranslate2::StorageView*, ctranslate2::StorageView*, bool, ctranslate2::StorageView*, long) const [0x764940] in libctranslate2.so.4
=========         Host Frame: ctranslate2::layers::FlashMultiHeadAttention::operator()(ctranslate2::StorageView const&, ctranslate2::StorageView const&, ctranslate2::StorageView const*, ctranslate2::StorageView&, ctranslate2::StorageView*, ctranslate2::StorageView*, ctranslate2::StorageView*, ctranslate2::Padder const*, ctranslate2::Padder const*, bool, ctranslate2::StorageView*, long, ctranslate2::layers::DecodeWorkspace*) const [0x347c9a] in libctranslate2.so.4
=========         Host Frame: ctranslate2::layers::TransformerEncoderLayer::operator()(ctranslate2::StorageView const&, ctranslate2::StorageView const*, ctranslate2::StorageView&, ctranslate2::Padder const*, ctranslate2::StorageView*) const [0x355978] in libctranslate2.so.4
=========         Host Frame: ctranslate2::layers::WhisperEncoder::operator()(ctranslate2::StorageView const&, ctranslate2::StorageView&) [0x36c5b6] in libctranslate2.so.4
=========         Host Frame: ctranslate2::models::WhisperReplica::maybe_encode(ctranslate2::StorageView) [0x3ca619] in libctranslate2.so.4
=========         Host Frame: ctranslate2::models::WhisperReplica::generate(ctranslate2::StorageView, std::vector<std::vector<unsigned long, std::allocator<unsigned long> >, std::allocator<std::vector<unsigned long, std::allocator<unsigned long> > > > const&, ctranslate2::models::WhisperOptions const&) [0x3d2702] in libctranslate2.so.4
=========         Host Frame: ctranslate2::models::WhisperReplica::generate(ctranslate2::StorageView, std::vector<std::vector<std::__cxx11::basic_string<char, std::char_traits<char>, std::allocator<char> >, std::allocator<std::__cxx11::basic_string<char, std::char_traits<char>, std::allocator<char> > > >, std::allocator<std::vector<std::__cxx11::basic_string<char, std::char_traits<char>, std::allocator<char> >, std::allocator<std::__cxx11::basic_string<char, std::char_traits<char>, std::allocator<char> > > > > > const&, ctranslate2::models::WhisperOptions const&) [0x3d4709] in libctranslate2.so.4
=========         Host Frame: ctranslate2::ReplicaPool<ctranslate2::models::WhisperReplica>::BatchJob<ctranslate2::models::WhisperGenerationResult, ctranslate2::ReplicaPool<ctranslate2::models::WhisperReplica>::post_batch<ctranslate2::models::WhisperGenerationResult, ctranslate2::models::Whisper::generate(ctranslate2::StorageView const&, std::vector<std::vector<std::__cxx11::basic_string<char, std::char_traits<char>, std::allocator<char> >, std::allocator<std::__cxx11::basic_string<char, std::char_traits<char>, std::allocator<char> > > >, std::allocator<std::vector<std::__cxx11::basic_string<char, std::char_traits<char>, std::allocator<char> >, std::allocator<std::__cxx11::basic_string<char, std::char_traits<char>, std::allocator<char> > > > > >, ctranslate2::models::WhisperOptions)::{lambda(ctranslate2::models::WhisperReplica&)#1}>(ctranslate2::models::Whisper::generate(ctranslate2::StorageView const&, std::vector<std::vector<std::__cxx11::basic_string<char, std::char_traits<char>, std::allocator<char> >, std::allocator<std::__cxx11::basic_string<char, std::char_traits<char>, std::allocator<char> > > >, std::allocator<std::vector<std::__cxx11::basic_string<char, std::char_traits<char>, std::allocator<char> >, std::allocator<std::__cxx11::basic_string<char, std::char_traits<char>, std::allocator<char> > > > > >, ctranslate2::models::WhisperOptions)::{lambda(ctranslate2::models::WhisperReplica&)#1}, std::vector<std::promise<ctranslate2::models::WhisperGenerationResult>, std::allocator<ctranslate2::models::WhisperGenerationResult> >)::{lambda()#1}>::run() [0x3d4832] in libctranslate2.so.4
=========         Host Frame: ctranslate2::Worker::run(ctranslate2::JobQueue&) [0x427512] in libctranslate2.so.4
=========         Host Frame:  [0xdc252] in libstdc++.so.6
=========         Host Frame:  [0x94a82] in libc.so.6
=========         Host Frame:  [0x1268df] in libc.so.6
========= 
========= Uninitialized __global__ memory read of size 16 bytes
=========     at void flash_fwd_kernel<Flash_fwd_kernel_traits<(int)64, (int)128, (int)128, (int)4, (bool)0, (bool)0, cutlass::half_t, Flash_kernel_traits<(int)64, (int)128, (int)128, (int)4, cutlass::half_t>>, (bool)0, (bool)0, (bool)0, (bool)0, (bool)1, (bool)0>(Flash_fwd_params)+0xa10
=========     by thread (97,0,0) in block (0,0,0)
=========     Address 0xe27431610
=========     Saved host backtrace up to driver entry point at kernel launch time
=========         Host Frame: cudaLaunchKernel [0x800837] in libctranslate2.so.4
=========         Host Frame: run_flash_fwd<Flash_fwd_kernel_traits<64, 128, 128, 4, false, false, cutlass::half_t, Flash_kernel_traits<64, 128, 128, 4, cutlass::half_t> >, false>(Flash_fwd_params&, CUstream_st*)::{lambda()#1}::operator()() const::{lambda()#2}::operator()() const::{lambda()#1}::operator()() const::{lambda()#1}::operator()() const::{lambda()#1}::operator()() const::{lambda()#2}::operator()() const::{lambda()#1}::operator()() const::{lambda()#2}::operator()() const::{lambda()#1}::operator()() const::{lambda()#2}::operator()() const [0x4b40c6] in libctranslate2.so.4
=========         Host Frame: void run_flash_fwd<Flash_fwd_kernel_traits<64, 128, 128, 4, false, false, cutlass::half_t, Flash_kernel_traits<64, 128, 128, 4, cutlass::half_t> >, false>(Flash_fwd_params&, CUstream_st*) [0x4b64db] in libctranslate2.so.4
=========         Host Frame: void ctranslate2::ops::FlashAttention::compute<(ctranslate2::Device)1>(ctranslate2::StorageView&, ctranslate2::StorageView&, ctranslate2::StorageView&, ctranslate2::StorageView&, ctranslate2::StorageView*, ctranslate2::StorageView*, ctranslate2::StorageView*, bool, ctranslate2::StorageView*, ctranslate2::StorageView*, bool, ctranslate2::StorageView*, long) const [0x764940] in libctranslate2.so.4
=========         Host Frame: ctranslate2::layers::FlashMultiHeadAttention::operator()(ctranslate2::StorageView const&, ctranslate2::StorageView const&, ctranslate2::StorageView const*, ctranslate2::StorageView&, ctranslate2::StorageView*, ctranslate2::StorageView*, ctranslate2::StorageView*, ctranslate2::Padder const*, ctranslate2::Padder const*, bool, ctranslate2::StorageView*, long, ctranslate2::layers::DecodeWorkspace*) const [0x347c9a] in libctranslate2.so.4
=========         Host Frame: ctranslate2::layers::TransformerEncoderLayer::operator()(ctranslate2::StorageView const&, ctranslate2::StorageView const*, ctranslate2::StorageView&, ctranslate2::Padder const*, ctranslate2::StorageView*) const [0x355978] in libctranslate2.so.4
=========         Host Frame: ctranslate2::layers::WhisperEncoder::operator()(ctranslate2::StorageView const&, ctranslate2::StorageView&) [0x36c5b6] in libctranslate2.so.4
=========         Host Frame: ctranslate2::models::WhisperReplica::maybe_encode(ctranslate2::StorageView) [0x3ca619] in libctranslate2.so.4
=========         Host Frame: ctranslate2::models::WhisperReplica::generate(ctranslate2::StorageView, std::vector<std::vector<unsigned long, std::allocator<unsigned long> >, std::allocator<std::vector<unsigned long, std::allocator<unsigned long> > > > const&, ctranslate2::models::WhisperOptions const&) [0x3d2702] in libctranslate2.so.4
=========         Host Frame: ctranslate2::models::WhisperReplica::generate(ctranslate2::StorageView, std::vector<std::vector<std::__cxx11::basic_string<char, std::char_traits<char>, std::allocator<char> >, std::allocator<std::__cxx11::basic_string<char, std::char_traits<char>, std::allocator<char> > > >, std::allocator<std::vector<std::__cxx11::basic_string<char, std::char_traits<char>, std::allocator<char> >, std::allocator<std::__cxx11::basic_string<char, std::char_traits<char>, std::allocator<char> > > > > > const&, ctranslate2::models::WhisperOptions const&) [0x3d4709] in libctranslate2.so.4
=========         Host Frame: ctranslate2::ReplicaPool<ctranslate2::models::WhisperReplica>::BatchJob<ctranslate2::models::WhisperGenerationResult, ctranslate2::ReplicaPool<ctranslate2::models::WhisperReplica>::post_batch<ctranslate2::models::WhisperGenerationResult, ctranslate2::models::Whisper::generate(ctranslate2::StorageView const&, std::vector<std::vector<std::__cxx11::basic_string<char, std::char_traits<char>, std::allocator<char> >, std::allocator<std::__cxx11::basic_string<char, std::char_traits<char>, std::allocator<char> > > >, std::allocator<std::vector<std::__cxx11::basic_string<char, std::char_traits<char>, std::allocator<char> >, std::allocator<std::__cxx11::basic_string<char, std::char_traits<char>, std::allocator<char> > > > > >, ctranslate2::models::WhisperOptions)::{lambda(ctranslate2::models::WhisperReplica&)#1}>(ctranslate2::models::Whisper::generate(ctranslate2::StorageView const&, std::vector<std::vector<std::__cxx11::basic_string<char, std::char_traits<char>, std::allocator<char> >, std::allocator<std::__cxx11::basic_string<char, std::char_traits<char>, std::allocator<char> > > >, std::allocator<std::vector<std::__cxx11::basic_string<char, std::char_traits<char>, std::allocator<char> >, std::allocator<std::__cxx11::basic_string<char, std::char_traits<char>, std::allocator<char> > > > > >, ctranslate2::models::WhisperOptions)::{lambda(ctranslate2::models::WhisperReplica&)#1}, std::vector<std::promise<ctranslate2::models::WhisperGenerationResult>, std::allocator<ctranslate2::models::WhisperGenerationResult> >)::{lambda()#1}>::run() [0x3d4832] in libctranslate2.so.4
=========         Host Frame: ctranslate2::Worker::run(ctranslate2::JobQueue&) [0x427512] in libctranslate2.so.4
=========         Host Frame:  [0xdc252] in libstdc++.so.6
=========         Host Frame:  [0x94a82] in libc.so.6
=========         Host Frame:  [0x1268df] in libc.so.6
========= 
========= Uninitialized __global__ memory read of size 16 bytes
=========     at void flash_fwd_kernel<Flash_fwd_kernel_traits<(int)64, (int)128, (int)128, (int)4, (bool)0, (bool)0, cutlass::half_t, Flash_kernel_traits<(int)64, (int)128, (int)128, (int)4, cutlass::half_t>>, (bool)0, (bool)0, (bool)0, (bool)0, (bool)1, (bool)0>(Flash_fwd_params)+0xa10
=========     by thread (98,0,0) in block (0,0,0)
=========     Address 0xe27431620
=========     Saved host backtrace up to driver entry point at kernel launch time
=========         Host Frame: cudaLaunchKernel [0x800837] in libctranslate2.so.4
=========         Host Frame: run_flash_fwd<Flash_fwd_kernel_traits<64, 128, 128, 4, false, false, cutlass::half_t, Flash_kernel_traits<64, 128, 128, 4, cutlass::half_t> >, false>(Flash_fwd_params&, CUstream_st*)::{lambda()#1}::operator()() const::{lambda()#2}::operator()() const::{lambda()#1}::operator()() const::{lambda()#1}::operator()() const::{lambda()#1}::operator()() const::{lambda()#2}::operator()() const::{lambda()#1}::operator()() const::{lambda()#2}::operator()() const::{lambda()#1}::operator()() const::{lambda()#2}::operator()() const [0x4b40c6] in libctranslate2.so.4
=========         Host Frame: void run_flash_fwd<Flash_fwd_kernel_traits<64, 128, 128, 4, false, false, cutlass::half_t, Flash_kernel_traits<64, 128, 128, 4, cutlass::half_t> >, false>(Flash_fwd_params&, CUstream_st*) [0x4b64db] in libctranslate2.so.4
=========         Host Frame: void ctranslate2::ops::FlashAttention::compute<(ctranslate2::Device)1>(ctranslate2::StorageView&, ctranslate2::StorageView&, ctranslate2::StorageView&, ctranslate2::StorageView&, ctranslate2::StorageView*, ctranslate2::StorageView*, ctranslate2::StorageView*, bool, ctranslate2::StorageView*, ctranslate2::StorageView*, bool, ctranslate2::StorageView*, long) const [0x764940] in libctranslate2.so.4
=========         Host Frame: ctranslate2::layers::FlashMultiHeadAttention::operator()(ctranslate2::StorageView const&, ctranslate2::StorageView const&, ctranslate2::StorageView const*, ctranslate2::StorageView&, ctranslate2::StorageView*, ctranslate2::StorageView*, ctranslate2::StorageView*, ctranslate2::Padder const*, ctranslate2::Padder const*, bool, ctranslate2::StorageView*, long, ctranslate2::layers::DecodeWorkspace*) const [0x347c9a] in libctranslate2.so.4
=========         Host Frame: ctranslate2::layers::TransformerEncoderLayer::operator()(ctranslate2::StorageView const&, ctranslate2::StorageView const*, ctranslate2::StorageView&, ctranslate2::Padder const*, ctranslate2::StorageView*) const [0x355978] in libctranslate2.so.4
=========         Host Frame: ctranslate2::layers::WhisperEncoder::operator()(ctranslate2::StorageView const&, ctranslate2::StorageView&) [0x36c5b6] in libctranslate2.so.4
=========         Host Frame: ctranslate2::models::WhisperReplica::maybe_encode(ctranslate2::StorageView) [0x3ca619] in libctranslate2.so.4
=========         Host Frame: ctranslate2::models::WhisperReplica::generate(ctranslate2::StorageView, std::vector<std::vector<unsigned long, std::allocator<unsigned long> >, std::allocator<std::vector<unsigned long, std::allocator<unsigned long> > > > const&, ctranslate2::models::WhisperOptions const&) [0x3d2702] in libctranslate2.so.4
=========         Host Frame: ctranslate2::models::WhisperReplica::generate(ctranslate2::StorageView, std::vector<std::vector<std::__cxx11::basic_string<char, std::char_traits<char>, std::allocator<char> >, std::allocator<std::__cxx11::basic_string<char, std::char_traits<char>, std::allocator<char> > > >, std::allocator<std::vector<std::__cxx11::basic_string<char, std::char_traits<char>, std::allocator<char> >, std::allocator<std::__cxx11::basic_string<char, std::char_traits<char>, std::allocator<char> > > > > > const&, ctranslate2::models::WhisperOptions const&) [0x3d4709] in libctranslate2.so.4
=========         Host Frame: ctranslate2::ReplicaPool<ctranslate2::models::WhisperReplica>::BatchJob<ctranslate2::models::WhisperGenerationResult, ctranslate2::ReplicaPool<ctranslate2::models::WhisperReplica>::post_batch<ctranslate2::models::WhisperGenerationResult, ctranslate2::models::Whisper::generate(ctranslate2::StorageView const&, std::vector<std::vector<std::__cxx11::basic_string<char, std::char_traits<char>, std::allocator<char> >, std::allocator<std::__cxx11::basic_string<char, std::char_traits<char>, std::allocator<char> > > >, std::allocator<std::vector<std::__cxx11::basic_string<char, std::char_traits<char>, std::allocator<char> >, std::allocator<std::__cxx11::basic_string<char, std::char_traits<char>, std::allocator<char> > > > > >, ctranslate2::models::WhisperOptions)::{lambda(ctranslate2::models::WhisperReplica&)#1}>(ctranslate2::models::Whisper::generate(ctranslate2::StorageView const&, std::vector<std::vector<std::__cxx11::basic_string<char, std::char_traits<char>, std::allocator<char> >, std::allocator<std::__cxx11::basic_string<char, std::char_traits<char>, std::allocator<char> > > >, std::allocator<std::vector<std::__cxx11::basic_string<char, std::char_traits<char>, std::allocator<char> >, std::allocator<std::__cxx11::basic_string<char, std::char_traits<char>, std::allocator<char> > > > > >, ctranslate2::models::WhisperOptions)::{lambda(ctranslate2::models::WhisperReplica&)#1}, std::vector<std::promise<ctranslate2::models::WhisperGenerationResult>, std::allocator<ctranslate2::models::WhisperGenerationResult> >)::{lambda()#1}>::run() [0x3d4832] in libctranslate2.so.4
=========         Host Frame: ctranslate2::Worker::run(ctranslate2::JobQueue&) [0x427512] in libctranslate2.so.4
=========         Host Frame:  [0xdc252] in libstdc++.so.6
=========         Host Frame:  [0x94a82] in libc.so.6
=========         Host Frame:  [0x1268df] in libc.so.6
========= 
========= Uninitialized __global__ memory read of size 16 bytes
=========     at void flash_fwd_kernel<Flash_fwd_kernel_traits<(int)64, (int)128, (int)128, (int)4, (bool)0, (bool)0, cutlass::half_t, Flash_kernel_traits<(int)64, (int)128, (int)128, (int)4, cutlass::half_t>>, (bool)0, (bool)0, (bool)0, (bool)0, (bool)1, (bool)0>(Flash_fwd_params)+0xa10
=========     by thread (99,0,0) in block (0,0,0)
=========     Address 0xe27431630
=========     Saved host backtrace up to driver entry point at kernel launch time
=========         Host Frame: cudaLaunchKernel [0x800837] in libctranslate2.so.4
=========         Host Frame: run_flash_fwd<Flash_fwd_kernel_traits<64, 128, 128, 4, false, false, cutlass::half_t, Flash_kernel_traits<64, 128, 128, 4, cutlass::half_t> >, false>(Flash_fwd_params&, CUstream_st*)::{lambda()#1}::operator()() const::{lambda()#2}::operator()() const::{lambda()#1}::operator()() const::{lambda()#1}::operator()() const::{lambda()#1}::operator()() const::{lambda()#2}::operator()() const::{lambda()#1}::operator()() const::{lambda()#2}::operator()() const::{lambda()#1}::operator()() const::{lambda()#2}::operator()() const [0x4b40c6] in libctranslate2.so.4
=========         Host Frame: void run_flash_fwd<Flash_fwd_kernel_traits<64, 128, 128, 4, false, false, cutlass::half_t, Flash_kernel_traits<64, 128, 128, 4, cutlass::half_t> >, false>(Flash_fwd_params&, CUstream_st*) [0x4b64db] in libctranslate2.so.4
=========         Host Frame: void ctranslate2::ops::FlashAttention::compute<(ctranslate2::Device)1>(ctranslate2::StorageView&, ctranslate2::StorageView&, ctranslate2::StorageView&, ctranslate2::StorageView&, ctranslate2::StorageView*, ctranslate2::StorageView*, ctranslate2::StorageView*, bool, ctranslate2::StorageView*, ctranslate2::StorageView*, bool, ctranslate2::StorageView*, long) const [0x764940] in libctranslate2.so.4
=========         Host Frame: ctranslate2::layers::FlashMultiHeadAttention::operator()(ctranslate2::StorageView const&, ctranslate2::StorageView const&, ctranslate2::StorageView const*, ctranslate2::StorageView&, ctranslate2::StorageView*, ctranslate2::StorageView*, ctranslate2::StorageView*, ctranslate2::Padder const*, ctranslate2::Padder const*, bool, ctranslate2::StorageView*, long, ctranslate2::layers::DecodeWorkspace*) const [0x347c9a] in libctranslate2.so.4
=========         Host Frame: ctranslate2::layers::TransformerEncoderLayer::operator()(ctranslate2::StorageView const&, ctranslate2::StorageView const*, ctranslate2::StorageView&, ctranslate2::Padder const*, ctranslate2::StorageView*) const [0x355978] in libctranslate2.so.4
=========         Host Frame: ctranslate2::layers::WhisperEncoder::operator()(ctranslate2::StorageView const&, ctranslate2::StorageView&) [0x36c5b6] in libctranslate2.so.4
=========         Host Frame: ctranslate2::models::WhisperReplica::maybe_encode(ctranslate2::StorageView) [0x3ca619] in libctranslate2.so.4
=========         Host Frame: ctranslate2::models::WhisperReplica::generate(ctranslate2::StorageView, std::vector<std::vector<unsigned long, std::allocator<unsigned long> >, std::allocator<std::vector<unsigned long, std::allocator<unsigned long> > > > const&, ctranslate2::models::WhisperOptions const&) [0x3d2702] in libctranslate2.so.4
=========         Host Frame: ctranslate2::models::WhisperReplica::generate(ctranslate2::StorageView, std::vector<std::vector<std::__cxx11::basic_string<char, std::char_traits<char>, std::allocator<char> >, std::allocator<std::__cxx11::basic_string<char, std::char_traits<char>, std::allocator<char> > > >, std::allocator<std::vector<std::__cxx11::basic_string<char, std::char_traits<char>, std::allocator<char> >, std::allocator<std::__cxx11::basic_string<char, std::char_traits<char>, std::allocator<char> > > > > > const&, ctranslate2::models::WhisperOptions const&) [0x3d4709] in libctranslate2.so.4
=========         Host Frame: ctranslate2::ReplicaPool<ctranslate2::models::WhisperReplica>::BatchJob<ctranslate2::models::WhisperGenerationResult, ctranslate2::ReplicaPool<ctranslate2::models::WhisperReplica>::post_batch<ctranslate2::models::WhisperGenerationResult, ctranslate2::models::Whisper::generate(ctranslate2::StorageView const&, std::vector<std::vector<std::__cxx11::basic_string<char, std::char_traits<char>, std::allocator<char> >, std::allocator<std::__cxx11::basic_string<char, std::char_traits<char>, std::allocator<char> > > >, std::allocator<std::vector<std::__cxx11::basic_string<char, std::char_traits<char>, std::allocator<char> >, std::allocator<std::__cxx11::basic_string<char, std::char_traits<char>, std::allocator<char> > > > > >, ctranslate2::models::WhisperOptions)::{lambda(ctranslate2::models::WhisperReplica&)#1}>(ctranslate2::models::Whisper::generate(ctranslate2::StorageView const&, std::vector<std::vector<std::__cxx11::basic_string<char, std::char_traits<char>, std::allocator<char> >, std::allocator<std::__cxx11::basic_string<char, std::char_traits<char>, std::allocator<char> > > >, std::allocator<std::vector<std::__cxx11::basic_string<char, std::char_traits<char>, std::allocator<char> >, std::allocator<std::__cxx11::basic_string<char, std::char_traits<char>, std::allocator<char> > > > > >, ctranslate2::models::WhisperOptions)::{lambda(ctranslate2::models::WhisperReplica&)#1}, std::vector<std::promise<ctranslate2::models::WhisperGenerationResult>, std::allocator<ctranslate2::models::WhisperGenerationResult> >)::{lambda()#1}>::run() [0x3d4832] in libctranslate2.so.4
=========         Host Frame: ctranslate2::Worker::run(ctranslate2::JobQueue&) [0x427512] in libctranslate2.so.4
=========         Host Frame:  [0xdc252] in libstdc++.so.6
=========         Host Frame:  [0x94a82] in libc.so.6
=========         Host Frame:  [0x1268df] in libc.so.6
========= 
========= Uninitialized __global__ memory read of size 16 bytes
=========     at void flash_fwd_kernel<Flash_fwd_kernel_traits<(int)64, (int)128, (int)128, (int)4, (bool)0, (bool)0, cutlass::half_t, Flash_kernel_traits<(int)64, (int)128, (int)128, (int)4, cutlass::half_t>>, (bool)0, (bool)0, (bool)0, (bool)0, (bool)1, (bool)0>(Flash_fwd_params)+0xa10
=========     by thread (100,0,0) in block (0,0,0)
=========     Address 0xe27431640
=========     Saved host backtrace up to driver entry point at kernel launch time
=========         Host Frame: cudaLaunchKernel [0x800837] in libctranslate2.so.4
=========         Host Frame: run_flash_fwd<Flash_fwd_kernel_traits<64, 128, 128, 4, false, false, cutlass::half_t, Flash_kernel_traits<64, 128, 128, 4, cutlass::half_t> >, false>(Flash_fwd_params&, CUstream_st*)::{lambda()#1}::operator()() const::{lambda()#2}::operator()() const::{lambda()#1}::operator()() const::{lambda()#1}::operator()() const::{lambda()#1}::operator()() const::{lambda()#2}::operator()() const::{lambda()#1}::operator()() const::{lambda()#2}::operator()() const::{lambda()#1}::operator()() const::{lambda()#2}::operator()() const [0x4b40c6] in libctranslate2.so.4
=========         Host Frame: void run_flash_fwd<Flash_fwd_kernel_traits<64, 128, 128, 4, false, false, cutlass::half_t, Flash_kernel_traits<64, 128, 128, 4, cutlass::half_t> >, false>(Flash_fwd_params&, CUstream_st*) [0x4b64db] in libctranslate2.so.4
=========         Host Frame: void ctranslate2::ops::FlashAttention::compute<(ctranslate2::Device)1>(ctranslate2::StorageView&, ctranslate2::StorageView&, ctranslate2::StorageView&, ctranslate2::StorageView&, ctranslate2::StorageView*, ctranslate2::StorageView*, ctranslate2::StorageView*, bool, ctranslate2::StorageView*, ctranslate2::StorageView*, bool, ctranslate2::StorageView*, long) const [0x764940] in libctranslate2.so.4
=========         Host Frame: ctranslate2::layers::FlashMultiHeadAttention::operator()(ctranslate2::StorageView const&, ctranslate2::StorageView const&, ctranslate2::StorageView const*, ctranslate2::StorageView&, ctranslate2::StorageView*, ctranslate2::StorageView*, ctranslate2::StorageView*, ctranslate2::Padder const*, ctranslate2::Padder const*, bool, ctranslate2::StorageView*, long, ctranslate2::layers::DecodeWorkspace*) const [0x347c9a] in libctranslate2.so.4
=========         Host Frame: ctranslate2::layers::TransformerEncoderLayer::operator()(ctranslate2::StorageView const&, ctranslate2::StorageView const*, ctranslate2::StorageView&, ctranslate2::Padder const*, ctranslate2::StorageView*) const [0x355978] in libctranslate2.so.4
=========         Host Frame: ctranslate2::layers::WhisperEncoder::operator()(ctranslate2::StorageView const&, ctranslate2::StorageView&) [0x36c5b6] in libctranslate2.so.4
=========         Host Frame: ctranslate2::models::WhisperReplica::maybe_encode(ctranslate2::StorageView) [0x3ca619] in libctranslate2.so.4
=========         Host Frame: ctranslate2::models::WhisperReplica::generate(ctranslate2::StorageView, std::vector<std::vector<unsigned long, std::allocator<unsigned long> >, std::allocator<std::vector<unsigned long, std::allocator<unsigned long> > > > const&, ctranslate2::models::WhisperOptions const&) [0x3d2702] in libctranslate2.so.4
=========         Host Frame: ctranslate2::models::WhisperReplica::generate(ctranslate2::StorageView, std::vector<std::vector<std::__cxx11::basic_string<char, std::char_traits<char>, std::allocator<char> >, std::allocator<std::__cxx11::basic_string<char, std::char_traits<char>, std::allocator<char> > > >, std::allocator<std::vector<std::__cxx11::basic_string<char, std::char_traits<char>, std::allocator<char> >, std::allocator<std::__cxx11::basic_string<char, std::char_traits<char>, std::allocator<char> > > > > > const&, ctranslate2::models::WhisperOptions const&) [0x3d4709] in libctranslate2.so.4
=========         Host Frame: ctranslate2::ReplicaPool<ctranslate2::models::WhisperReplica>::BatchJob<ctranslate2::models::WhisperGenerationResult, ctranslate2::ReplicaPool<ctranslate2::models::WhisperReplica>::post_batch<ctranslate2::models::WhisperGenerationResult, ctranslate2::models::Whisper::generate(ctranslate2::StorageView const&, std::vector<std::vector<std::__cxx11::basic_string<char, std::char_traits<char>, std::allocator<char> >, std::allocator<std::__cxx11::basic_string<char, std::char_traits<char>, std::allocator<char> > > >, std::allocator<std::vector<std::__cxx11::basic_string<char, std::char_traits<char>, std::allocator<char> >, std::allocator<std::__cxx11::basic_string<char, std::char_traits<char>, std::allocator<char> > > > > >, ctranslate2::models::WhisperOptions)::{lambda(ctranslate2::models::WhisperReplica&)#1}>(ctranslate2::models::Whisper::generate(ctranslate2::StorageView const&, std::vector<std::vector<std::__cxx11::basic_string<char, std::char_traits<char>, std::allocator<char> >, std::allocator<std::__cxx11::basic_string<char, std::char_traits<char>, std::allocator<char> > > >, std::allocator<std::vector<std::__cxx11::basic_string<char, std::char_traits<char>, std::allocator<char> >, std::allocator<std::__cxx11::basic_string<char, std::char_traits<char>, std::allocator<char> > > > > >, ctranslate2::models::WhisperOptions)::{lambda(ctranslate2::models::WhisperReplica&)#1}, std::vector<std::promise<ctranslate2::models::WhisperGenerationResult>, std::allocator<ctranslate2::models::WhisperGenerationResult> >)::{lambda()#1}>::run() [0x3d4832] in libctranslate2.so.4
=========         Host Frame: ctranslate2::Worker::run(ctranslate2::JobQueue&) [0x427512] in libctranslate2.so.4
=========         Host Frame:  [0xdc252] in libstdc++.so.6
=========         Host Frame:  [0x94a82] in libc.so.6
=========         Host Frame:  [0x1268df] in libc.so.6
========= 
========= Uninitialized __global__ memory read of size 16 bytes
=========     at void flash_fwd_kernel<Flash_fwd_kernel_traits<(int)64, (int)128, (int)128, (int)4, (bool)0, (bool)0, cutlass::half_t, Flash_kernel_traits<(int)64, (int)128, (int)128, (int)4, cutlass::half_t>>, (bool)0, (bool)0, (bool)0, (bool)0, (bool)1, (bool)0>(Flash_fwd_params)+0xa10
=========     by thread (101,0,0) in block (0,0,0)
=========     Address 0xe27431650
=========     Saved host backtrace up to driver entry point at kernel launch time
=========         Host Frame: cudaLaunchKernel [0x800837] in libctranslate2.so.4
=========         Host Frame: run_flash_fwd<Flash_fwd_kernel_traits<64, 128, 128, 4, false, false, cutlass::half_t, Flash_kernel_traits<64, 128, 128, 4, cutlass::half_t> >, false>(Flash_fwd_params&, CUstream_st*)::{lambda()#1}::operator()() const::{lambda()#2}::operator()() const::{lambda()#1}::operator()() const::{lambda()#1}::operator()() const::{lambda()#1}::operator()() const::{lambda()#2}::operator()() const::{lambda()#1}::operator()() const::{lambda()#2}::operator()() const::{lambda()#1}::operator()() const::{lambda()#2}::operator()() const [0x4b40c6] in libctranslate2.so.4
=========         Host Frame: void run_flash_fwd<Flash_fwd_kernel_traits<64, 128, 128, 4, false, false, cutlass::half_t, Flash_kernel_traits<64, 128, 128, 4, cutlass::half_t> >, false>(Flash_fwd_params&, CUstream_st*) [0x4b64db] in libctranslate2.so.4
=========         Host Frame: void ctranslate2::ops::FlashAttention::compute<(ctranslate2::Device)1>(ctranslate2::StorageView&, ctranslate2::StorageView&, ctranslate2::StorageView&, ctranslate2::StorageView&, ctranslate2::StorageView*, ctranslate2::StorageView*, ctranslate2::StorageView*, bool, ctranslate2::StorageView*, ctranslate2::StorageView*, bool, ctranslate2::StorageView*, long) const [0x764940] in libctranslate2.so.4
=========         Host Frame: ctranslate2::layers::FlashMultiHeadAttention::operator()(ctranslate2::StorageView const&, ctranslate2::StorageView const&, ctranslate2::StorageView const*, ctranslate2::StorageView&, ctranslate2::StorageView*, ctranslate2::StorageView*, ctranslate2::StorageView*, ctranslate2::Padder const*, ctranslate2::Padder const*, bool, ctranslate2::StorageView*, long, ctranslate2::layers::DecodeWorkspace*) const [0x347c9a] in libctranslate2.so.4
=========         Host Frame: ctranslate2::layers::TransformerEncoderLayer::operator()(ctranslate2::StorageView const&, ctranslate2::StorageView const*, ctranslate2::StorageView&, ctranslate2::Padder const*, ctranslate2::StorageView*) const [0x355978] in libctranslate2.so.4
=========         Host Frame: ctranslate2::layers::WhisperEncoder::operator()(ctranslate2::StorageView const&, ctranslate2::StorageView&) [0x36c5b6] in libctranslate2.so.4
=========         Host Frame: ctranslate2::models::WhisperReplica::maybe_encode(ctranslate2::StorageView) [0x3ca619] in libctranslate2.so.4
=========         Host Frame: ctranslate2::models::WhisperReplica::generate(ctranslate2::StorageView, std::vector<std::vector<unsigned long, std::allocator<unsigned long> >, std::allocator<std::vector<unsigned long, std::allocator<unsigned long> > > > const&, ctranslate2::models::WhisperOptions const&) [0x3d2702] in libctranslate2.so.4
=========         Host Frame: ctranslate2::models::WhisperReplica::generate(ctranslate2::StorageView, std::vector<std::vector<std::__cxx11::basic_string<char, std::char_traits<char>, std::allocator<char> >, std::allocator<std::__cxx11::basic_string<char, std::char_traits<char>, std::allocator<char> > > >, std::allocator<std::vector<std::__cxx11::basic_string<char, std::char_traits<char>, std::allocator<char> >, std::allocator<std::__cxx11::basic_string<char, std::char_traits<char>, std::allocator<char> > > > > > const&, ctranslate2::models::WhisperOptions const&) [0x3d4709] in libctranslate2.so.4
=========         Host Frame: ctranslate2::ReplicaPool<ctranslate2::models::WhisperReplica>::BatchJob<ctranslate2::models::WhisperGenerationResult, ctranslate2::ReplicaPool<ctranslate2::models::WhisperReplica>::post_batch<ctranslate2::models::WhisperGenerationResult, ctranslate2::models::Whisper::generate(ctranslate2::StorageView const&, std::vector<std::vector<std::__cxx11::basic_string<char, std::char_traits<char>, std::allocator<char> >, std::allocator<std::__cxx11::basic_string<char, std::char_traits<char>, std::allocator<char> > > >, std::allocator<std::vector<std::__cxx11::basic_string<char, std::char_traits<char>, std::allocator<char> >, std::allocator<std::__cxx11::basic_string<char, std::char_traits<char>, std::allocator<char> > > > > >, ctranslate2::models::WhisperOptions)::{lambda(ctranslate2::models::WhisperReplica&)#1}>(ctranslate2::models::Whisper::generate(ctranslate2::StorageView const&, std::vector<std::vector<std::__cxx11::basic_string<char, std::char_traits<char>, std::allocator<char> >, std::allocator<std::__cxx11::basic_string<char, std::char_traits<char>, std::allocator<char> > > >, std::allocator<std::vector<std::__cxx11::basic_string<char, std::char_traits<char>, std::allocator<char> >, std::allocator<std::__cxx11::basic_string<char, std::char_traits<char>, std::allocator<char> > > > > >, ctranslate2::models::WhisperOptions)::{lambda(ctranslate2::models::WhisperReplica&)#1}, std::vector<std::promise<ctranslate2::models::WhisperGenerationResult>, std::allocator<ctranslate2::models::WhisperGenerationResult> >)::{lambda()#1}>::run() [0x3d4832] in libctranslate2.so.4
=========         Host Frame: ctranslate2::Worker::run(ctranslate2::JobQueue&) [0x427512] in libctranslate2.so.4
=========         Host Frame:  [0xdc252] in libstdc++.so.6
=========         Host Frame:  [0x94a82] in libc.so.6
=========         Host Frame:  [0x1268df] in libc.so.6
========= 
========= Uninitialized __global__ memory read of size 16 bytes
=========     at void flash_fwd_kernel<Flash_fwd_kernel_traits<(int)64, (int)128, (int)128, (int)4, (bool)0, (bool)0, cutlass::half_t, Flash_kernel_traits<(int)64, (int)128, (int)128, (int)4, cutlass::half_t>>, (bool)0, (bool)0, (bool)0, (bool)0, (bool)1, (bool)0>(Flash_fwd_params)+0xa10
=========     by thread (102,0,0) in block (0,0,0)
=========     Address 0xe27431660
=========     Saved host backtrace up to driver entry point at kernel launch time
=========         Host Frame: cudaLaunchKernel [0x800837] in libctranslate2.so.4
=========         Host Frame: run_flash_fwd<Flash_fwd_kernel_traits<64, 128, 128, 4, false, false, cutlass::half_t, Flash_kernel_traits<64, 128, 128, 4, cutlass::half_t> >, false>(Flash_fwd_params&, CUstream_st*)::{lambda()#1}::operator()() const::{lambda()#2}::operator()() const::{lambda()#1}::operator()() const::{lambda()#1}::operator()() const::{lambda()#1}::operator()() const::{lambda()#2}::operator()() const::{lambda()#1}::operator()() const::{lambda()#2}::operator()() const::{lambda()#1}::operator()() const::{lambda()#2}::operator()() const [0x4b40c6] in libctranslate2.so.4
=========         Host Frame: void run_flash_fwd<Flash_fwd_kernel_traits<64, 128, 128, 4, false, false, cutlass::half_t, Flash_kernel_traits<64, 128, 128, 4, cutlass::half_t> >, false>(Flash_fwd_params&, CUstream_st*) [0x4b64db] in libctranslate2.so.4
=========         Host Frame: void ctranslate2::ops::FlashAttention::compute<(ctranslate2::Device)1>(ctranslate2::StorageView&, ctranslate2::StorageView&, ctranslate2::StorageView&, ctranslate2::StorageView&, ctranslate2::StorageView*, ctranslate2::StorageView*, ctranslate2::StorageView*, bool, ctranslate2::StorageView*, ctranslate2::StorageView*, bool, ctranslate2::StorageView*, long) const [0x764940] in libctranslate2.so.4
=========         Host Frame: ctranslate2::layers::FlashMultiHeadAttention::operator()(ctranslate2::StorageView const&, ctranslate2::StorageView const&, ctranslate2::StorageView const*, ctranslate2::StorageView&, ctranslate2::StorageView*, ctranslate2::StorageView*, ctranslate2::StorageView*, ctranslate2::Padder const*, ctranslate2::Padder const*, bool, ctranslate2::StorageView*, long, ctranslate2::layers::DecodeWorkspace*) const [0x347c9a] in libctranslate2.so.4
=========         Host Frame: ctranslate2::layers::TransformerEncoderLayer::operator()(ctranslate2::StorageView const&, ctranslate2::StorageView const*, ctranslate2::StorageView&, ctranslate2::Padder const*, ctranslate2::StorageView*) const [0x355978] in libctranslate2.so.4
=========         Host Frame: ctranslate2::layers::WhisperEncoder::operator()(ctranslate2::StorageView const&, ctranslate2::StorageView&) [0x36c5b6] in libctranslate2.so.4
=========         Host Frame: ctranslate2::models::WhisperReplica::maybe_encode(ctranslate2::StorageView) [0x3ca619] in libctranslate2.so.4
=========         Host Frame: ctranslate2::models::WhisperReplica::generate(ctranslate2::StorageView, std::vector<std::vector<unsigned long, std::allocator<unsigned long> >, std::allocator<std::vector<unsigned long, std::allocator<unsigned long> > > > const&, ctranslate2::models::WhisperOptions const&) [0x3d2702] in libctranslate2.so.4
=========         Host Frame: ctranslate2::models::WhisperReplica::generate(ctranslate2::StorageView, std::vector<std::vector<std::__cxx11::basic_string<char, std::char_traits<char>, std::allocator<char> >, std::allocator<std::__cxx11::basic_string<char, std::char_traits<char>, std::allocator<char> > > >, std::allocator<std::vector<std::__cxx11::basic_string<char, std::char_traits<char>, std::allocator<char> >, std::allocator<std::__cxx11::basic_string<char, std::char_traits<char>, std::allocator<char> > > > > > const&, ctranslate2::models::WhisperOptions const&) [0x3d4709] in libctranslate2.so.4
=========         Host Frame: ctranslate2::ReplicaPool<ctranslate2::models::WhisperReplica>::BatchJob<ctranslate2::models::WhisperGenerationResult, ctranslate2::ReplicaPool<ctranslate2::models::WhisperReplica>::post_batch<ctranslate2::models::WhisperGenerationResult, ctranslate2::models::Whisper::generate(ctranslate2::StorageView const&, std::vector<std::vector<std::__cxx11::basic_string<char, std::char_traits<char>, std::allocator<char> >, std::allocator<std::__cxx11::basic_string<char, std::char_traits<char>, std::allocator<char> > > >, std::allocator<std::vector<std::__cxx11::basic_string<char, std::char_traits<char>, std::allocator<char> >, std::allocator<std::__cxx11::basic_string<char, std::char_traits<char>, std::allocator<char> > > > > >, ctranslate2::models::WhisperOptions)::{lambda(ctranslate2::models::WhisperReplica&)#1}>(ctranslate2::models::Whisper::generate(ctranslate2::StorageView const&, std::vector<std::vector<std::__cxx11::basic_string<char, std::char_traits<char>, std::allocator<char> >, std::allocator<std::__cxx11::basic_string<char, std::char_traits<char>, std::allocator<char> > > >, std::allocator<std::vector<std::__cxx11::basic_string<char, std::char_traits<char>, std::allocator<char> >, std::allocator<std::__cxx11::basic_string<char, std::char_traits<char>, std::allocator<char> > > > > >, ctranslate2::models::WhisperOptions)::{lambda(ctranslate2::models::WhisperReplica&)#1}, std::vector<std::promise<ctranslate2::models::WhisperGenerationResult>, std::allocator<ctranslate2::models::WhisperGenerationResult> >)::{lambda()#1}>::run() [0x3d4832] in libctranslate2.so.4
=========         Host Frame: ctranslate2::Worker::run(ctranslate2::JobQueue&) [0x427512] in libctranslate2.so.4
=========         Host Frame:  [0xdc252] in libstdc++.so.6
=========         Host Frame:  [0x94a82] in libc.so.6
=========         Host Frame:  [0x1268df] in libc.so.6
========= 
========= Uninitialized __global__ memory read of size 16 bytes
=========     at void flash_fwd_kernel<Flash_fwd_kernel_traits<(int)64, (int)128, (int)128, (int)4, (bool)0, (bool)0, cutlass::half_t, Flash_kernel_traits<(int)64, (int)128, (int)128, (int)4, cutlass::half_t>>, (bool)0, (bool)0, (bool)0, (bool)0, (bool)1, (bool)0>(Flash_fwd_params)+0xa10
=========     by thread (103,0,0) in block (0,0,0)
=========     Address 0xe27431670
=========     Saved host backtrace up to driver entry point at kernel launch time
=========         Host Frame: cudaLaunchKernel [0x800837] in libctranslate2.so.4
=========         Host Frame: run_flash_fwd<Flash_fwd_kernel_traits<64, 128, 128, 4, false, false, cutlass::half_t, Flash_kernel_traits<64, 128, 128, 4, cutlass::half_t> >, false>(Flash_fwd_params&, CUstream_st*)::{lambda()#1}::operator()() const::{lambda()#2}::operator()() const::{lambda()#1}::operator()() const::{lambda()#1}::operator()() const::{lambda()#1}::operator()() const::{lambda()#2}::operator()() const::{lambda()#1}::operator()() const::{lambda()#2}::operator()() const::{lambda()#1}::operator()() const::{lambda()#2}::operator()() const [0x4b40c6] in libctranslate2.so.4
=========         Host Frame: void run_flash_fwd<Flash_fwd_kernel_traits<64, 128, 128, 4, false, false, cutlass::half_t, Flash_kernel_traits<64, 128, 128, 4, cutlass::half_t> >, false>(Flash_fwd_params&, CUstream_st*) [0x4b64db] in libctranslate2.so.4
=========         Host Frame: void ctranslate2::ops::FlashAttention::compute<(ctranslate2::Device)1>(ctranslate2::StorageView&, ctranslate2::StorageView&, ctranslate2::StorageView&, ctranslate2::StorageView&, ctranslate2::StorageView*, ctranslate2::StorageView*, ctranslate2::StorageView*, bool, ctranslate2::StorageView*, ctranslate2::StorageView*, bool, ctranslate2::StorageView*, long) const [0x764940] in libctranslate2.so.4
=========         Host Frame: ctranslate2::layers::FlashMultiHeadAttention::operator()(ctranslate2::StorageView const&, ctranslate2::StorageView const&, ctranslate2::StorageView const*, ctranslate2::StorageView&, ctranslate2::StorageView*, ctranslate2::StorageView*, ctranslate2::StorageView*, ctranslate2::Padder const*, ctranslate2::Padder const*, bool, ctranslate2::StorageView*, long, ctranslate2::layers::DecodeWorkspace*) const [0x347c9a] in libctranslate2.so.4
=========         Host Frame: ctranslate2::layers::TransformerEncoderLayer::operator()(ctranslate2::StorageView const&, ctranslate2::StorageView const*, ctranslate2::StorageView&, ctranslate2::Padder const*, ctranslate2::StorageView*) const [0x355978] in libctranslate2.so.4
=========         Host Frame: ctranslate2::layers::WhisperEncoder::operator()(ctranslate2::StorageView const&, ctranslate2::StorageView&) [0x36c5b6] in libctranslate2.so.4
=========         Host Frame: ctranslate2::models::WhisperReplica::maybe_encode(ctranslate2::StorageView) [0x3ca619] in libctranslate2.so.4
=========         Host Frame: ctranslate2::models::WhisperReplica::generate(ctranslate2::StorageView, std::vector<std::vector<unsigned long, std::allocator<unsigned long> >, std::allocator<std::vector<unsigned long, std::allocator<unsigned long> > > > const&, ctranslate2::models::WhisperOptions const&) [0x3d2702] in libctranslate2.so.4
=========         Host Frame: ctranslate2::models::WhisperReplica::generate(ctranslate2::StorageView, std::vector<std::vector<std::__cxx11::basic_string<char, std::char_traits<char>, std::allocator<char> >, std::allocator<std::__cxx11::basic_string<char, std::char_traits<char>, std::allocator<char> > > >, std::allocator<std::vector<std::__cxx11::basic_string<char, std::char_traits<char>, std::allocator<char> >, std::allocator<std::__cxx11::basic_string<char, std::char_traits<char>, std::allocator<char> > > > > > const&, ctranslate2::models::WhisperOptions const&) [0x3d4709] in libctranslate2.so.4
=========         Host Frame: ctranslate2::ReplicaPool<ctranslate2::models::WhisperReplica>::BatchJob<ctranslate2::models::WhisperGenerationResult, ctranslate2::ReplicaPool<ctranslate2::models::WhisperReplica>::post_batch<ctranslate2::models::WhisperGenerationResult, ctranslate2::models::Whisper::generate(ctranslate2::StorageView const&, std::vector<std::vector<std::__cxx11::basic_string<char, std::char_traits<char>, std::allocator<char> >, std::allocator<std::__cxx11::basic_string<char, std::char_traits<char>, std::allocator<char> > > >, std::allocator<std::vector<std::__cxx11::basic_string<char, std::char_traits<char>, std::allocator<char> >, std::allocator<std::__cxx11::basic_string<char, std::char_traits<char>, std::allocator<char> > > > > >, ctranslate2::models::WhisperOptions)::{lambda(ctranslate2::models::WhisperReplica&)#1}>(ctranslate2::models::Whisper::generate(ctranslate2::StorageView const&, std::vector<std::vector<std::__cxx11::basic_string<char, std::char_traits<char>, std::allocator<char> >, std::allocator<std::__cxx11::basic_string<char, std::char_traits<char>, std::allocator<char> > > >, std::allocator<std::vector<std::__cxx11::basic_string<char, std::char_traits<char>, std::allocator<char> >, std::allocator<std::__cxx11::basic_string<char, std::char_traits<char>, std::allocator<char> > > > > >, ctranslate2::models::WhisperOptions)::{lambda(ctranslate2::models::WhisperReplica&)#1}, std::vector<std::promise<ctranslate2::models::WhisperGenerationResult>, std::allocator<ctranslate2::models::WhisperGenerationResult> >)::{lambda()#1}>::run() [0x3d4832] in libctranslate2.so.4
=========         Host Frame: ctranslate2::Worker::run(ctranslate2::JobQueue&) [0x427512] in libctranslate2.so.4
=========         Host Frame:  [0xdc252] in libstdc++.so.6
=========         Host Frame:  [0x94a82] in libc.so.6
=========         Host Frame:  [0x1268df] in libc.so.6
========= 
========= Uninitialized __global__ memory read of size 16 bytes
=========     at void flash_fwd_kernel<Flash_fwd_kernel_traits<(int)64, (int)128, (int)128, (int)4, (bool)0, (bool)0, cutlass::half_t, Flash_kernel_traits<(int)64, (int)128, (int)128, (int)4, cutlass::half_t>>, (bool)0, (bool)0, (bool)0, (bool)0, (bool)1, (bool)0>(Flash_fwd_params)+0xa10
=========     by thread (104,0,0) in block (0,0,0)
=========     Address 0xe27431c00
=========     Saved host backtrace up to driver entry point at kernel launch time
=========         Host Frame: cudaLaunchKernel [0x800837] in libctranslate2.so.4
=========         Host Frame: run_flash_fwd<Flash_fwd_kernel_traits<64, 128, 128, 4, false, false, cutlass::half_t, Flash_kernel_traits<64, 128, 128, 4, cutlass::half_t> >, false>(Flash_fwd_params&, CUstream_st*)::{lambda()#1}::operator()() const::{lambda()#2}::operator()() const::{lambda()#1}::operator()() const::{lambda()#1}::operator()() const::{lambda()#1}::operator()() const::{lambda()#2}::operator()() const::{lambda()#1}::operator()() const::{lambda()#2}::operator()() const::{lambda()#1}::operator()() const::{lambda()#2}::operator()() const [0x4b40c6] in libctranslate2.so.4
=========         Host Frame: void run_flash_fwd<Flash_fwd_kernel_traits<64, 128, 128, 4, false, false, cutlass::half_t, Flash_kernel_traits<64, 128, 128, 4, cutlass::half_t> >, false>(Flash_fwd_params&, CUstream_st*) [0x4b64db] in libctranslate2.so.4
=========         Host Frame: void ctranslate2::ops::FlashAttention::compute<(ctranslate2::Device)1>(ctranslate2::StorageView&, ctranslate2::StorageView&, ctranslate2::StorageView&, ctranslate2::StorageView&, ctranslate2::StorageView*, ctranslate2::StorageView*, ctranslate2::StorageView*, bool, ctranslate2::StorageView*, ctranslate2::StorageView*, bool, ctranslate2::StorageView*, long) const [0x764940] in libctranslate2.so.4
=========         Host Frame: ctranslate2::layers::FlashMultiHeadAttention::operator()(ctranslate2::StorageView const&, ctranslate2::StorageView const&, ctranslate2::StorageView const*, ctranslate2::StorageView&, ctranslate2::StorageView*, ctranslate2::StorageView*, ctranslate2::StorageView*, ctranslate2::Padder const*, ctranslate2::Padder const*, bool, ctranslate2::StorageView*, long, ctranslate2::layers::DecodeWorkspace*) const [0x347c9a] in libctranslate2.so.4
=========         Host Frame: ctranslate2::layers::TransformerEncoderLayer::operator()(ctranslate2::StorageView const&, ctranslate2::StorageView const*, ctranslate2::StorageView&, ctranslate2::Padder const*, ctranslate2::StorageView*) const [0x355978] in libctranslate2.so.4
=========         Host Frame: ctranslate2::layers::WhisperEncoder::operator()(ctranslate2::StorageView const&, ctranslate2::StorageView&) [0x36c5b6] in libctranslate2.so.4
=========         Host Frame: ctranslate2::models::WhisperReplica::maybe_encode(ctranslate2::StorageView) [0x3ca619] in libctranslate2.so.4
=========         Host Frame: ctranslate2::models::WhisperReplica::generate(ctranslate2::StorageView, std::vector<std::vector<unsigned long, std::allocator<unsigned long> >, std::allocator<std::vector<unsigned long, std::allocator<unsigned long> > > > const&, ctranslate2::models::WhisperOptions const&) [0x3d2702] in libctranslate2.so.4
=========         Host Frame: ctranslate2::models::WhisperReplica::generate(ctranslate2::StorageView, std::vector<std::vector<std::__cxx11::basic_string<char, std::char_traits<char>, std::allocator<char> >, std::allocator<std::__cxx11::basic_string<char, std::char_traits<char>, std::allocator<char> > > >, std::allocator<std::vector<std::__cxx11::basic_string<char, std::char_traits<char>, std::allocator<char> >, std::allocator<std::__cxx11::basic_string<char, std::char_traits<char>, std::allocator<char> > > > > > const&, ctranslate2::models::WhisperOptions const&) [0x3d4709] in libctranslate2.so.4
=========         Host Frame: ctranslate2::ReplicaPool<ctranslate2::models::WhisperReplica>::BatchJob<ctranslate2::models::WhisperGenerationResult, ctranslate2::ReplicaPool<ctranslate2::models::WhisperReplica>::post_batch<ctranslate2::models::WhisperGenerationResult, ctranslate2::models::Whisper::generate(ctranslate2::StorageView const&, std::vector<std::vector<std::__cxx11::basic_string<char, std::char_traits<char>, std::allocator<char> >, std::allocator<std::__cxx11::basic_string<char, std::char_traits<char>, std::allocator<char> > > >, std::allocator<std::vector<std::__cxx11::basic_string<char, std::char_traits<char>, std::allocator<char> >, std::allocator<std::__cxx11::basic_string<char, std::char_traits<char>, std::allocator<char> > > > > >, ctranslate2::models::WhisperOptions)::{lambda(ctranslate2::models::WhisperReplica&)#1}>(ctranslate2::models::Whisper::generate(ctranslate2::StorageView const&, std::vector<std::vector<std::__cxx11::basic_string<char, std::char_traits<char>, std::allocator<char> >, std::allocator<std::__cxx11::basic_string<char, std::char_traits<char>, std::allocator<char> > > >, std::allocator<std::vector<std::__cxx11::basic_string<char, std::char_traits<char>, std::allocator<char> >, std::allocator<std::__cxx11::basic_string<char, std::char_traits<char>, std::allocator<char> > > > > >, ctranslate2::models::WhisperOptions)::{lambda(ctranslate2::models::WhisperReplica&)#1}, std::vector<std::promise<ctranslate2::models::WhisperGenerationResult>, std::allocator<ctranslate2::models::WhisperGenerationResult> >)::{lambda()#1}>::run() [0x3d4832] in libctranslate2.so.4
=========         Host Frame: ctranslate2::Worker::run(ctranslate2::JobQueue&) [0x427512] in libctranslate2.so.4
=========         Host Frame:  [0xdc252] in libstdc++.so.6
=========         Host Frame:  [0x94a82] in libc.so.6
=========         Host Frame:  [0x1268df] in libc.so.6
========= 
========= Uninitialized __global__ memory read of size 16 bytes
=========     at void flash_fwd_kernel<Flash_fwd_kernel_traits<(int)64, (int)128, (int)128, (int)4, (bool)0, (bool)0, cutlass::half_t, Flash_kernel_traits<(int)64, (int)128, (int)128, (int)4, cutlass::half_t>>, (bool)0, (bool)0, (bool)0, (bool)0, (bool)1, (bool)0>(Flash_fwd_params)+0xa10
=========     by thread (105,0,0) in block (0,0,0)
=========     Address 0xe27431c10
=========     Saved host backtrace up to driver entry point at kernel launch time
=========         Host Frame: cudaLaunchKernel [0x800837] in libctranslate2.so.4
=========         Host Frame: run_flash_fwd<Flash_fwd_kernel_traits<64, 128, 128, 4, false, false, cutlass::half_t, Flash_kernel_traits<64, 128, 128, 4, cutlass::half_t> >, false>(Flash_fwd_params&, CUstream_st*)::{lambda()#1}::operator()() const::{lambda()#2}::operator()() const::{lambda()#1}::operator()() const::{lambda()#1}::operator()() const::{lambda()#1}::operator()() const::{lambda()#2}::operator()() const::{lambda()#1}::operator()() const::{lambda()#2}::operator()() const::{lambda()#1}::operator()() const::{lambda()#2}::operator()() const [0x4b40c6] in libctranslate2.so.4
=========         Host Frame: void run_flash_fwd<Flash_fwd_kernel_traits<64, 128, 128, 4, false, false, cutlass::half_t, Flash_kernel_traits<64, 128, 128, 4, cutlass::half_t> >, false>(Flash_fwd_params&, CUstream_st*) [0x4b64db] in libctranslate2.so.4
=========         Host Frame: void ctranslate2::ops::FlashAttention::compute<(ctranslate2::Device)1>(ctranslate2::StorageView&, ctranslate2::StorageView&, ctranslate2::StorageView&, ctranslate2::StorageView&, ctranslate2::StorageView*, ctranslate2::StorageView*, ctranslate2::StorageView*, bool, ctranslate2::StorageView*, ctranslate2::StorageView*, bool, ctranslate2::StorageView*, long) const [0x764940] in libctranslate2.so.4
=========         Host Frame: ctranslate2::layers::FlashMultiHeadAttention::operator()(ctranslate2::StorageView const&, ctranslate2::StorageView const&, ctranslate2::StorageView const*, ctranslate2::StorageView&, ctranslate2::StorageView*, ctranslate2::StorageView*, ctranslate2::StorageView*, ctranslate2::Padder const*, ctranslate2::Padder const*, bool, ctranslate2::StorageView*, long, ctranslate2::layers::DecodeWorkspace*) const [0x347c9a] in libctranslate2.so.4
=========         Host Frame: ctranslate2::layers::TransformerEncoderLayer::operator()(ctranslate2::StorageView const&, ctranslate2::StorageView const*, ctranslate2::StorageView&, ctranslate2::Padder const*, ctranslate2::StorageView*) const [0x355978] in libctranslate2.so.4
=========         Host Frame: ctranslate2::layers::WhisperEncoder::operator()(ctranslate2::StorageView const&, ctranslate2::StorageView&) [0x36c5b6] in libctranslate2.so.4
=========         Host Frame: ctranslate2::models::WhisperReplica::maybe_encode(ctranslate2::StorageView) [0x3ca619] in libctranslate2.so.4
=========         Host Frame: ctranslate2::models::WhisperReplica::generate(ctranslate2::StorageView, std::vector<std::vector<unsigned long, std::allocator<unsigned long> >, std::allocator<std::vector<unsigned long, std::allocator<unsigned long> > > > const&, ctranslate2::models::WhisperOptions const&) [0x3d2702] in libctranslate2.so.4
=========         Host Frame: ctranslate2::models::WhisperReplica::generate(ctranslate2::StorageView, std::vector<std::vector<std::__cxx11::basic_string<char, std::char_traits<char>, std::allocator<char> >, std::allocator<std::__cxx11::basic_string<char, std::char_traits<char>, std::allocator<char> > > >, std::allocator<std::vector<std::__cxx11::basic_string<char, std::char_traits<char>, std::allocator<char> >, std::allocator<std::__cxx11::basic_string<char, std::char_traits<char>, std::allocator<char> > > > > > const&, ctranslate2::models::WhisperOptions const&) [0x3d4709] in libctranslate2.so.4
=========         Host Frame: ctranslate2::ReplicaPool<ctranslate2::models::WhisperReplica>::BatchJob<ctranslate2::models::WhisperGenerationResult, ctranslate2::ReplicaPool<ctranslate2::models::WhisperReplica>::post_batch<ctranslate2::models::WhisperGenerationResult, ctranslate2::models::Whisper::generate(ctranslate2::StorageView const&, std::vector<std::vector<std::__cxx11::basic_string<char, std::char_traits<char>, std::allocator<char> >, std::allocator<std::__cxx11::basic_string<char, std::char_traits<char>, std::allocator<char> > > >, std::allocator<std::vector<std::__cxx11::basic_string<char, std::char_traits<char>, std::allocator<char> >, std::allocator<std::__cxx11::basic_string<char, std::char_traits<char>, std::allocator<char> > > > > >, ctranslate2::models::WhisperOptions)::{lambda(ctranslate2::models::WhisperReplica&)#1}>(ctranslate2::models::Whisper::generate(ctranslate2::StorageView const&, std::vector<std::vector<std::__cxx11::basic_string<char, std::char_traits<char>, std::allocator<char> >, std::allocator<std::__cxx11::basic_string<char, std::char_traits<char>, std::allocator<char> > > >, std::allocator<std::vector<std::__cxx11::basic_string<char, std::char_traits<char>, std::allocator<char> >, std::allocator<std::__cxx11::basic_string<char, std::char_traits<char>, std::allocator<char> > > > > >, ctranslate2::models::WhisperOptions)::{lambda(ctranslate2::models::WhisperReplica&)#1}, std::vector<std::promise<ctranslate2::models::WhisperGenerationResult>, std::allocator<ctranslate2::models::WhisperGenerationResult> >)::{lambda()#1}>::run() [0x3d4832] in libctranslate2.so.4
=========         Host Frame: ctranslate2::Worker::run(ctranslate2::JobQueue&) [0x427512] in libctranslate2.so.4
=========         Host Frame:  [0xdc252] in libstdc++.so.6
=========         Host Frame:  [0x94a82] in libc.so.6
=========         Host Frame:  [0x1268df] in libc.so.6
========= 
========= Uninitialized __global__ memory read of size 16 bytes
=========     at void flash_fwd_kernel<Flash_fwd_kernel_traits<(int)64, (int)128, (int)128, (int)4, (bool)0, (bool)0, cutlass::half_t, Flash_kernel_traits<(int)64, (int)128, (int)128, (int)4, cutlass::half_t>>, (bool)0, (bool)0, (bool)0, (bool)0, (bool)1, (bool)0>(Flash_fwd_params)+0xa10
=========     by thread (106,0,0) in block (0,0,0)
=========     Address 0xe27431c20
=========     Saved host backtrace up to driver entry point at kernel launch time
=========         Host Frame: cudaLaunchKernel [0x800837] in libctranslate2.so.4
=========         Host Frame: run_flash_fwd<Flash_fwd_kernel_traits<64, 128, 128, 4, false, false, cutlass::half_t, Flash_kernel_traits<64, 128, 128, 4, cutlass::half_t> >, false>(Flash_fwd_params&, CUstream_st*)::{lambda()#1}::operator()() const::{lambda()#2}::operator()() const::{lambda()#1}::operator()() const::{lambda()#1}::operator()() const::{lambda()#1}::operator()() const::{lambda()#2}::operator()() const::{lambda()#1}::operator()() const::{lambda()#2}::operator()() const::{lambda()#1}::operator()() const::{lambda()#2}::operator()() const [0x4b40c6] in libctranslate2.so.4
=========         Host Frame: void run_flash_fwd<Flash_fwd_kernel_traits<64, 128, 128, 4, false, false, cutlass::half_t, Flash_kernel_traits<64, 128, 128, 4, cutlass::half_t> >, false>(Flash_fwd_params&, CUstream_st*) [0x4b64db] in libctranslate2.so.4
=========         Host Frame: void ctranslate2::ops::FlashAttention::compute<(ctranslate2::Device)1>(ctranslate2::StorageView&, ctranslate2::StorageView&, ctranslate2::StorageView&, ctranslate2::StorageView&, ctranslate2::StorageView*, ctranslate2::StorageView*, ctranslate2::StorageView*, bool, ctranslate2::StorageView*, ctranslate2::StorageView*, bool, ctranslate2::StorageView*, long) const [0x764940] in libctranslate2.so.4
=========         Host Frame: ctranslate2::layers::FlashMultiHeadAttention::operator()(ctranslate2::StorageView const&, ctranslate2::StorageView const&, ctranslate2::StorageView const*, ctranslate2::StorageView&, ctranslate2::StorageView*, ctranslate2::StorageView*, ctranslate2::StorageView*, ctranslate2::Padder const*, ctranslate2::Padder const*, bool, ctranslate2::StorageView*, long, ctranslate2::layers::DecodeWorkspace*) const [0x347c9a] in libctranslate2.so.4
=========         Host Frame: ctranslate2::layers::TransformerEncoderLayer::operator()(ctranslate2::StorageView const&, ctranslate2::StorageView const*, ctranslate2::StorageView&, ctranslate2::Padder const*, ctranslate2::StorageView*) const [0x355978] in libctranslate2.so.4
=========         Host Frame: ctranslate2::layers::WhisperEncoder::operator()(ctranslate2::StorageView const&, ctranslate2::StorageView&) [0x36c5b6] in libctranslate2.so.4
=========         Host Frame: ctranslate2::models::WhisperReplica::maybe_encode(ctranslate2::StorageView) [0x3ca619] in libctranslate2.so.4
=========         Host Frame: ctranslate2::models::WhisperReplica::generate(ctranslate2::StorageView, std::vector<std::vector<unsigned long, std::allocator<unsigned long> >, std::allocator<std::vector<unsigned long, std::allocator<unsigned long> > > > const&, ctranslate2::models::WhisperOptions const&) [0x3d2702] in libctranslate2.so.4
=========         Host Frame: ctranslate2::models::WhisperReplica::generate(ctranslate2::StorageView, std::vector<std::vector<std::__cxx11::basic_string<char, std::char_traits<char>, std::allocator<char> >, std::allocator<std::__cxx11::basic_string<char, std::char_traits<char>, std::allocator<char> > > >, std::allocator<std::vector<std::__cxx11::basic_string<char, std::char_traits<char>, std::allocator<char> >, std::allocator<std::__cxx11::basic_string<char, std::char_traits<char>, std::allocator<char> > > > > > const&, ctranslate2::models::WhisperOptions const&) [0x3d4709] in libctranslate2.so.4
=========         Host Frame: ctranslate2::ReplicaPool<ctranslate2::models::WhisperReplica>::BatchJob<ctranslate2::models::WhisperGenerationResult, ctranslate2::ReplicaPool<ctranslate2::models::WhisperReplica>::post_batch<ctranslate2::models::WhisperGenerationResult, ctranslate2::models::Whisper::generate(ctranslate2::StorageView const&, std::vector<std::vector<std::__cxx11::basic_string<char, std::char_traits<char>, std::allocator<char> >, std::allocator<std::__cxx11::basic_string<char, std::char_traits<char>, std::allocator<char> > > >, std::allocator<std::vector<std::__cxx11::basic_string<char, std::char_traits<char>, std::allocator<char> >, std::allocator<std::__cxx11::basic_string<char, std::char_traits<char>, std::allocator<char> > > > > >, ctranslate2::models::WhisperOptions)::{lambda(ctranslate2::models::WhisperReplica&)#1}>(ctranslate2::models::Whisper::generate(ctranslate2::StorageView const&, std::vector<std::vector<std::__cxx11::basic_string<char, std::char_traits<char>, std::allocator<char> >, std::allocator<std::__cxx11::basic_string<char, std::char_traits<char>, std::allocator<char> > > >, std::allocator<std::vector<std::__cxx11::basic_string<char, std::char_traits<char>, std::allocator<char> >, std::allocator<std::__cxx11::basic_string<char, std::char_traits<char>, std::allocator<char> > > > > >, ctranslate2::models::WhisperOptions)::{lambda(ctranslate2::models::WhisperReplica&)#1}, std::vector<std::promise<ctranslate2::models::WhisperGenerationResult>, std::allocator<ctranslate2::models::WhisperGenerationResult> >)::{lambda()#1}>::run() [0x3d4832] in libctranslate2.so.4
=========         Host Frame: ctranslate2::Worker::run(ctranslate2::JobQueue&) [0x427512] in libctranslate2.so.4
=========         Host Frame:  [0xdc252] in libstdc++.so.6
=========         Host Frame:  [0x94a82] in libc.so.6
=========         Host Frame:  [0x1268df] in libc.so.6
========= 
========= Uninitialized __global__ memory read of size 16 bytes
=========     at void flash_fwd_kernel<Flash_fwd_kernel_traits<(int)64, (int)128, (int)128, (int)4, (bool)0, (bool)0, cutlass::half_t, Flash_kernel_traits<(int)64, (int)128, (int)128, (int)4, cutlass::half_t>>, (bool)0, (bool)0, (bool)0, (bool)0, (bool)1, (bool)0>(Flash_fwd_params)+0xa10
=========     by thread (107,0,0) in block (0,0,0)
=========     Address 0xe27431c30
=========     Saved host backtrace up to driver entry point at kernel launch time
=========         Host Frame: cudaLaunchKernel [0x800837] in libctranslate2.so.4
=========         Host Frame: run_flash_fwd<Flash_fwd_kernel_traits<64, 128, 128, 4, false, false, cutlass::half_t, Flash_kernel_traits<64, 128, 128, 4, cutlass::half_t> >, false>(Flash_fwd_params&, CUstream_st*)::{lambda()#1}::operator()() const::{lambda()#2}::operator()() const::{lambda()#1}::operator()() const::{lambda()#1}::operator()() const::{lambda()#1}::operator()() const::{lambda()#2}::operator()() const::{lambda()#1}::operator()() const::{lambda()#2}::operator()() const::{lambda()#1}::operator()() const::{lambda()#2}::operator()() const [0x4b40c6] in libctranslate2.so.4
=========         Host Frame: void run_flash_fwd<Flash_fwd_kernel_traits<64, 128, 128, 4, false, false, cutlass::half_t, Flash_kernel_traits<64, 128, 128, 4, cutlass::half_t> >, false>(Flash_fwd_params&, CUstream_st*) [0x4b64db] in libctranslate2.so.4
=========         Host Frame: void ctranslate2::ops::FlashAttention::compute<(ctranslate2::Device)1>(ctranslate2::StorageView&, ctranslate2::StorageView&, ctranslate2::StorageView&, ctranslate2::StorageView&, ctranslate2::StorageView*, ctranslate2::StorageView*, ctranslate2::StorageView*, bool, ctranslate2::StorageView*, ctranslate2::StorageView*, bool, ctranslate2::StorageView*, long) const [0x764940] in libctranslate2.so.4
=========         Host Frame: ctranslate2::layers::FlashMultiHeadAttention::operator()(ctranslate2::StorageView const&, ctranslate2::StorageView const&, ctranslate2::StorageView const*, ctranslate2::StorageView&, ctranslate2::StorageView*, ctranslate2::StorageView*, ctranslate2::StorageView*, ctranslate2::Padder const*, ctranslate2::Padder const*, bool, ctranslate2::StorageView*, long, ctranslate2::layers::DecodeWorkspace*) const [0x347c9a] in libctranslate2.so.4
=========         Host Frame: ctranslate2::layers::TransformerEncoderLayer::operator()(ctranslate2::StorageView const&, ctranslate2::StorageView const*, ctranslate2::StorageView&, ctranslate2::Padder const*, ctranslate2::StorageView*) const [0x355978] in libctranslate2.so.4
=========         Host Frame: ctranslate2::layers::WhisperEncoder::operator()(ctranslate2::StorageView const&, ctranslate2::StorageView&) [0x36c5b6] in libctranslate2.so.4
=========         Host Frame: ctranslate2::models::WhisperReplica::maybe_encode(ctranslate2::StorageView) [0x3ca619] in libctranslate2.so.4
=========         Host Frame: ctranslate2::models::WhisperReplica::generate(ctranslate2::StorageView, std::vector<std::vector<unsigned long, std::allocator<unsigned long> >, std::allocator<std::vector<unsigned long, std::allocator<unsigned long> > > > const&, ctranslate2::models::WhisperOptions const&) [0x3d2702] in libctranslate2.so.4
=========         Host Frame: ctranslate2::models::WhisperReplica::generate(ctranslate2::StorageView, std::vector<std::vector<std::__cxx11::basic_string<char, std::char_traits<char>, std::allocator<char> >, std::allocator<std::__cxx11::basic_string<char, std::char_traits<char>, std::allocator<char> > > >, std::allocator<std::vector<std::__cxx11::basic_string<char, std::char_traits<char>, std::allocator<char> >, std::allocator<std::__cxx11::basic_string<char, std::char_traits<char>, std::allocator<char> > > > > > const&, ctranslate2::models::WhisperOptions const&) [0x3d4709] in libctranslate2.so.4
=========         Host Frame: ctranslate2::ReplicaPool<ctranslate2::models::WhisperReplica>::BatchJob<ctranslate2::models::WhisperGenerationResult, ctranslate2::ReplicaPool<ctranslate2::models::WhisperReplica>::post_batch<ctranslate2::models::WhisperGenerationResult, ctranslate2::models::Whisper::generate(ctranslate2::StorageView const&, std::vector<std::vector<std::__cxx11::basic_string<char, std::char_traits<char>, std::allocator<char> >, std::allocator<std::__cxx11::basic_string<char, std::char_traits<char>, std::allocator<char> > > >, std::allocator<std::vector<std::__cxx11::basic_string<char, std::char_traits<char>, std::allocator<char> >, std::allocator<std::__cxx11::basic_string<char, std::char_traits<char>, std::allocator<char> > > > > >, ctranslate2::models::WhisperOptions)::{lambda(ctranslate2::models::WhisperReplica&)#1}>(ctranslate2::models::Whisper::generate(ctranslate2::StorageView const&, std::vector<std::vector<std::__cxx11::basic_string<char, std::char_traits<char>, std::allocator<char> >, std::allocator<std::__cxx11::basic_string<char, std::char_traits<char>, std::allocator<char> > > >, std::allocator<std::vector<std::__cxx11::basic_string<char, std::char_traits<char>, std::allocator<char> >, std::allocator<std::__cxx11::basic_string<char, std::char_traits<char>, std::allocator<char> > > > > >, ctranslate2::models::WhisperOptions)::{lambda(ctranslate2::models::WhisperReplica&)#1}, std::vector<std::promise<ctranslate2::models::WhisperGenerationResult>, std::allocator<ctranslate2::models::WhisperGenerationResult> >)::{lambda()#1}>::run() [0x3d4832] in libctranslate2.so.4
=========         Host Frame: ctranslate2::Worker::run(ctranslate2::JobQueue&) [0x427512] in libctranslate2.so.4
=========         Host Frame:  [0xdc252] in libstdc++.so.6
=========         Host Frame:  [0x94a82] in libc.so.6
=========         Host Frame:  [0x1268df] in libc.so.6
========= 
========= Uninitialized __global__ memory read of size 16 bytes
=========     at void flash_fwd_kernel<Flash_fwd_kernel_traits<(int)64, (int)128, (int)128, (int)4, (bool)0, (bool)0, cutlass::half_t, Flash_kernel_traits<(int)64, (int)128, (int)128, (int)4, cutlass::half_t>>, (bool)0, (bool)0, (bool)0, (bool)0, (bool)1, (bool)0>(Flash_fwd_params)+0xa10
=========     by thread (108,0,0) in block (0,0,0)
=========     Address 0xe27431c40
=========     Saved host backtrace up to driver entry point at kernel launch time
=========         Host Frame: cudaLaunchKernel [0x800837] in libctranslate2.so.4
=========         Host Frame: run_flash_fwd<Flash_fwd_kernel_traits<64, 128, 128, 4, false, false, cutlass::half_t, Flash_kernel_traits<64, 128, 128, 4, cutlass::half_t> >, false>(Flash_fwd_params&, CUstream_st*)::{lambda()#1}::operator()() const::{lambda()#2}::operator()() const::{lambda()#1}::operator()() const::{lambda()#1}::operator()() const::{lambda()#1}::operator()() const::{lambda()#2}::operator()() const::{lambda()#1}::operator()() const::{lambda()#2}::operator()() const::{lambda()#1}::operator()() const::{lambda()#2}::operator()() const [0x4b40c6] in libctranslate2.so.4
=========         Host Frame: void run_flash_fwd<Flash_fwd_kernel_traits<64, 128, 128, 4, false, false, cutlass::half_t, Flash_kernel_traits<64, 128, 128, 4, cutlass::half_t> >, false>(Flash_fwd_params&, CUstream_st*) [0x4b64db] in libctranslate2.so.4
=========         Host Frame: void ctranslate2::ops::FlashAttention::compute<(ctranslate2::Device)1>(ctranslate2::StorageView&, ctranslate2::StorageView&, ctranslate2::StorageView&, ctranslate2::StorageView&, ctranslate2::StorageView*, ctranslate2::StorageView*, ctranslate2::StorageView*, bool, ctranslate2::StorageView*, ctranslate2::StorageView*, bool, ctranslate2::StorageView*, long) const [0x764940] in libctranslate2.so.4
=========         Host Frame: ctranslate2::layers::FlashMultiHeadAttention::operator()(ctranslate2::StorageView const&, ctranslate2::StorageView const&, ctranslate2::StorageView const*, ctranslate2::StorageView&, ctranslate2::StorageView*, ctranslate2::StorageView*, ctranslate2::StorageView*, ctranslate2::Padder const*, ctranslate2::Padder const*, bool, ctranslate2::StorageView*, long, ctranslate2::layers::DecodeWorkspace*) const [0x347c9a] in libctranslate2.so.4
=========         Host Frame: ctranslate2::layers::TransformerEncoderLayer::operator()(ctranslate2::StorageView const&, ctranslate2::StorageView const*, ctranslate2::StorageView&, ctranslate2::Padder const*, ctranslate2::StorageView*) const [0x355978] in libctranslate2.so.4
=========         Host Frame: ctranslate2::layers::WhisperEncoder::operator()(ctranslate2::StorageView const&, ctranslate2::StorageView&) [0x36c5b6] in libctranslate2.so.4
=========         Host Frame: ctranslate2::models::WhisperReplica::maybe_encode(ctranslate2::StorageView) [0x3ca619] in libctranslate2.so.4
=========         Host Frame: ctranslate2::models::WhisperReplica::generate(ctranslate2::StorageView, std::vector<std::vector<unsigned long, std::allocator<unsigned long> >, std::allocator<std::vector<unsigned long, std::allocator<unsigned long> > > > const&, ctranslate2::models::WhisperOptions const&) [0x3d2702] in libctranslate2.so.4
=========         Host Frame: ctranslate2::models::WhisperReplica::generate(ctranslate2::StorageView, std::vector<std::vector<std::__cxx11::basic_string<char, std::char_traits<char>, std::allocator<char> >, std::allocator<std::__cxx11::basic_string<char, std::char_traits<char>, std::allocator<char> > > >, std::allocator<std::vector<std::__cxx11::basic_string<char, std::char_traits<char>, std::allocator<char> >, std::allocator<std::__cxx11::basic_string<char, std::char_traits<char>, std::allocator<char> > > > > > const&, ctranslate2::models::WhisperOptions const&) [0x3d4709] in libctranslate2.so.4
=========         Host Frame: ctranslate2::ReplicaPool<ctranslate2::models::WhisperReplica>::BatchJob<ctranslate2::models::WhisperGenerationResult, ctranslate2::ReplicaPool<ctranslate2::models::WhisperReplica>::post_batch<ctranslate2::models::WhisperGenerationResult, ctranslate2::models::Whisper::generate(ctranslate2::StorageView const&, std::vector<std::vector<std::__cxx11::basic_string<char, std::char_traits<char>, std::allocator<char> >, std::allocator<std::__cxx11::basic_string<char, std::char_traits<char>, std::allocator<char> > > >, std::allocator<std::vector<std::__cxx11::basic_string<char, std::char_traits<char>, std::allocator<char> >, std::allocator<std::__cxx11::basic_string<char, std::char_traits<char>, std::allocator<char> > > > > >, ctranslate2::models::WhisperOptions)::{lambda(ctranslate2::models::WhisperReplica&)#1}>(ctranslate2::models::Whisper::generate(ctranslate2::StorageView const&, std::vector<std::vector<std::__cxx11::basic_string<char, std::char_traits<char>, std::allocator<char> >, std::allocator<std::__cxx11::basic_string<char, std::char_traits<char>, std::allocator<char> > > >, std::allocator<std::vector<std::__cxx11::basic_string<char, std::char_traits<char>, std::allocator<char> >, std::allocator<std::__cxx11::basic_string<char, std::char_traits<char>, std::allocator<char> > > > > >, ctranslate2::models::WhisperOptions)::{lambda(ctranslate2::models::WhisperReplica&)#1}, std::vector<std::promise<ctranslate2::models::WhisperGenerationResult>, std::allocator<ctranslate2::models::WhisperGenerationResult> >)::{lambda()#1}>::run() [0x3d4832] in libctranslate2.so.4
=========         Host Frame: ctranslate2::Worker::run(ctranslate2::JobQueue&) [0x427512] in libctranslate2.so.4
=========         Host Frame:  [0xdc252] in libstdc++.so.6
=========         Host Frame:  [0x94a82] in libc.so.6
=========         Host Frame:  [0x1268df] in libc.so.6
========= 
========= Uninitialized __global__ memory read of size 16 bytes
=========     at void flash_fwd_kernel<Flash_fwd_kernel_traits<(int)64, (int)128, (int)128, (int)4, (bool)0, (bool)0, cutlass::half_t, Flash_kernel_traits<(int)64, (int)128, (int)128, (int)4, cutlass::half_t>>, (bool)0, (bool)0, (bool)0, (bool)0, (bool)1, (bool)0>(Flash_fwd_params)+0xa10
=========     by thread (109,0,0) in block (0,0,0)
=========     Address 0xe27431c50
=========     Saved host backtrace up to driver entry point at kernel launch time
=========         Host Frame: cudaLaunchKernel [0x800837] in libctranslate2.so.4
=========         Host Frame: run_flash_fwd<Flash_fwd_kernel_traits<64, 128, 128, 4, false, false, cutlass::half_t, Flash_kernel_traits<64, 128, 128, 4, cutlass::half_t> >, false>(Flash_fwd_params&, CUstream_st*)::{lambda()#1}::operator()() const::{lambda()#2}::operator()() const::{lambda()#1}::operator()() const::{lambda()#1}::operator()() const::{lambda()#1}::operator()() const::{lambda()#2}::operator()() const::{lambda()#1}::operator()() const::{lambda()#2}::operator()() const::{lambda()#1}::operator()() const::{lambda()#2}::operator()() const [0x4b40c6] in libctranslate2.so.4
=========         Host Frame: void run_flash_fwd<Flash_fwd_kernel_traits<64, 128, 128, 4, false, false, cutlass::half_t, Flash_kernel_traits<64, 128, 128, 4, cutlass::half_t> >, false>(Flash_fwd_params&, CUstream_st*) [0x4b64db] in libctranslate2.so.4
=========         Host Frame: void ctranslate2::ops::FlashAttention::compute<(ctranslate2::Device)1>(ctranslate2::StorageView&, ctranslate2::StorageView&, ctranslate2::StorageView&, ctranslate2::StorageView&, ctranslate2::StorageView*, ctranslate2::StorageView*, ctranslate2::StorageView*, bool, ctranslate2::StorageView*, ctranslate2::StorageView*, bool, ctranslate2::StorageView*, long) const [0x764940] in libctranslate2.so.4
=========         Host Frame: ctranslate2::layers::FlashMultiHeadAttention::operator()(ctranslate2::StorageView const&, ctranslate2::StorageView const&, ctranslate2::StorageView const*, ctranslate2::StorageView&, ctranslate2::StorageView*, ctranslate2::StorageView*, ctranslate2::StorageView*, ctranslate2::Padder const*, ctranslate2::Padder const*, bool, ctranslate2::StorageView*, long, ctranslate2::layers::DecodeWorkspace*) const [0x347c9a] in libctranslate2.so.4
=========         Host Frame: ctranslate2::layers::TransformerEncoderLayer::operator()(ctranslate2::StorageView const&, ctranslate2::StorageView const*, ctranslate2::StorageView&, ctranslate2::Padder const*, ctranslate2::StorageView*) const [0x355978] in libctranslate2.so.4
=========         Host Frame: ctranslate2::layers::WhisperEncoder::operator()(ctranslate2::StorageView const&, ctranslate2::StorageView&) [0x36c5b6] in libctranslate2.so.4
=========         Host Frame: ctranslate2::models::WhisperReplica::maybe_encode(ctranslate2::StorageView) [0x3ca619] in libctranslate2.so.4
=========         Host Frame: ctranslate2::models::WhisperReplica::generate(ctranslate2::StorageView, std::vector<std::vector<unsigned long, std::allocator<unsigned long> >, std::allocator<std::vector<unsigned long, std::allocator<unsigned long> > > > const&, ctranslate2::models::WhisperOptions const&) [0x3d2702] in libctranslate2.so.4
=========         Host Frame: ctranslate2::models::WhisperReplica::generate(ctranslate2::StorageView, std::vector<std::vector<std::__cxx11::basic_string<char, std::char_traits<char>, std::allocator<char> >, std::allocator<std::__cxx11::basic_string<char, std::char_traits<char>, std::allocator<char> > > >, std::allocator<std::vector<std::__cxx11::basic_string<char, std::char_traits<char>, std::allocator<char> >, std::allocator<std::__cxx11::basic_string<char, std::char_traits<char>, std::allocator<char> > > > > > const&, ctranslate2::models::WhisperOptions const&) [0x3d4709] in libctranslate2.so.4
=========         Host Frame: ctranslate2::ReplicaPool<ctranslate2::models::WhisperReplica>::BatchJob<ctranslate2::models::WhisperGenerationResult, ctranslate2::ReplicaPool<ctranslate2::models::WhisperReplica>::post_batch<ctranslate2::models::WhisperGenerationResult, ctranslate2::models::Whisper::generate(ctranslate2::StorageView const&, std::vector<std::vector<std::__cxx11::basic_string<char, std::char_traits<char>, std::allocator<char> >, std::allocator<std::__cxx11::basic_string<char, std::char_traits<char>, std::allocator<char> > > >, std::allocator<std::vector<std::__cxx11::basic_string<char, std::char_traits<char>, std::allocator<char> >, std::allocator<std::__cxx11::basic_string<char, std::char_traits<char>, std::allocator<char> > > > > >, ctranslate2::models::WhisperOptions)::{lambda(ctranslate2::models::WhisperReplica&)#1}>(ctranslate2::models::Whisper::generate(ctranslate2::StorageView const&, std::vector<std::vector<std::__cxx11::basic_string<char, std::char_traits<char>, std::allocator<char> >, std::allocator<std::__cxx11::basic_string<char, std::char_traits<char>, std::allocator<char> > > >, std::allocator<std::vector<std::__cxx11::basic_string<char, std::char_traits<char>, std::allocator<char> >, std::allocator<std::__cxx11::basic_string<char, std::char_traits<char>, std::allocator<char> > > > > >, ctranslate2::models::WhisperOptions)::{lambda(ctranslate2::models::WhisperReplica&)#1}, std::vector<std::promise<ctranslate2::models::WhisperGenerationResult>, std::allocator<ctranslate2::models::WhisperGenerationResult> >)::{lambda()#1}>::run() [0x3d4832] in libctranslate2.so.4
=========         Host Frame: ctranslate2::Worker::run(ctranslate2::JobQueue&) [0x427512] in libctranslate2.so.4
=========         Host Frame:  [0xdc252] in libstdc++.so.6
=========         Host Frame:  [0x94a82] in libc.so.6
=========         Host Frame:  [0x1268df] in libc.so.6
========= 
========= Uninitialized __global__ memory read of size 16 bytes
=========     at void flash_fwd_kernel<Flash_fwd_kernel_traits<(int)64, (int)128, (int)128, (int)4, (bool)0, (bool)0, cutlass::half_t, Flash_kernel_traits<(int)64, (int)128, (int)128, (int)4, cutlass::half_t>>, (bool)0, (bool)0, (bool)0, (bool)0, (bool)1, (bool)0>(Flash_fwd_params)+0xa10
=========     by thread (110,0,0) in block (0,0,0)
=========     Address 0xe27431c60
=========     Saved host backtrace up to driver entry point at kernel launch time
=========         Host Frame: cudaLaunchKernel [0x800837] in libctranslate2.so.4
=========         Host Frame: run_flash_fwd<Flash_fwd_kernel_traits<64, 128, 128, 4, false, false, cutlass::half_t, Flash_kernel_traits<64, 128, 128, 4, cutlass::half_t> >, false>(Flash_fwd_params&, CUstream_st*)::{lambda()#1}::operator()() const::{lambda()#2}::operator()() const::{lambda()#1}::operator()() const::{lambda()#1}::operator()() const::{lambda()#1}::operator()() const::{lambda()#2}::operator()() const::{lambda()#1}::operator()() const::{lambda()#2}::operator()() const::{lambda()#1}::operator()() const::{lambda()#2}::operator()() const [0x4b40c6] in libctranslate2.so.4
=========         Host Frame: void run_flash_fwd<Flash_fwd_kernel_traits<64, 128, 128, 4, false, false, cutlass::half_t, Flash_kernel_traits<64, 128, 128, 4, cutlass::half_t> >, false>(Flash_fwd_params&, CUstream_st*) [0x4b64db] in libctranslate2.so.4
=========         Host Frame: void ctranslate2::ops::FlashAttention::compute<(ctranslate2::Device)1>(ctranslate2::StorageView&, ctranslate2::StorageView&, ctranslate2::StorageView&, ctranslate2::StorageView&, ctranslate2::StorageView*, ctranslate2::StorageView*, ctranslate2::StorageView*, bool, ctranslate2::StorageView*, ctranslate2::StorageView*, bool, ctranslate2::StorageView*, long) const [0x764940] in libctranslate2.so.4
=========         Host Frame: ctranslate2::layers::FlashMultiHeadAttention::operator()(ctranslate2::StorageView const&, ctranslate2::StorageView const&, ctranslate2::StorageView const*, ctranslate2::StorageView&, ctranslate2::StorageView*, ctranslate2::StorageView*, ctranslate2::StorageView*, ctranslate2::Padder const*, ctranslate2::Padder const*, bool, ctranslate2::StorageView*, long, ctranslate2::layers::DecodeWorkspace*) const [0x347c9a] in libctranslate2.so.4
=========         Host Frame: ctranslate2::layers::TransformerEncoderLayer::operator()(ctranslate2::StorageView const&, ctranslate2::StorageView const*, ctranslate2::StorageView&, ctranslate2::Padder const*, ctranslate2::StorageView*) const [0x355978] in libctranslate2.so.4
=========         Host Frame: ctranslate2::layers::WhisperEncoder::operator()(ctranslate2::StorageView const&, ctranslate2::StorageView&) [0x36c5b6] in libctranslate2.so.4
=========         Host Frame: ctranslate2::models::WhisperReplica::maybe_encode(ctranslate2::StorageView) [0x3ca619] in libctranslate2.so.4
=========         Host Frame: ctranslate2::models::WhisperReplica::generate(ctranslate2::StorageView, std::vector<std::vector<unsigned long, std::allocator<unsigned long> >, std::allocator<std::vector<unsigned long, std::allocator<unsigned long> > > > const&, ctranslate2::models::WhisperOptions const&) [0x3d2702] in libctranslate2.so.4
=========         Host Frame: ctranslate2::models::WhisperReplica::generate(ctranslate2::StorageView, std::vector<std::vector<std::__cxx11::basic_string<char, std::char_traits<char>, std::allocator<char> >, std::allocator<std::__cxx11::basic_string<char, std::char_traits<char>, std::allocator<char> > > >, std::allocator<std::vector<std::__cxx11::basic_string<char, std::char_traits<char>, std::allocator<char> >, std::allocator<std::__cxx11::basic_string<char, std::char_traits<char>, std::allocator<char> > > > > > const&, ctranslate2::models::WhisperOptions const&) [0x3d4709] in libctranslate2.so.4
=========         Host Frame: ctranslate2::ReplicaPool<ctranslate2::models::WhisperReplica>::BatchJob<ctranslate2::models::WhisperGenerationResult, ctranslate2::ReplicaPool<ctranslate2::models::WhisperReplica>::post_batch<ctranslate2::models::WhisperGenerationResult, ctranslate2::models::Whisper::generate(ctranslate2::StorageView const&, std::vector<std::vector<std::__cxx11::basic_string<char, std::char_traits<char>, std::allocator<char> >, std::allocator<std::__cxx11::basic_string<char, std::char_traits<char>, std::allocator<char> > > >, std::allocator<std::vector<std::__cxx11::basic_string<char, std::char_traits<char>, std::allocator<char> >, std::allocator<std::__cxx11::basic_string<char, std::char_traits<char>, std::allocator<char> > > > > >, ctranslate2::models::WhisperOptions)::{lambda(ctranslate2::models::WhisperReplica&)#1}>(ctranslate2::models::Whisper::generate(ctranslate2::StorageView const&, std::vector<std::vector<std::__cxx11::basic_string<char, std::char_traits<char>, std::allocator<char> >, std::allocator<std::__cxx11::basic_string<char, std::char_traits<char>, std::allocator<char> > > >, std::allocator<std::vector<std::__cxx11::basic_string<char, std::char_traits<char>, std::allocator<char> >, std::allocator<std::__cxx11::basic_string<char, std::char_traits<char>, std::allocator<char> > > > > >, ctranslate2::models::WhisperOptions)::{lambda(ctranslate2::models::WhisperReplica&)#1}, std::vector<std::promise<ctranslate2::models::WhisperGenerationResult>, std::allocator<ctranslate2::models::WhisperGenerationResult> >)::{lambda()#1}>::run() [0x3d4832] in libctranslate2.so.4
=========         Host Frame: ctranslate2::Worker::run(ctranslate2::JobQueue&) [0x427512] in libctranslate2.so.4
=========         Host Frame:  [0xdc252] in libstdc++.so.6
=========         Host Frame:  [0x94a82] in libc.so.6
=========         Host Frame:  [0x1268df] in libc.so.6
========= 
========= Uninitialized __global__ memory read of size 16 bytes
=========     at void flash_fwd_kernel<Flash_fwd_kernel_traits<(int)64, (int)128, (int)128, (int)4, (bool)0, (bool)0, cutlass::half_t, Flash_kernel_traits<(int)64, (int)128, (int)128, (int)4, cutlass::half_t>>, (bool)0, (bool)0, (bool)0, (bool)0, (bool)1, (bool)0>(Flash_fwd_params)+0xa10
=========     by thread (111,0,0) in block (0,0,0)
=========     Address 0xe27431c70
=========     Saved host backtrace up to driver entry point at kernel launch time
=========         Host Frame: cudaLaunchKernel [0x800837] in libctranslate2.so.4
=========         Host Frame: run_flash_fwd<Flash_fwd_kernel_traits<64, 128, 128, 4, false, false, cutlass::half_t, Flash_kernel_traits<64, 128, 128, 4, cutlass::half_t> >, false>(Flash_fwd_params&, CUstream_st*)::{lambda()#1}::operator()() const::{lambda()#2}::operator()() const::{lambda()#1}::operator()() const::{lambda()#1}::operator()() const::{lambda()#1}::operator()() const::{lambda()#2}::operator()() const::{lambda()#1}::operator()() const::{lambda()#2}::operator()() const::{lambda()#1}::operator()() const::{lambda()#2}::operator()() const [0x4b40c6] in libctranslate2.so.4
=========         Host Frame: void run_flash_fwd<Flash_fwd_kernel_traits<64, 128, 128, 4, false, false, cutlass::half_t, Flash_kernel_traits<64, 128, 128, 4, cutlass::half_t> >, false>(Flash_fwd_params&, CUstream_st*) [0x4b64db] in libctranslate2.so.4
=========         Host Frame: void ctranslate2::ops::FlashAttention::compute<(ctranslate2::Device)1>(ctranslate2::StorageView&, ctranslate2::StorageView&, ctranslate2::StorageView&, ctranslate2::StorageView&, ctranslate2::StorageView*, ctranslate2::StorageView*, ctranslate2::StorageView*, bool, ctranslate2::StorageView*, ctranslate2::StorageView*, bool, ctranslate2::StorageView*, long) const [0x764940] in libctranslate2.so.4
=========         Host Frame: ctranslate2::layers::FlashMultiHeadAttention::operator()(ctranslate2::StorageView const&, ctranslate2::StorageView const&, ctranslate2::StorageView const*, ctranslate2::StorageView&, ctranslate2::StorageView*, ctranslate2::StorageView*, ctranslate2::StorageView*, ctranslate2::Padder const*, ctranslate2::Padder const*, bool, ctranslate2::StorageView*, long, ctranslate2::layers::DecodeWorkspace*) const [0x347c9a] in libctranslate2.so.4
=========         Host Frame: ctranslate2::layers::TransformerEncoderLayer::operator()(ctranslate2::StorageView const&, ctranslate2::StorageView const*, ctranslate2::StorageView&, ctranslate2::Padder const*, ctranslate2::StorageView*) const [0x355978] in libctranslate2.so.4
=========         Host Frame: ctranslate2::layers::WhisperEncoder::operator()(ctranslate2::StorageView const&, ctranslate2::StorageView&) [0x36c5b6] in libctranslate2.so.4
=========         Host Frame: ctranslate2::models::WhisperReplica::maybe_encode(ctranslate2::StorageView) [0x3ca619] in libctranslate2.so.4
=========         Host Frame: ctranslate2::models::WhisperReplica::generate(ctranslate2::StorageView, std::vector<std::vector<unsigned long, std::allocator<unsigned long> >, std::allocator<std::vector<unsigned long, std::allocator<unsigned long> > > > const&, ctranslate2::models::WhisperOptions const&) [0x3d2702] in libctranslate2.so.4
=========         Host Frame: ctranslate2::models::WhisperReplica::generate(ctranslate2::StorageView, std::vector<std::vector<std::__cxx11::basic_string<char, std::char_traits<char>, std::allocator<char> >, std::allocator<std::__cxx11::basic_string<char, std::char_traits<char>, std::allocator<char> > > >, std::allocator<std::vector<std::__cxx11::basic_string<char, std::char_traits<char>, std::allocator<char> >, std::allocator<std::__cxx11::basic_string<char, std::char_traits<char>, std::allocator<char> > > > > > const&, ctranslate2::models::WhisperOptions const&) [0x3d4709] in libctranslate2.so.4
=========         Host Frame: ctranslate2::ReplicaPool<ctranslate2::models::WhisperReplica>::BatchJob<ctranslate2::models::WhisperGenerationResult, ctranslate2::ReplicaPool<ctranslate2::models::WhisperReplica>::post_batch<ctranslate2::models::WhisperGenerationResult, ctranslate2::models::Whisper::generate(ctranslate2::StorageView const&, std::vector<std::vector<std::__cxx11::basic_string<char, std::char_traits<char>, std::allocator<char> >, std::allocator<std::__cxx11::basic_string<char, std::char_traits<char>, std::allocator<char> > > >, std::allocator<std::vector<std::__cxx11::basic_string<char, std::char_traits<char>, std::allocator<char> >, std::allocator<std::__cxx11::basic_string<char, std::char_traits<char>, std::allocator<char> > > > > >, ctranslate2::models::WhisperOptions)::{lambda(ctranslate2::models::WhisperReplica&)#1}>(ctranslate2::models::Whisper::generate(ctranslate2::StorageView const&, std::vector<std::vector<std::__cxx11::basic_string<char, std::char_traits<char>, std::allocator<char> >, std::allocator<std::__cxx11::basic_string<char, std::char_traits<char>, std::allocator<char> > > >, std::allocator<std::vector<std::__cxx11::basic_string<char, std::char_traits<char>, std::allocator<char> >, std::allocator<std::__cxx11::basic_string<char, std::char_traits<char>, std::allocator<char> > > > > >, ctranslate2::models::WhisperOptions)::{lambda(ctranslate2::models::WhisperReplica&)#1}, std::vector<std::promise<ctranslate2::models::WhisperGenerationResult>, std::allocator<ctranslate2::models::WhisperGenerationResult> >)::{lambda()#1}>::run() [0x3d4832] in libctranslate2.so.4
=========         Host Frame: ctranslate2::Worker::run(ctranslate2::JobQueue&) [0x427512] in libctranslate2.so.4
=========         Host Frame:  [0xdc252] in libstdc++.so.6
=========         Host Frame:  [0x94a82] in libc.so.6
=========         Host Frame:  [0x1268df] in libc.so.6
========= 
========= Uninitialized __global__ memory read of size 16 bytes
=========     at void flash_fwd_kernel<Flash_fwd_kernel_traits<(int)64, (int)128, (int)128, (int)4, (bool)0, (bool)0, cutlass::half_t, Flash_kernel_traits<(int)64, (int)128, (int)128, (int)4, cutlass::half_t>>, (bool)0, (bool)0, (bool)0, (bool)0, (bool)1, (bool)0>(Flash_fwd_params)+0xa10
=========     by thread (112,0,0) in block (0,0,0)
=========     Address 0xe27432200
=========     Saved host backtrace up to driver entry point at kernel launch time
=========         Host Frame: cudaLaunchKernel [0x800837] in libctranslate2.so.4
=========         Host Frame: run_flash_fwd<Flash_fwd_kernel_traits<64, 128, 128, 4, false, false, cutlass::half_t, Flash_kernel_traits<64, 128, 128, 4, cutlass::half_t> >, false>(Flash_fwd_params&, CUstream_st*)::{lambda()#1}::operator()() const::{lambda()#2}::operator()() const::{lambda()#1}::operator()() const::{lambda()#1}::operator()() const::{lambda()#1}::operator()() const::{lambda()#2}::operator()() const::{lambda()#1}::operator()() const::{lambda()#2}::operator()() const::{lambda()#1}::operator()() const::{lambda()#2}::operator()() const [0x4b40c6] in libctranslate2.so.4
=========         Host Frame: void run_flash_fwd<Flash_fwd_kernel_traits<64, 128, 128, 4, false, false, cutlass::half_t, Flash_kernel_traits<64, 128, 128, 4, cutlass::half_t> >, false>(Flash_fwd_params&, CUstream_st*) [0x4b64db] in libctranslate2.so.4
=========         Host Frame: void ctranslate2::ops::FlashAttention::compute<(ctranslate2::Device)1>(ctranslate2::StorageView&, ctranslate2::StorageView&, ctranslate2::StorageView&, ctranslate2::StorageView&, ctranslate2::StorageView*, ctranslate2::StorageView*, ctranslate2::StorageView*, bool, ctranslate2::StorageView*, ctranslate2::StorageView*, bool, ctranslate2::StorageView*, long) const [0x764940] in libctranslate2.so.4
=========         Host Frame: ctranslate2::layers::FlashMultiHeadAttention::operator()(ctranslate2::StorageView const&, ctranslate2::StorageView const&, ctranslate2::StorageView const*, ctranslate2::StorageView&, ctranslate2::StorageView*, ctranslate2::StorageView*, ctranslate2::StorageView*, ctranslate2::Padder const*, ctranslate2::Padder const*, bool, ctranslate2::StorageView*, long, ctranslate2::layers::DecodeWorkspace*) const [0x347c9a] in libctranslate2.so.4
=========         Host Frame: ctranslate2::layers::TransformerEncoderLayer::operator()(ctranslate2::StorageView const&, ctranslate2::StorageView const*, ctranslate2::StorageView&, ctranslate2::Padder const*, ctranslate2::StorageView*) const [0x355978] in libctranslate2.so.4
=========         Host Frame: ctranslate2::layers::WhisperEncoder::operator()(ctranslate2::StorageView const&, ctranslate2::StorageView&) [0x36c5b6] in libctranslate2.so.4
=========         Host Frame: ctranslate2::models::WhisperReplica::maybe_encode(ctranslate2::StorageView) [0x3ca619] in libctranslate2.so.4
=========         Host Frame: ctranslate2::models::WhisperReplica::generate(ctranslate2::StorageView, std::vector<std::vector<unsigned long, std::allocator<unsigned long> >, std::allocator<std::vector<unsigned long, std::allocator<unsigned long> > > > const&, ctranslate2::models::WhisperOptions const&) [0x3d2702] in libctranslate2.so.4
=========         Host Frame: ctranslate2::models::WhisperReplica::generate(ctranslate2::StorageView, std::vector<std::vector<std::__cxx11::basic_string<char, std::char_traits<char>, std::allocator<char> >, std::allocator<std::__cxx11::basic_string<char, std::char_traits<char>, std::allocator<char> > > >, std::allocator<std::vector<std::__cxx11::basic_string<char, std::char_traits<char>, std::allocator<char> >, std::allocator<std::__cxx11::basic_string<char, std::char_traits<char>, std::allocator<char> > > > > > const&, ctranslate2::models::WhisperOptions const&) [0x3d4709] in libctranslate2.so.4
=========         Host Frame: ctranslate2::ReplicaPool<ctranslate2::models::WhisperReplica>::BatchJob<ctranslate2::models::WhisperGenerationResult, ctranslate2::ReplicaPool<ctranslate2::models::WhisperReplica>::post_batch<ctranslate2::models::WhisperGenerationResult, ctranslate2::models::Whisper::generate(ctranslate2::StorageView const&, std::vector<std::vector<std::__cxx11::basic_string<char, std::char_traits<char>, std::allocator<char> >, std::allocator<std::__cxx11::basic_string<char, std::char_traits<char>, std::allocator<char> > > >, std::allocator<std::vector<std::__cxx11::basic_string<char, std::char_traits<char>, std::allocator<char> >, std::allocator<std::__cxx11::basic_string<char, std::char_traits<char>, std::allocator<char> > > > > >, ctranslate2::models::WhisperOptions)::{lambda(ctranslate2::models::WhisperReplica&)#1}>(ctranslate2::models::Whisper::generate(ctranslate2::StorageView const&, std::vector<std::vector<std::__cxx11::basic_string<char, std::char_traits<char>, std::allocator<char> >, std::allocator<std::__cxx11::basic_string<char, std::char_traits<char>, std::allocator<char> > > >, std::allocator<std::vector<std::__cxx11::basic_string<char, std::char_traits<char>, std::allocator<char> >, std::allocator<std::__cxx11::basic_string<char, std::char_traits<char>, std::allocator<char> > > > > >, ctranslate2::models::WhisperOptions)::{lambda(ctranslate2::models::WhisperReplica&)#1}, std::vector<std::promise<ctranslate2::models::WhisperGenerationResult>, std::allocator<ctranslate2::models::WhisperGenerationResult> >)::{lambda()#1}>::run() [0x3d4832] in libctranslate2.so.4
=========         Host Frame: ctranslate2::Worker::run(ctranslate2::JobQueue&) [0x427512] in libctranslate2.so.4
=========         Host Frame:  [0xdc252] in libstdc++.so.6
=========         Host Frame:  [0x94a82] in libc.so.6
=========         Host Frame:  [0x1268df] in libc.so.6
========= 
========= Uninitialized __global__ memory read of size 16 bytes
=========     at void flash_fwd_kernel<Flash_fwd_kernel_traits<(int)64, (int)128, (int)128, (int)4, (bool)0, (bool)0, cutlass::half_t, Flash_kernel_traits<(int)64, (int)128, (int)128, (int)4, cutlass::half_t>>, (bool)0, (bool)0, (bool)0, (bool)0, (bool)1, (bool)0>(Flash_fwd_params)+0xa10
=========     by thread (113,0,0) in block (0,0,0)
=========     Address 0xe27432210
=========     Saved host backtrace up to driver entry point at kernel launch time
=========         Host Frame: cudaLaunchKernel [0x800837] in libctranslate2.so.4
=========         Host Frame: run_flash_fwd<Flash_fwd_kernel_traits<64, 128, 128, 4, false, false, cutlass::half_t, Flash_kernel_traits<64, 128, 128, 4, cutlass::half_t> >, false>(Flash_fwd_params&, CUstream_st*)::{lambda()#1}::operator()() const::{lambda()#2}::operator()() const::{lambda()#1}::operator()() const::{lambda()#1}::operator()() const::{lambda()#1}::operator()() const::{lambda()#2}::operator()() const::{lambda()#1}::operator()() const::{lambda()#2}::operator()() const::{lambda()#1}::operator()() const::{lambda()#2}::operator()() const [0x4b40c6] in libctranslate2.so.4
=========         Host Frame: void run_flash_fwd<Flash_fwd_kernel_traits<64, 128, 128, 4, false, false, cutlass::half_t, Flash_kernel_traits<64, 128, 128, 4, cutlass::half_t> >, false>(Flash_fwd_params&, CUstream_st*) [0x4b64db] in libctranslate2.so.4
=========         Host Frame: void ctranslate2::ops::FlashAttention::compute<(ctranslate2::Device)1>(ctranslate2::StorageView&, ctranslate2::StorageView&, ctranslate2::StorageView&, ctranslate2::StorageView&, ctranslate2::StorageView*, ctranslate2::StorageView*, ctranslate2::StorageView*, bool, ctranslate2::StorageView*, ctranslate2::StorageView*, bool, ctranslate2::StorageView*, long) const [0x764940] in libctranslate2.so.4
=========         Host Frame: ctranslate2::layers::FlashMultiHeadAttention::operator()(ctranslate2::StorageView const&, ctranslate2::StorageView const&, ctranslate2::StorageView const*, ctranslate2::StorageView&, ctranslate2::StorageView*, ctranslate2::StorageView*, ctranslate2::StorageView*, ctranslate2::Padder const*, ctranslate2::Padder const*, bool, ctranslate2::StorageView*, long, ctranslate2::layers::DecodeWorkspace*) const [0x347c9a] in libctranslate2.so.4
=========         Host Frame: ctranslate2::layers::TransformerEncoderLayer::operator()(ctranslate2::StorageView const&, ctranslate2::StorageView const*, ctranslate2::StorageView&, ctranslate2::Padder const*, ctranslate2::StorageView*) const [0x355978] in libctranslate2.so.4
=========         Host Frame: ctranslate2::layers::WhisperEncoder::operator()(ctranslate2::StorageView const&, ctranslate2::StorageView&) [0x36c5b6] in libctranslate2.so.4
=========         Host Frame: ctranslate2::models::WhisperReplica::maybe_encode(ctranslate2::StorageView) [0x3ca619] in libctranslate2.so.4
=========         Host Frame: ctranslate2::models::WhisperReplica::generate(ctranslate2::StorageView, std::vector<std::vector<unsigned long, std::allocator<unsigned long> >, std::allocator<std::vector<unsigned long, std::allocator<unsigned long> > > > const&, ctranslate2::models::WhisperOptions const&) [0x3d2702] in libctranslate2.so.4
=========         Host Frame: ctranslate2::models::WhisperReplica::generate(ctranslate2::StorageView, std::vector<std::vector<std::__cxx11::basic_string<char, std::char_traits<char>, std::allocator<char> >, std::allocator<std::__cxx11::basic_string<char, std::char_traits<char>, std::allocator<char> > > >, std::allocator<std::vector<std::__cxx11::basic_string<char, std::char_traits<char>, std::allocator<char> >, std::allocator<std::__cxx11::basic_string<char, std::char_traits<char>, std::allocator<char> > > > > > const&, ctranslate2::models::WhisperOptions const&) [0x3d4709] in libctranslate2.so.4
=========         Host Frame: ctranslate2::ReplicaPool<ctranslate2::models::WhisperReplica>::BatchJob<ctranslate2::models::WhisperGenerationResult, ctranslate2::ReplicaPool<ctranslate2::models::WhisperReplica>::post_batch<ctranslate2::models::WhisperGenerationResult, ctranslate2::models::Whisper::generate(ctranslate2::StorageView const&, std::vector<std::vector<std::__cxx11::basic_string<char, std::char_traits<char>, std::allocator<char> >, std::allocator<std::__cxx11::basic_string<char, std::char_traits<char>, std::allocator<char> > > >, std::allocator<std::vector<std::__cxx11::basic_string<char, std::char_traits<char>, std::allocator<char> >, std::allocator<std::__cxx11::basic_string<char, std::char_traits<char>, std::allocator<char> > > > > >, ctranslate2::models::WhisperOptions)::{lambda(ctranslate2::models::WhisperReplica&)#1}>(ctranslate2::models::Whisper::generate(ctranslate2::StorageView const&, std::vector<std::vector<std::__cxx11::basic_string<char, std::char_traits<char>, std::allocator<char> >, std::allocator<std::__cxx11::basic_string<char, std::char_traits<char>, std::allocator<char> > > >, std::allocator<std::vector<std::__cxx11::basic_string<char, std::char_traits<char>, std::allocator<char> >, std::allocator<std::__cxx11::basic_string<char, std::char_traits<char>, std::allocator<char> > > > > >, ctranslate2::models::WhisperOptions)::{lambda(ctranslate2::models::WhisperReplica&)#1}, std::vector<std::promise<ctranslate2::models::WhisperGenerationResult>, std::allocator<ctranslate2::models::WhisperGenerationResult> >)::{lambda()#1}>::run() [0x3d4832] in libctranslate2.so.4
=========         Host Frame: ctranslate2::Worker::run(ctranslate2::JobQueue&) [0x427512] in libctranslate2.so.4
=========         Host Frame:  [0xdc252] in libstdc++.so.6
=========         Host Frame:  [0x94a82] in libc.so.6
=========         Host Frame:  [0x1268df] in libc.so.6
========= 
========= Uninitialized __global__ memory read of size 16 bytes
=========     at void flash_fwd_kernel<Flash_fwd_kernel_traits<(int)64, (int)128, (int)128, (int)4, (bool)0, (bool)0, cutlass::half_t, Flash_kernel_traits<(int)64, (int)128, (int)128, (int)4, cutlass::half_t>>, (bool)0, (bool)0, (bool)0, (bool)0, (bool)1, (bool)0>(Flash_fwd_params)+0xa10
=========     by thread (114,0,0) in block (0,0,0)
=========     Address 0xe27432220
=========     Saved host backtrace up to driver entry point at kernel launch time
=========         Host Frame: cudaLaunchKernel [0x800837] in libctranslate2.so.4
=========         Host Frame: run_flash_fwd<Flash_fwd_kernel_traits<64, 128, 128, 4, false, false, cutlass::half_t, Flash_kernel_traits<64, 128, 128, 4, cutlass::half_t> >, false>(Flash_fwd_params&, CUstream_st*)::{lambda()#1}::operator()() const::{lambda()#2}::operator()() const::{lambda()#1}::operator()() const::{lambda()#1}::operator()() const::{lambda()#1}::operator()() const::{lambda()#2}::operator()() const::{lambda()#1}::operator()() const::{lambda()#2}::operator()() const::{lambda()#1}::operator()() const::{lambda()#2}::operator()() const [0x4b40c6] in libctranslate2.so.4
=========         Host Frame: void run_flash_fwd<Flash_fwd_kernel_traits<64, 128, 128, 4, false, false, cutlass::half_t, Flash_kernel_traits<64, 128, 128, 4, cutlass::half_t> >, false>(Flash_fwd_params&, CUstream_st*) [0x4b64db] in libctranslate2.so.4
=========         Host Frame: void ctranslate2::ops::FlashAttention::compute<(ctranslate2::Device)1>(ctranslate2::StorageView&, ctranslate2::StorageView&, ctranslate2::StorageView&, ctranslate2::StorageView&, ctranslate2::StorageView*, ctranslate2::StorageView*, ctranslate2::StorageView*, bool, ctranslate2::StorageView*, ctranslate2::StorageView*, bool, ctranslate2::StorageView*, long) const [0x764940] in libctranslate2.so.4
=========         Host Frame: ctranslate2::layers::FlashMultiHeadAttention::operator()(ctranslate2::StorageView const&, ctranslate2::StorageView const&, ctranslate2::StorageView const*, ctranslate2::StorageView&, ctranslate2::StorageView*, ctranslate2::StorageView*, ctranslate2::StorageView*, ctranslate2::Padder const*, ctranslate2::Padder const*, bool, ctranslate2::StorageView*, long, ctranslate2::layers::DecodeWorkspace*) const [0x347c9a] in libctranslate2.so.4
=========         Host Frame: ctranslate2::layers::TransformerEncoderLayer::operator()(ctranslate2::StorageView const&, ctranslate2::StorageView const*, ctranslate2::StorageView&, ctranslate2::Padder const*, ctranslate2::StorageView*) const [0x355978] in libctranslate2.so.4
=========         Host Frame: ctranslate2::layers::WhisperEncoder::operator()(ctranslate2::StorageView const&, ctranslate2::StorageView&) [0x36c5b6] in libctranslate2.so.4
=========         Host Frame: ctranslate2::models::WhisperReplica::maybe_encode(ctranslate2::StorageView) [0x3ca619] in libctranslate2.so.4
=========         Host Frame: ctranslate2::models::WhisperReplica::generate(ctranslate2::StorageView, std::vector<std::vector<unsigned long, std::allocator<unsigned long> >, std::allocator<std::vector<unsigned long, std::allocator<unsigned long> > > > const&, ctranslate2::models::WhisperOptions const&) [0x3d2702] in libctranslate2.so.4
=========         Host Frame: ctranslate2::models::WhisperReplica::generate(ctranslate2::StorageView, std::vector<std::vector<std::__cxx11::basic_string<char, std::char_traits<char>, std::allocator<char> >, std::allocator<std::__cxx11::basic_string<char, std::char_traits<char>, std::allocator<char> > > >, std::allocator<std::vector<std::__cxx11::basic_string<char, std::char_traits<char>, std::allocator<char> >, std::allocator<std::__cxx11::basic_string<char, std::char_traits<char>, std::allocator<char> > > > > > const&, ctranslate2::models::WhisperOptions const&) [0x3d4709] in libctranslate2.so.4
=========         Host Frame: ctranslate2::ReplicaPool<ctranslate2::models::WhisperReplica>::BatchJob<ctranslate2::models::WhisperGenerationResult, ctranslate2::ReplicaPool<ctranslate2::models::WhisperReplica>::post_batch<ctranslate2::models::WhisperGenerationResult, ctranslate2::models::Whisper::generate(ctranslate2::StorageView const&, std::vector<std::vector<std::__cxx11::basic_string<char, std::char_traits<char>, std::allocator<char> >, std::allocator<std::__cxx11::basic_string<char, std::char_traits<char>, std::allocator<char> > > >, std::allocator<std::vector<std::__cxx11::basic_string<char, std::char_traits<char>, std::allocator<char> >, std::allocator<std::__cxx11::basic_string<char, std::char_traits<char>, std::allocator<char> > > > > >, ctranslate2::models::WhisperOptions)::{lambda(ctranslate2::models::WhisperReplica&)#1}>(ctranslate2::models::Whisper::generate(ctranslate2::StorageView const&, std::vector<std::vector<std::__cxx11::basic_string<char, std::char_traits<char>, std::allocator<char> >, std::allocator<std::__cxx11::basic_string<char, std::char_traits<char>, std::allocator<char> > > >, std::allocator<std::vector<std::__cxx11::basic_string<char, std::char_traits<char>, std::allocator<char> >, std::allocator<std::__cxx11::basic_string<char, std::char_traits<char>, std::allocator<char> > > > > >, ctranslate2::models::WhisperOptions)::{lambda(ctranslate2::models::WhisperReplica&)#1}, std::vector<std::promise<ctranslate2::models::WhisperGenerationResult>, std::allocator<ctranslate2::models::WhisperGenerationResult> >)::{lambda()#1}>::run() [0x3d4832] in libctranslate2.so.4
=========         Host Frame: ctranslate2::Worker::run(ctranslate2::JobQueue&) [0x427512] in libctranslate2.so.4
=========         Host Frame:  [0xdc252] in libstdc++.so.6
=========         Host Frame:  [0x94a82] in libc.so.6
=========         Host Frame:  [0x1268df] in libc.so.6
========= 
========= Uninitialized __global__ memory read of size 16 bytes
=========     at void flash_fwd_kernel<Flash_fwd_kernel_traits<(int)64, (int)128, (int)128, (int)4, (bool)0, (bool)0, cutlass::half_t, Flash_kernel_traits<(int)64, (int)128, (int)128, (int)4, cutlass::half_t>>, (bool)0, (bool)0, (bool)0, (bool)0, (bool)1, (bool)0>(Flash_fwd_params)+0xa10
=========     by thread (115,0,0) in block (0,0,0)
=========     Address 0xe27432230
=========     Saved host backtrace up to driver entry point at kernel launch time
=========         Host Frame: cudaLaunchKernel [0x800837] in libctranslate2.so.4
=========         Host Frame: run_flash_fwd<Flash_fwd_kernel_traits<64, 128, 128, 4, false, false, cutlass::half_t, Flash_kernel_traits<64, 128, 128, 4, cutlass::half_t> >, false>(Flash_fwd_params&, CUstream_st*)::{lambda()#1}::operator()() const::{lambda()#2}::operator()() const::{lambda()#1}::operator()() const::{lambda()#1}::operator()() const::{lambda()#1}::operator()() const::{lambda()#2}::operator()() const::{lambda()#1}::operator()() const::{lambda()#2}::operator()() const::{lambda()#1}::operator()() const::{lambda()#2}::operator()() const [0x4b40c6] in libctranslate2.so.4
=========         Host Frame: void run_flash_fwd<Flash_fwd_kernel_traits<64, 128, 128, 4, false, false, cutlass::half_t, Flash_kernel_traits<64, 128, 128, 4, cutlass::half_t> >, false>(Flash_fwd_params&, CUstream_st*) [0x4b64db] in libctranslate2.so.4
=========         Host Frame: void ctranslate2::ops::FlashAttention::compute<(ctranslate2::Device)1>(ctranslate2::StorageView&, ctranslate2::StorageView&, ctranslate2::StorageView&, ctranslate2::StorageView&, ctranslate2::StorageView*, ctranslate2::StorageView*, ctranslate2::StorageView*, bool, ctranslate2::StorageView*, ctranslate2::StorageView*, bool, ctranslate2::StorageView*, long) const [0x764940] in libctranslate2.so.4
=========         Host Frame: ctranslate2::layers::FlashMultiHeadAttention::operator()(ctranslate2::StorageView const&, ctranslate2::StorageView const&, ctranslate2::StorageView const*, ctranslate2::StorageView&, ctranslate2::StorageView*, ctranslate2::StorageView*, ctranslate2::StorageView*, ctranslate2::Padder const*, ctranslate2::Padder const*, bool, ctranslate2::StorageView*, long, ctranslate2::layers::DecodeWorkspace*) const [0x347c9a] in libctranslate2.so.4
=========         Host Frame: ctranslate2::layers::TransformerEncoderLayer::operator()(ctranslate2::StorageView const&, ctranslate2::StorageView const*, ctranslate2::StorageView&, ctranslate2::Padder const*, ctranslate2::StorageView*) const [0x355978] in libctranslate2.so.4
=========         Host Frame: ctranslate2::layers::WhisperEncoder::operator()(ctranslate2::StorageView const&, ctranslate2::StorageView&) [0x36c5b6] in libctranslate2.so.4
=========         Host Frame: ctranslate2::models::WhisperReplica::maybe_encode(ctranslate2::StorageView) [0x3ca619] in libctranslate2.so.4
=========         Host Frame: ctranslate2::models::WhisperReplica::generate(ctranslate2::StorageView, std::vector<std::vector<unsigned long, std::allocator<unsigned long> >, std::allocator<std::vector<unsigned long, std::allocator<unsigned long> > > > const&, ctranslate2::models::WhisperOptions const&) [0x3d2702] in libctranslate2.so.4
=========         Host Frame: ctranslate2::models::WhisperReplica::generate(ctranslate2::StorageView, std::vector<std::vector<std::__cxx11::basic_string<char, std::char_traits<char>, std::allocator<char> >, std::allocator<std::__cxx11::basic_string<char, std::char_traits<char>, std::allocator<char> > > >, std::allocator<std::vector<std::__cxx11::basic_string<char, std::char_traits<char>, std::allocator<char> >, std::allocator<std::__cxx11::basic_string<char, std::char_traits<char>, std::allocator<char> > > > > > const&, ctranslate2::models::WhisperOptions const&) [0x3d4709] in libctranslate2.so.4
=========         Host Frame: ctranslate2::ReplicaPool<ctranslate2::models::WhisperReplica>::BatchJob<ctranslate2::models::WhisperGenerationResult, ctranslate2::ReplicaPool<ctranslate2::models::WhisperReplica>::post_batch<ctranslate2::models::WhisperGenerationResult, ctranslate2::models::Whisper::generate(ctranslate2::StorageView const&, std::vector<std::vector<std::__cxx11::basic_string<char, std::char_traits<char>, std::allocator<char> >, std::allocator<std::__cxx11::basic_string<char, std::char_traits<char>, std::allocator<char> > > >, std::allocator<std::vector<std::__cxx11::basic_string<char, std::char_traits<char>, std::allocator<char> >, std::allocator<std::__cxx11::basic_string<char, std::char_traits<char>, std::allocator<char> > > > > >, ctranslate2::models::WhisperOptions)::{lambda(ctranslate2::models::WhisperReplica&)#1}>(ctranslate2::models::Whisper::generate(ctranslate2::StorageView const&, std::vector<std::vector<std::__cxx11::basic_string<char, std::char_traits<char>, std::allocator<char> >, std::allocator<std::__cxx11::basic_string<char, std::char_traits<char>, std::allocator<char> > > >, std::allocator<std::vector<std::__cxx11::basic_string<char, std::char_traits<char>, std::allocator<char> >, std::allocator<std::__cxx11::basic_string<char, std::char_traits<char>, std::allocator<char> > > > > >, ctranslate2::models::WhisperOptions)::{lambda(ctranslate2::models::WhisperReplica&)#1}, std::vector<std::promise<ctranslate2::models::WhisperGenerationResult>, std::allocator<ctranslate2::models::WhisperGenerationResult> >)::{lambda()#1}>::run() [0x3d4832] in libctranslate2.so.4
=========         Host Frame: ctranslate2::Worker::run(ctranslate2::JobQueue&) [0x427512] in libctranslate2.so.4
=========         Host Frame:  [0xdc252] in libstdc++.so.6
=========         Host Frame:  [0x94a82] in libc.so.6
=========         Host Frame:  [0x1268df] in libc.so.6
========= 
========= Uninitialized __global__ memory read of size 16 bytes
=========     at void flash_fwd_kernel<Flash_fwd_kernel_traits<(int)64, (int)128, (int)128, (int)4, (bool)0, (bool)0, cutlass::half_t, Flash_kernel_traits<(int)64, (int)128, (int)128, (int)4, cutlass::half_t>>, (bool)0, (bool)0, (bool)0, (bool)0, (bool)1, (bool)0>(Flash_fwd_params)+0xa10
=========     by thread (116,0,0) in block (0,0,0)
=========     Address 0xe27432240
=========     Saved host backtrace up to driver entry point at kernel launch time
=========         Host Frame: cudaLaunchKernel [0x800837] in libctranslate2.so.4
=========         Host Frame: run_flash_fwd<Flash_fwd_kernel_traits<64, 128, 128, 4, false, false, cutlass::half_t, Flash_kernel_traits<64, 128, 128, 4, cutlass::half_t> >, false>(Flash_fwd_params&, CUstream_st*)::{lambda()#1}::operator()() const::{lambda()#2}::operator()() const::{lambda()#1}::operator()() const::{lambda()#1}::operator()() const::{lambda()#1}::operator()() const::{lambda()#2}::operator()() const::{lambda()#1}::operator()() const::{lambda()#2}::operator()() const::{lambda()#1}::operator()() const::{lambda()#2}::operator()() const [0x4b40c6] in libctranslate2.so.4
=========         Host Frame: void run_flash_fwd<Flash_fwd_kernel_traits<64, 128, 128, 4, false, false, cutlass::half_t, Flash_kernel_traits<64, 128, 128, 4, cutlass::half_t> >, false>(Flash_fwd_params&, CUstream_st*) [0x4b64db] in libctranslate2.so.4
=========         Host Frame: void ctranslate2::ops::FlashAttention::compute<(ctranslate2::Device)1>(ctranslate2::StorageView&, ctranslate2::StorageView&, ctranslate2::StorageView&, ctranslate2::StorageView&, ctranslate2::StorageView*, ctranslate2::StorageView*, ctranslate2::StorageView*, bool, ctranslate2::StorageView*, ctranslate2::StorageView*, bool, ctranslate2::StorageView*, long) const [0x764940] in libctranslate2.so.4
=========         Host Frame: ctranslate2::layers::FlashMultiHeadAttention::operator()(ctranslate2::StorageView const&, ctranslate2::StorageView const&, ctranslate2::StorageView const*, ctranslate2::StorageView&, ctranslate2::StorageView*, ctranslate2::StorageView*, ctranslate2::StorageView*, ctranslate2::Padder const*, ctranslate2::Padder const*, bool, ctranslate2::StorageView*, long, ctranslate2::layers::DecodeWorkspace*) const [0x347c9a] in libctranslate2.so.4
=========         Host Frame: ctranslate2::layers::TransformerEncoderLayer::operator()(ctranslate2::StorageView const&, ctranslate2::StorageView const*, ctranslate2::StorageView&, ctranslate2::Padder const*, ctranslate2::StorageView*) const [0x355978] in libctranslate2.so.4
=========         Host Frame: ctranslate2::layers::WhisperEncoder::operator()(ctranslate2::StorageView const&, ctranslate2::StorageView&) [0x36c5b6] in libctranslate2.so.4
=========         Host Frame: ctranslate2::models::WhisperReplica::maybe_encode(ctranslate2::StorageView) [0x3ca619] in libctranslate2.so.4
=========         Host Frame: ctranslate2::models::WhisperReplica::generate(ctranslate2::StorageView, std::vector<std::vector<unsigned long, std::allocator<unsigned long> >, std::allocator<std::vector<unsigned long, std::allocator<unsigned long> > > > const&, ctranslate2::models::WhisperOptions const&) [0x3d2702] in libctranslate2.so.4
=========         Host Frame: ctranslate2::models::WhisperReplica::generate(ctranslate2::StorageView, std::vector<std::vector<std::__cxx11::basic_string<char, std::char_traits<char>, std::allocator<char> >, std::allocator<std::__cxx11::basic_string<char, std::char_traits<char>, std::allocator<char> > > >, std::allocator<std::vector<std::__cxx11::basic_string<char, std::char_traits<char>, std::allocator<char> >, std::allocator<std::__cxx11::basic_string<char, std::char_traits<char>, std::allocator<char> > > > > > const&, ctranslate2::models::WhisperOptions const&) [0x3d4709] in libctranslate2.so.4
=========         Host Frame: ctranslate2::ReplicaPool<ctranslate2::models::WhisperReplica>::BatchJob<ctranslate2::models::WhisperGenerationResult, ctranslate2::ReplicaPool<ctranslate2::models::WhisperReplica>::post_batch<ctranslate2::models::WhisperGenerationResult, ctranslate2::models::Whisper::generate(ctranslate2::StorageView const&, std::vector<std::vector<std::__cxx11::basic_string<char, std::char_traits<char>, std::allocator<char> >, std::allocator<std::__cxx11::basic_string<char, std::char_traits<char>, std::allocator<char> > > >, std::allocator<std::vector<std::__cxx11::basic_string<char, std::char_traits<char>, std::allocator<char> >, std::allocator<std::__cxx11::basic_string<char, std::char_traits<char>, std::allocator<char> > > > > >, ctranslate2::models::WhisperOptions)::{lambda(ctranslate2::models::WhisperReplica&)#1}>(ctranslate2::models::Whisper::generate(ctranslate2::StorageView const&, std::vector<std::vector<std::__cxx11::basic_string<char, std::char_traits<char>, std::allocator<char> >, std::allocator<std::__cxx11::basic_string<char, std::char_traits<char>, std::allocator<char> > > >, std::allocator<std::vector<std::__cxx11::basic_string<char, std::char_traits<char>, std::allocator<char> >, std::allocator<std::__cxx11::basic_string<char, std::char_traits<char>, std::allocator<char> > > > > >, ctranslate2::models::WhisperOptions)::{lambda(ctranslate2::models::WhisperReplica&)#1}, std::vector<std::promise<ctranslate2::models::WhisperGenerationResult>, std::allocator<ctranslate2::models::WhisperGenerationResult> >)::{lambda()#1}>::run() [0x3d4832] in libctranslate2.so.4
=========         Host Frame: ctranslate2::Worker::run(ctranslate2::JobQueue&) [0x427512] in libctranslate2.so.4
=========         Host Frame:  [0xdc252] in libstdc++.so.6
=========         Host Frame:  [0x94a82] in libc.so.6
=========         Host Frame:  [0x1268df] in libc.so.6
========= 
========= Uninitialized __global__ memory read of size 16 bytes
=========     at void flash_fwd_kernel<Flash_fwd_kernel_traits<(int)64, (int)128, (int)128, (int)4, (bool)0, (bool)0, cutlass::half_t, Flash_kernel_traits<(int)64, (int)128, (int)128, (int)4, cutlass::half_t>>, (bool)0, (bool)0, (bool)0, (bool)0, (bool)1, (bool)0>(Flash_fwd_params)+0xa10
=========     by thread (117,0,0) in block (0,0,0)
=========     Address 0xe27432250
=========     Saved host backtrace up to driver entry point at kernel launch time
=========         Host Frame: cudaLaunchKernel [0x800837] in libctranslate2.so.4
=========         Host Frame: run_flash_fwd<Flash_fwd_kernel_traits<64, 128, 128, 4, false, false, cutlass::half_t, Flash_kernel_traits<64, 128, 128, 4, cutlass::half_t> >, false>(Flash_fwd_params&, CUstream_st*)::{lambda()#1}::operator()() const::{lambda()#2}::operator()() const::{lambda()#1}::operator()() const::{lambda()#1}::operator()() const::{lambda()#1}::operator()() const::{lambda()#2}::operator()() const::{lambda()#1}::operator()() const::{lambda()#2}::operator()() const::{lambda()#1}::operator()() const::{lambda()#2}::operator()() const [0x4b40c6] in libctranslate2.so.4
=========         Host Frame: void run_flash_fwd<Flash_fwd_kernel_traits<64, 128, 128, 4, false, false, cutlass::half_t, Flash_kernel_traits<64, 128, 128, 4, cutlass::half_t> >, false>(Flash_fwd_params&, CUstream_st*) [0x4b64db] in libctranslate2.so.4
=========         Host Frame: void ctranslate2::ops::FlashAttention::compute<(ctranslate2::Device)1>(ctranslate2::StorageView&, ctranslate2::StorageView&, ctranslate2::StorageView&, ctranslate2::StorageView&, ctranslate2::StorageView*, ctranslate2::StorageView*, ctranslate2::StorageView*, bool, ctranslate2::StorageView*, ctranslate2::StorageView*, bool, ctranslate2::StorageView*, long) const [0x764940] in libctranslate2.so.4
=========         Host Frame: ctranslate2::layers::FlashMultiHeadAttention::operator()(ctranslate2::StorageView const&, ctranslate2::StorageView const&, ctranslate2::StorageView const*, ctranslate2::StorageView&, ctranslate2::StorageView*, ctranslate2::StorageView*, ctranslate2::StorageView*, ctranslate2::Padder const*, ctranslate2::Padder const*, bool, ctranslate2::StorageView*, long, ctranslate2::layers::DecodeWorkspace*) const [0x347c9a] in libctranslate2.so.4
=========         Host Frame: ctranslate2::layers::TransformerEncoderLayer::operator()(ctranslate2::StorageView const&, ctranslate2::StorageView const*, ctranslate2::StorageView&, ctranslate2::Padder const*, ctranslate2::StorageView*) const [0x355978] in libctranslate2.so.4
=========         Host Frame: ctranslate2::layers::WhisperEncoder::operator()(ctranslate2::StorageView const&, ctranslate2::StorageView&) [0x36c5b6] in libctranslate2.so.4
=========         Host Frame: ctranslate2::models::WhisperReplica::maybe_encode(ctranslate2::StorageView) [0x3ca619] in libctranslate2.so.4
=========         Host Frame: ctranslate2::models::WhisperReplica::generate(ctranslate2::StorageView, std::vector<std::vector<unsigned long, std::allocator<unsigned long> >, std::allocator<std::vector<unsigned long, std::allocator<unsigned long> > > > const&, ctranslate2::models::WhisperOptions const&) [0x3d2702] in libctranslate2.so.4
=========         Host Frame: ctranslate2::models::WhisperReplica::generate(ctranslate2::StorageView, std::vector<std::vector<std::__cxx11::basic_string<char, std::char_traits<char>, std::allocator<char> >, std::allocator<std::__cxx11::basic_string<char, std::char_traits<char>, std::allocator<char> > > >, std::allocator<std::vector<std::__cxx11::basic_string<char, std::char_traits<char>, std::allocator<char> >, std::allocator<std::__cxx11::basic_string<char, std::char_traits<char>, std::allocator<char> > > > > > const&, ctranslate2::models::WhisperOptions const&) [0x3d4709] in libctranslate2.so.4
=========         Host Frame: ctranslate2::ReplicaPool<ctranslate2::models::WhisperReplica>::BatchJob<ctranslate2::models::WhisperGenerationResult, ctranslate2::ReplicaPool<ctranslate2::models::WhisperReplica>::post_batch<ctranslate2::models::WhisperGenerationResult, ctranslate2::models::Whisper::generate(ctranslate2::StorageView const&, std::vector<std::vector<std::__cxx11::basic_string<char, std::char_traits<char>, std::allocator<char> >, std::allocator<std::__cxx11::basic_string<char, std::char_traits<char>, std::allocator<char> > > >, std::allocator<std::vector<std::__cxx11::basic_string<char, std::char_traits<char>, std::allocator<char> >, std::allocator<std::__cxx11::basic_string<char, std::char_traits<char>, std::allocator<char> > > > > >, ctranslate2::models::WhisperOptions)::{lambda(ctranslate2::models::WhisperReplica&)#1}>(ctranslate2::models::Whisper::generate(ctranslate2::StorageView const&, std::vector<std::vector<std::__cxx11::basic_string<char, std::char_traits<char>, std::allocator<char> >, std::allocator<std::__cxx11::basic_string<char, std::char_traits<char>, std::allocator<char> > > >, std::allocator<std::vector<std::__cxx11::basic_string<char, std::char_traits<char>, std::allocator<char> >, std::allocator<std::__cxx11::basic_string<char, std::char_traits<char>, std::allocator<char> > > > > >, ctranslate2::models::WhisperOptions)::{lambda(ctranslate2::models::WhisperReplica&)#1}, std::vector<std::promise<ctranslate2::models::WhisperGenerationResult>, std::allocator<ctranslate2::models::WhisperGenerationResult> >)::{lambda()#1}>::run() [0x3d4832] in libctranslate2.so.4
=========         Host Frame: ctranslate2::Worker::run(ctranslate2::JobQueue&) [0x427512] in libctranslate2.so.4
=========         Host Frame:  [0xdc252] in libstdc++.so.6
=========         Host Frame:  [0x94a82] in libc.so.6
=========         Host Frame:  [0x1268df] in libc.so.6
========= 
========= Uninitialized __global__ memory read of size 16 bytes
=========     at void flash_fwd_kernel<Flash_fwd_kernel_traits<(int)64, (int)128, (int)128, (int)4, (bool)0, (bool)0, cutlass::half_t, Flash_kernel_traits<(int)64, (int)128, (int)128, (int)4, cutlass::half_t>>, (bool)0, (bool)0, (bool)0, (bool)0, (bool)1, (bool)0>(Flash_fwd_params)+0xa10
=========     by thread (118,0,0) in block (0,0,0)
=========     Address 0xe27432260
=========     Saved host backtrace up to driver entry point at kernel launch time
=========         Host Frame: cudaLaunchKernel [0x800837] in libctranslate2.so.4
=========         Host Frame: run_flash_fwd<Flash_fwd_kernel_traits<64, 128, 128, 4, false, false, cutlass::half_t, Flash_kernel_traits<64, 128, 128, 4, cutlass::half_t> >, false>(Flash_fwd_params&, CUstream_st*)::{lambda()#1}::operator()() const::{lambda()#2}::operator()() const::{lambda()#1}::operator()() const::{lambda()#1}::operator()() const::{lambda()#1}::operator()() const::{lambda()#2}::operator()() const::{lambda()#1}::operator()() const::{lambda()#2}::operator()() const::{lambda()#1}::operator()() const::{lambda()#2}::operator()() const [0x4b40c6] in libctranslate2.so.4
=========         Host Frame: void run_flash_fwd<Flash_fwd_kernel_traits<64, 128, 128, 4, false, false, cutlass::half_t, Flash_kernel_traits<64, 128, 128, 4, cutlass::half_t> >, false>(Flash_fwd_params&, CUstream_st*) [0x4b64db] in libctranslate2.so.4
=========         Host Frame: void ctranslate2::ops::FlashAttention::compute<(ctranslate2::Device)1>(ctranslate2::StorageView&, ctranslate2::StorageView&, ctranslate2::StorageView&, ctranslate2::StorageView&, ctranslate2::StorageView*, ctranslate2::StorageView*, ctranslate2::StorageView*, bool, ctranslate2::StorageView*, ctranslate2::StorageView*, bool, ctranslate2::StorageView*, long) const [0x764940] in libctranslate2.so.4
=========         Host Frame: ctranslate2::layers::FlashMultiHeadAttention::operator()(ctranslate2::StorageView const&, ctranslate2::StorageView const&, ctranslate2::StorageView const*, ctranslate2::StorageView&, ctranslate2::StorageView*, ctranslate2::StorageView*, ctranslate2::StorageView*, ctranslate2::Padder const*, ctranslate2::Padder const*, bool, ctranslate2::StorageView*, long, ctranslate2::layers::DecodeWorkspace*) const [0x347c9a] in libctranslate2.so.4
=========         Host Frame: ctranslate2::layers::TransformerEncoderLayer::operator()(ctranslate2::StorageView const&, ctranslate2::StorageView const*, ctranslate2::StorageView&, ctranslate2::Padder const*, ctranslate2::StorageView*) const [0x355978] in libctranslate2.so.4
=========         Host Frame: ctranslate2::layers::WhisperEncoder::operator()(ctranslate2::StorageView const&, ctranslate2::StorageView&) [0x36c5b6] in libctranslate2.so.4
=========         Host Frame: ctranslate2::models::WhisperReplica::maybe_encode(ctranslate2::StorageView) [0x3ca619] in libctranslate2.so.4
=========         Host Frame: ctranslate2::models::WhisperReplica::generate(ctranslate2::StorageView, std::vector<std::vector<unsigned long, std::allocator<unsigned long> >, std::allocator<std::vector<unsigned long, std::allocator<unsigned long> > > > const&, ctranslate2::models::WhisperOptions const&) [0x3d2702] in libctranslate2.so.4
=========         Host Frame: ctranslate2::models::WhisperReplica::generate(ctranslate2::StorageView, std::vector<std::vector<std::__cxx11::basic_string<char, std::char_traits<char>, std::allocator<char> >, std::allocator<std::__cxx11::basic_string<char, std::char_traits<char>, std::allocator<char> > > >, std::allocator<std::vector<std::__cxx11::basic_string<char, std::char_traits<char>, std::allocator<char> >, std::allocator<std::__cxx11::basic_string<char, std::char_traits<char>, std::allocator<char> > > > > > const&, ctranslate2::models::WhisperOptions const&) [0x3d4709] in libctranslate2.so.4
=========         Host Frame: ctranslate2::ReplicaPool<ctranslate2::models::WhisperReplica>::BatchJob<ctranslate2::models::WhisperGenerationResult, ctranslate2::ReplicaPool<ctranslate2::models::WhisperReplica>::post_batch<ctranslate2::models::WhisperGenerationResult, ctranslate2::models::Whisper::generate(ctranslate2::StorageView const&, std::vector<std::vector<std::__cxx11::basic_string<char, std::char_traits<char>, std::allocator<char> >, std::allocator<std::__cxx11::basic_string<char, std::char_traits<char>, std::allocator<char> > > >, std::allocator<std::vector<std::__cxx11::basic_string<char, std::char_traits<char>, std::allocator<char> >, std::allocator<std::__cxx11::basic_string<char, std::char_traits<char>, std::allocator<char> > > > > >, ctranslate2::models::WhisperOptions)::{lambda(ctranslate2::models::WhisperReplica&)#1}>(ctranslate2::models::Whisper::generate(ctranslate2::StorageView const&, std::vector<std::vector<std::__cxx11::basic_string<char, std::char_traits<char>, std::allocator<char> >, std::allocator<std::__cxx11::basic_string<char, std::char_traits<char>, std::allocator<char> > > >, std::allocator<std::vector<std::__cxx11::basic_string<char, std::char_traits<char>, std::allocator<char> >, std::allocator<std::__cxx11::basic_string<char, std::char_traits<char>, std::allocator<char> > > > > >, ctranslate2::models::WhisperOptions)::{lambda(ctranslate2::models::WhisperReplica&)#1}, std::vector<std::promise<ctranslate2::models::WhisperGenerationResult>, std::allocator<ctranslate2::models::WhisperGenerationResult> >)::{lambda()#1}>::run() [0x3d4832] in libctranslate2.so.4
=========         Host Frame: ctranslate2::Worker::run(ctranslate2::JobQueue&) [0x427512] in libctranslate2.so.4
=========         Host Frame:  [0xdc252] in libstdc++.so.6
=========         Host Frame:  [0x94a82] in libc.so.6
=========         Host Frame:  [0x1268df] in libc.so.6
========= 
========= Uninitialized __global__ memory read of size 16 bytes
=========     at void flash_fwd_kernel<Flash_fwd_kernel_traits<(int)64, (int)128, (int)128, (int)4, (bool)0, (bool)0, cutlass::half_t, Flash_kernel_traits<(int)64, (int)128, (int)128, (int)4, cutlass::half_t>>, (bool)0, (bool)0, (bool)0, (bool)0, (bool)1, (bool)0>(Flash_fwd_params)+0xa10
=========     by thread (119,0,0) in block (0,0,0)
=========     Address 0xe27432270
=========     Saved host backtrace up to driver entry point at kernel launch time
=========         Host Frame: cudaLaunchKernel [0x800837] in libctranslate2.so.4
=========         Host Frame: run_flash_fwd<Flash_fwd_kernel_traits<64, 128, 128, 4, false, false, cutlass::half_t, Flash_kernel_traits<64, 128, 128, 4, cutlass::half_t> >, false>(Flash_fwd_params&, CUstream_st*)::{lambda()#1}::operator()() const::{lambda()#2}::operator()() const::{lambda()#1}::operator()() const::{lambda()#1}::operator()() const::{lambda()#1}::operator()() const::{lambda()#2}::operator()() const::{lambda()#1}::operator()() const::{lambda()#2}::operator()() const::{lambda()#1}::operator()() const::{lambda()#2}::operator()() const [0x4b40c6] in libctranslate2.so.4
=========         Host Frame: void run_flash_fwd<Flash_fwd_kernel_traits<64, 128, 128, 4, false, false, cutlass::half_t, Flash_kernel_traits<64, 128, 128, 4, cutlass::half_t> >, false>(Flash_fwd_params&, CUstream_st*) [0x4b64db] in libctranslate2.so.4
=========         Host Frame: void ctranslate2::ops::FlashAttention::compute<(ctranslate2::Device)1>(ctranslate2::StorageView&, ctranslate2::StorageView&, ctranslate2::StorageView&, ctranslate2::StorageView&, ctranslate2::StorageView*, ctranslate2::StorageView*, ctranslate2::StorageView*, bool, ctranslate2::StorageView*, ctranslate2::StorageView*, bool, ctranslate2::StorageView*, long) const [0x764940] in libctranslate2.so.4
=========         Host Frame: ctranslate2::layers::FlashMultiHeadAttention::operator()(ctranslate2::StorageView const&, ctranslate2::StorageView const&, ctranslate2::StorageView const*, ctranslate2::StorageView&, ctranslate2::StorageView*, ctranslate2::StorageView*, ctranslate2::StorageView*, ctranslate2::Padder const*, ctranslate2::Padder const*, bool, ctranslate2::StorageView*, long, ctranslate2::layers::DecodeWorkspace*) const [0x347c9a] in libctranslate2.so.4
=========         Host Frame: ctranslate2::layers::TransformerEncoderLayer::operator()(ctranslate2::StorageView const&, ctranslate2::StorageView const*, ctranslate2::StorageView&, ctranslate2::Padder const*, ctranslate2::StorageView*) const [0x355978] in libctranslate2.so.4
=========         Host Frame: ctranslate2::layers::WhisperEncoder::operator()(ctranslate2::StorageView const&, ctranslate2::StorageView&) [0x36c5b6] in libctranslate2.so.4
=========         Host Frame: ctranslate2::models::WhisperReplica::maybe_encode(ctranslate2::StorageView) [0x3ca619] in libctranslate2.so.4
=========         Host Frame: ctranslate2::models::WhisperReplica::generate(ctranslate2::StorageView, std::vector<std::vector<unsigned long, std::allocator<unsigned long> >, std::allocator<std::vector<unsigned long, std::allocator<unsigned long> > > > const&, ctranslate2::models::WhisperOptions const&) [0x3d2702] in libctranslate2.so.4
=========         Host Frame: ctranslate2::models::WhisperReplica::generate(ctranslate2::StorageView, std::vector<std::vector<std::__cxx11::basic_string<char, std::char_traits<char>, std::allocator<char> >, std::allocator<std::__cxx11::basic_string<char, std::char_traits<char>, std::allocator<char> > > >, std::allocator<std::vector<std::__cxx11::basic_string<char, std::char_traits<char>, std::allocator<char> >, std::allocator<std::__cxx11::basic_string<char, std::char_traits<char>, std::allocator<char> > > > > > const&, ctranslate2::models::WhisperOptions const&) [0x3d4709] in libctranslate2.so.4
=========         Host Frame: ctranslate2::ReplicaPool<ctranslate2::models::WhisperReplica>::BatchJob<ctranslate2::models::WhisperGenerationResult, ctranslate2::ReplicaPool<ctranslate2::models::WhisperReplica>::post_batch<ctranslate2::models::WhisperGenerationResult, ctranslate2::models::Whisper::generate(ctranslate2::StorageView const&, std::vector<std::vector<std::__cxx11::basic_string<char, std::char_traits<char>, std::allocator<char> >, std::allocator<std::__cxx11::basic_string<char, std::char_traits<char>, std::allocator<char> > > >, std::allocator<std::vector<std::__cxx11::basic_string<char, std::char_traits<char>, std::allocator<char> >, std::allocator<std::__cxx11::basic_string<char, std::char_traits<char>, std::allocator<char> > > > > >, ctranslate2::models::WhisperOptions)::{lambda(ctranslate2::models::WhisperReplica&)#1}>(ctranslate2::models::Whisper::generate(ctranslate2::StorageView const&, std::vector<std::vector<std::__cxx11::basic_string<char, std::char_traits<char>, std::allocator<char> >, std::allocator<std::__cxx11::basic_string<char, std::char_traits<char>, std::allocator<char> > > >, std::allocator<std::vector<std::__cxx11::basic_string<char, std::char_traits<char>, std::allocator<char> >, std::allocator<std::__cxx11::basic_string<char, std::char_traits<char>, std::allocator<char> > > > > >, ctranslate2::models::WhisperOptions)::{lambda(ctranslate2::models::WhisperReplica&)#1}, std::vector<std::promise<ctranslate2::models::WhisperGenerationResult>, std::allocator<ctranslate2::models::WhisperGenerationResult> >)::{lambda()#1}>::run() [0x3d4832] in libctranslate2.so.4
=========         Host Frame: ctranslate2::Worker::run(ctranslate2::JobQueue&) [0x427512] in libctranslate2.so.4
=========         Host Frame:  [0xdc252] in libstdc++.so.6
=========         Host Frame:  [0x94a82] in libc.so.6
=========         Host Frame:  [0x1268df] in libc.so.6
========= 
========= Uninitialized __global__ memory read of size 16 bytes
=========     at void flash_fwd_kernel<Flash_fwd_kernel_traits<(int)64, (int)128, (int)128, (int)4, (bool)0, (bool)0, cutlass::half_t, Flash_kernel_traits<(int)64, (int)128, (int)128, (int)4, cutlass::half_t>>, (bool)0, (bool)0, (bool)0, (bool)0, (bool)1, (bool)0>(Flash_fwd_params)+0xa10
=========     by thread (120,0,0) in block (0,0,0)
=========     Address 0xe27432800
=========     Saved host backtrace up to driver entry point at kernel launch time
=========         Host Frame: cudaLaunchKernel [0x800837] in libctranslate2.so.4
=========         Host Frame: run_flash_fwd<Flash_fwd_kernel_traits<64, 128, 128, 4, false, false, cutlass::half_t, Flash_kernel_traits<64, 128, 128, 4, cutlass::half_t> >, false>(Flash_fwd_params&, CUstream_st*)::{lambda()#1}::operator()() const::{lambda()#2}::operator()() const::{lambda()#1}::operator()() const::{lambda()#1}::operator()() const::{lambda()#1}::operator()() const::{lambda()#2}::operator()() const::{lambda()#1}::operator()() const::{lambda()#2}::operator()() const::{lambda()#1}::operator()() const::{lambda()#2}::operator()() const [0x4b40c6] in libctranslate2.so.4
=========         Host Frame: void run_flash_fwd<Flash_fwd_kernel_traits<64, 128, 128, 4, false, false, cutlass::half_t, Flash_kernel_traits<64, 128, 128, 4, cutlass::half_t> >, false>(Flash_fwd_params&, CUstream_st*) [0x4b64db] in libctranslate2.so.4
=========         Host Frame: void ctranslate2::ops::FlashAttention::compute<(ctranslate2::Device)1>(ctranslate2::StorageView&, ctranslate2::StorageView&, ctranslate2::StorageView&, ctranslate2::StorageView&, ctranslate2::StorageView*, ctranslate2::StorageView*, ctranslate2::StorageView*, bool, ctranslate2::StorageView*, ctranslate2::StorageView*, bool, ctranslate2::StorageView*, long) const [0x764940] in libctranslate2.so.4
=========         Host Frame: ctranslate2::layers::FlashMultiHeadAttention::operator()(ctranslate2::StorageView const&, ctranslate2::StorageView const&, ctranslate2::StorageView const*, ctranslate2::StorageView&, ctranslate2::StorageView*, ctranslate2::StorageView*, ctranslate2::StorageView*, ctranslate2::Padder const*, ctranslate2::Padder const*, bool, ctranslate2::StorageView*, long, ctranslate2::layers::DecodeWorkspace*) const [0x347c9a] in libctranslate2.so.4
=========         Host Frame: ctranslate2::layers::TransformerEncoderLayer::operator()(ctranslate2::StorageView const&, ctranslate2::StorageView const*, ctranslate2::StorageView&, ctranslate2::Padder const*, ctranslate2::StorageView*) const [0x355978] in libctranslate2.so.4
=========         Host Frame: ctranslate2::layers::WhisperEncoder::operator()(ctranslate2::StorageView const&, ctranslate2::StorageView&) [0x36c5b6] in libctranslate2.so.4
=========         Host Frame: ctranslate2::models::WhisperReplica::maybe_encode(ctranslate2::StorageView) [0x3ca619] in libctranslate2.so.4
=========         Host Frame: ctranslate2::models::WhisperReplica::generate(ctranslate2::StorageView, std::vector<std::vector<unsigned long, std::allocator<unsigned long> >, std::allocator<std::vector<unsigned long, std::allocator<unsigned long> > > > const&, ctranslate2::models::WhisperOptions const&) [0x3d2702] in libctranslate2.so.4
=========         Host Frame: ctranslate2::models::WhisperReplica::generate(ctranslate2::StorageView, std::vector<std::vector<std::__cxx11::basic_string<char, std::char_traits<char>, std::allocator<char> >, std::allocator<std::__cxx11::basic_string<char, std::char_traits<char>, std::allocator<char> > > >, std::allocator<std::vector<std::__cxx11::basic_string<char, std::char_traits<char>, std::allocator<char> >, std::allocator<std::__cxx11::basic_string<char, std::char_traits<char>, std::allocator<char> > > > > > const&, ctranslate2::models::WhisperOptions const&) [0x3d4709] in libctranslate2.so.4
=========         Host Frame: ctranslate2::ReplicaPool<ctranslate2::models::WhisperReplica>::BatchJob<ctranslate2::models::WhisperGenerationResult, ctranslate2::ReplicaPool<ctranslate2::models::WhisperReplica>::post_batch<ctranslate2::models::WhisperGenerationResult, ctranslate2::models::Whisper::generate(ctranslate2::StorageView const&, std::vector<std::vector<std::__cxx11::basic_string<char, std::char_traits<char>, std::allocator<char> >, std::allocator<std::__cxx11::basic_string<char, std::char_traits<char>, std::allocator<char> > > >, std::allocator<std::vector<std::__cxx11::basic_string<char, std::char_traits<char>, std::allocator<char> >, std::allocator<std::__cxx11::basic_string<char, std::char_traits<char>, std::allocator<char> > > > > >, ctranslate2::models::WhisperOptions)::{lambda(ctranslate2::models::WhisperReplica&)#1}>(ctranslate2::models::Whisper::generate(ctranslate2::StorageView const&, std::vector<std::vector<std::__cxx11::basic_string<char, std::char_traits<char>, std::allocator<char> >, std::allocator<std::__cxx11::basic_string<char, std::char_traits<char>, std::allocator<char> > > >, std::allocator<std::vector<std::__cxx11::basic_string<char, std::char_traits<char>, std::allocator<char> >, std::allocator<std::__cxx11::basic_string<char, std::char_traits<char>, std::allocator<char> > > > > >, ctranslate2::models::WhisperOptions)::{lambda(ctranslate2::models::WhisperReplica&)#1}, std::vector<std::promise<ctranslate2::models::WhisperGenerationResult>, std::allocator<ctranslate2::models::WhisperGenerationResult> >)::{lambda()#1}>::run() [0x3d4832] in libctranslate2.so.4
=========         Host Frame: ctranslate2::Worker::run(ctranslate2::JobQueue&) [0x427512] in libctranslate2.so.4
=========         Host Frame:  [0xdc252] in libstdc++.so.6
=========         Host Frame:  [0x94a82] in libc.so.6
=========         Host Frame:  [0x1268df] in libc.so.6
========= 
========= Uninitialized __global__ memory read of size 16 bytes
=========     at void flash_fwd_kernel<Flash_fwd_kernel_traits<(int)64, (int)128, (int)128, (int)4, (bool)0, (bool)0, cutlass::half_t, Flash_kernel_traits<(int)64, (int)128, (int)128, (int)4, cutlass::half_t>>, (bool)0, (bool)0, (bool)0, (bool)0, (bool)1, (bool)0>(Flash_fwd_params)+0xa10
=========     by thread (121,0,0) in block (0,0,0)
=========     Address 0xe27432810
=========     Saved host backtrace up to driver entry point at kernel launch time
=========         Host Frame: cudaLaunchKernel [0x800837] in libctranslate2.so.4
=========         Host Frame: run_flash_fwd<Flash_fwd_kernel_traits<64, 128, 128, 4, false, false, cutlass::half_t, Flash_kernel_traits<64, 128, 128, 4, cutlass::half_t> >, false>(Flash_fwd_params&, CUstream_st*)::{lambda()#1}::operator()() const::{lambda()#2}::operator()() const::{lambda()#1}::operator()() const::{lambda()#1}::operator()() const::{lambda()#1}::operator()() const::{lambda()#2}::operator()() const::{lambda()#1}::operator()() const::{lambda()#2}::operator()() const::{lambda()#1}::operator()() const::{lambda()#2}::operator()() const [0x4b40c6] in libctranslate2.so.4
=========         Host Frame: void run_flash_fwd<Flash_fwd_kernel_traits<64, 128, 128, 4, false, false, cutlass::half_t, Flash_kernel_traits<64, 128, 128, 4, cutlass::half_t> >, false>(Flash_fwd_params&, CUstream_st*) [0x4b64db] in libctranslate2.so.4
=========         Host Frame: void ctranslate2::ops::FlashAttention::compute<(ctranslate2::Device)1>(ctranslate2::StorageView&, ctranslate2::StorageView&, ctranslate2::StorageView&, ctranslate2::StorageView&, ctranslate2::StorageView*, ctranslate2::StorageView*, ctranslate2::StorageView*, bool, ctranslate2::StorageView*, ctranslate2::StorageView*, bool, ctranslate2::StorageView*, long) const [0x764940] in libctranslate2.so.4
=========         Host Frame: ctranslate2::layers::FlashMultiHeadAttention::operator()(ctranslate2::StorageView const&, ctranslate2::StorageView const&, ctranslate2::StorageView const*, ctranslate2::StorageView&, ctranslate2::StorageView*, ctranslate2::StorageView*, ctranslate2::StorageView*, ctranslate2::Padder const*, ctranslate2::Padder const*, bool, ctranslate2::StorageView*, long, ctranslate2::layers::DecodeWorkspace*) const [0x347c9a] in libctranslate2.so.4
=========         Host Frame: ctranslate2::layers::TransformerEncoderLayer::operator()(ctranslate2::StorageView const&, ctranslate2::StorageView const*, ctranslate2::StorageView&, ctranslate2::Padder const*, ctranslate2::StorageView*) const [0x355978] in libctranslate2.so.4
=========         Host Frame: ctranslate2::layers::WhisperEncoder::operator()(ctranslate2::StorageView const&, ctranslate2::StorageView&) [0x36c5b6] in libctranslate2.so.4
=========         Host Frame: ctranslate2::models::WhisperReplica::maybe_encode(ctranslate2::StorageView) [0x3ca619] in libctranslate2.so.4
=========         Host Frame: ctranslate2::models::WhisperReplica::generate(ctranslate2::StorageView, std::vector<std::vector<unsigned long, std::allocator<unsigned long> >, std::allocator<std::vector<unsigned long, std::allocator<unsigned long> > > > const&, ctranslate2::models::WhisperOptions const&) [0x3d2702] in libctranslate2.so.4
=========         Host Frame: ctranslate2::models::WhisperReplica::generate(ctranslate2::StorageView, std::vector<std::vector<std::__cxx11::basic_string<char, std::char_traits<char>, std::allocator<char> >, std::allocator<std::__cxx11::basic_string<char, std::char_traits<char>, std::allocator<char> > > >, std::allocator<std::vector<std::__cxx11::basic_string<char, std::char_traits<char>, std::allocator<char> >, std::allocator<std::__cxx11::basic_string<char, std::char_traits<char>, std::allocator<char> > > > > > const&, ctranslate2::models::WhisperOptions const&) [0x3d4709] in libctranslate2.so.4
=========         Host Frame: ctranslate2::ReplicaPool<ctranslate2::models::WhisperReplica>::BatchJob<ctranslate2::models::WhisperGenerationResult, ctranslate2::ReplicaPool<ctranslate2::models::WhisperReplica>::post_batch<ctranslate2::models::WhisperGenerationResult, ctranslate2::models::Whisper::generate(ctranslate2::StorageView const&, std::vector<std::vector<std::__cxx11::basic_string<char, std::char_traits<char>, std::allocator<char> >, std::allocator<std::__cxx11::basic_string<char, std::char_traits<char>, std::allocator<char> > > >, std::allocator<std::vector<std::__cxx11::basic_string<char, std::char_traits<char>, std::allocator<char> >, std::allocator<std::__cxx11::basic_string<char, std::char_traits<char>, std::allocator<char> > > > > >, ctranslate2::models::WhisperOptions)::{lambda(ctranslate2::models::WhisperReplica&)#1}>(ctranslate2::models::Whisper::generate(ctranslate2::StorageView const&, std::vector<std::vector<std::__cxx11::basic_string<char, std::char_traits<char>, std::allocator<char> >, std::allocator<std::__cxx11::basic_string<char, std::char_traits<char>, std::allocator<char> > > >, std::allocator<std::vector<std::__cxx11::basic_string<char, std::char_traits<char>, std::allocator<char> >, std::allocator<std::__cxx11::basic_string<char, std::char_traits<char>, std::allocator<char> > > > > >, ctranslate2::models::WhisperOptions)::{lambda(ctranslate2::models::WhisperReplica&)#1}, std::vector<std::promise<ctranslate2::models::WhisperGenerationResult>, std::allocator<ctranslate2::models::WhisperGenerationResult> >)::{lambda()#1}>::run() [0x3d4832] in libctranslate2.so.4
=========         Host Frame: ctranslate2::Worker::run(ctranslate2::JobQueue&) [0x427512] in libctranslate2.so.4
=========         Host Frame:  [0xdc252] in libstdc++.so.6
=========         Host Frame:  [0x94a82] in libc.so.6
=========         Host Frame:  [0x1268df] in libc.so.6
========= 
========= Uninitialized __global__ memory read of size 16 bytes
=========     at void flash_fwd_kernel<Flash_fwd_kernel_traits<(int)64, (int)128, (int)128, (int)4, (bool)0, (bool)0, cutlass::half_t, Flash_kernel_traits<(int)64, (int)128, (int)128, (int)4, cutlass::half_t>>, (bool)0, (bool)0, (bool)0, (bool)0, (bool)1, (bool)0>(Flash_fwd_params)+0xa10
=========     by thread (122,0,0) in block (0,0,0)
=========     Address 0xe27432820
=========     Saved host backtrace up to driver entry point at kernel launch time
=========         Host Frame: cudaLaunchKernel [0x800837] in libctranslate2.so.4
=========         Host Frame: run_flash_fwd<Flash_fwd_kernel_traits<64, 128, 128, 4, false, false, cutlass::half_t, Flash_kernel_traits<64, 128, 128, 4, cutlass::half_t> >, false>(Flash_fwd_params&, CUstream_st*)::{lambda()#1}::operator()() const::{lambda()#2}::operator()() const::{lambda()#1}::operator()() const::{lambda()#1}::operator()() const::{lambda()#1}::operator()() const::{lambda()#2}::operator()() const::{lambda()#1}::operator()() const::{lambda()#2}::operator()() const::{lambda()#1}::operator()() const::{lambda()#2}::operator()() const [0x4b40c6] in libctranslate2.so.4
=========         Host Frame: void run_flash_fwd<Flash_fwd_kernel_traits<64, 128, 128, 4, false, false, cutlass::half_t, Flash_kernel_traits<64, 128, 128, 4, cutlass::half_t> >, false>(Flash_fwd_params&, CUstream_st*) [0x4b64db] in libctranslate2.so.4
=========         Host Frame: void ctranslate2::ops::FlashAttention::compute<(ctranslate2::Device)1>(ctranslate2::StorageView&, ctranslate2::StorageView&, ctranslate2::StorageView&, ctranslate2::StorageView&, ctranslate2::StorageView*, ctranslate2::StorageView*, ctranslate2::StorageView*, bool, ctranslate2::StorageView*, ctranslate2::StorageView*, bool, ctranslate2::StorageView*, long) const [0x764940] in libctranslate2.so.4
=========         Host Frame: ctranslate2::layers::FlashMultiHeadAttention::operator()(ctranslate2::StorageView const&, ctranslate2::StorageView const&, ctranslate2::StorageView const*, ctranslate2::StorageView&, ctranslate2::StorageView*, ctranslate2::StorageView*, ctranslate2::StorageView*, ctranslate2::Padder const*, ctranslate2::Padder const*, bool, ctranslate2::StorageView*, long, ctranslate2::layers::DecodeWorkspace*) const [0x347c9a] in libctranslate2.so.4
=========         Host Frame: ctranslate2::layers::TransformerEncoderLayer::operator()(ctranslate2::StorageView const&, ctranslate2::StorageView const*, ctranslate2::StorageView&, ctranslate2::Padder const*, ctranslate2::StorageView*) const [0x355978] in libctranslate2.so.4
=========         Host Frame: ctranslate2::layers::WhisperEncoder::operator()(ctranslate2::StorageView const&, ctranslate2::StorageView&) [0x36c5b6] in libctranslate2.so.4
=========         Host Frame: ctranslate2::models::WhisperReplica::maybe_encode(ctranslate2::StorageView) [0x3ca619] in libctranslate2.so.4
=========         Host Frame: ctranslate2::models::WhisperReplica::generate(ctranslate2::StorageView, std::vector<std::vector<unsigned long, std::allocator<unsigned long> >, std::allocator<std::vector<unsigned long, std::allocator<unsigned long> > > > const&, ctranslate2::models::WhisperOptions const&) [0x3d2702] in libctranslate2.so.4
=========         Host Frame: ctranslate2::models::WhisperReplica::generate(ctranslate2::StorageView, std::vector<std::vector<std::__cxx11::basic_string<char, std::char_traits<char>, std::allocator<char> >, std::allocator<std::__cxx11::basic_string<char, std::char_traits<char>, std::allocator<char> > > >, std::allocator<std::vector<std::__cxx11::basic_string<char, std::char_traits<char>, std::allocator<char> >, std::allocator<std::__cxx11::basic_string<char, std::char_traits<char>, std::allocator<char> > > > > > const&, ctranslate2::models::WhisperOptions const&) [0x3d4709] in libctranslate2.so.4
=========         Host Frame: ctranslate2::ReplicaPool<ctranslate2::models::WhisperReplica>::BatchJob<ctranslate2::models::WhisperGenerationResult, ctranslate2::ReplicaPool<ctranslate2::models::WhisperReplica>::post_batch<ctranslate2::models::WhisperGenerationResult, ctranslate2::models::Whisper::generate(ctranslate2::StorageView const&, std::vector<std::vector<std::__cxx11::basic_string<char, std::char_traits<char>, std::allocator<char> >, std::allocator<std::__cxx11::basic_string<char, std::char_traits<char>, std::allocator<char> > > >, std::allocator<std::vector<std::__cxx11::basic_string<char, std::char_traits<char>, std::allocator<char> >, std::allocator<std::__cxx11::basic_string<char, std::char_traits<char>, std::allocator<char> > > > > >, ctranslate2::models::WhisperOptions)::{lambda(ctranslate2::models::WhisperReplica&)#1}>(ctranslate2::models::Whisper::generate(ctranslate2::StorageView const&, std::vector<std::vector<std::__cxx11::basic_string<char, std::char_traits<char>, std::allocator<char> >, std::allocator<std::__cxx11::basic_string<char, std::char_traits<char>, std::allocator<char> > > >, std::allocator<std::vector<std::__cxx11::basic_string<char, std::char_traits<char>, std::allocator<char> >, std::allocator<std::__cxx11::basic_string<char, std::char_traits<char>, std::allocator<char> > > > > >, ctranslate2::models::WhisperOptions)::{lambda(ctranslate2::models::WhisperReplica&)#1}, std::vector<std::promise<ctranslate2::models::WhisperGenerationResult>, std::allocator<ctranslate2::models::WhisperGenerationResult> >)::{lambda()#1}>::run() [0x3d4832] in libctranslate2.so.4
=========         Host Frame: ctranslate2::Worker::run(ctranslate2::JobQueue&) [0x427512] in libctranslate2.so.4
=========         Host Frame:  [0xdc252] in libstdc++.so.6
=========         Host Frame:  [0x94a82] in libc.so.6
=========         Host Frame:  [0x1268df] in libc.so.6
========= 
========= Uninitialized __global__ memory read of size 16 bytes
=========     at void flash_fwd_kernel<Flash_fwd_kernel_traits<(int)64, (int)128, (int)128, (int)4, (bool)0, (bool)0, cutlass::half_t, Flash_kernel_traits<(int)64, (int)128, (int)128, (int)4, cutlass::half_t>>, (bool)0, (bool)0, (bool)0, (bool)0, (bool)1, (bool)0>(Flash_fwd_params)+0xa10
=========     by thread (123,0,0) in block (0,0,0)
=========     Address 0xe27432830
=========     Saved host backtrace up to driver entry point at kernel launch time
=========         Host Frame: cudaLaunchKernel [0x800837] in libctranslate2.so.4
=========         Host Frame: run_flash_fwd<Flash_fwd_kernel_traits<64, 128, 128, 4, false, false, cutlass::half_t, Flash_kernel_traits<64, 128, 128, 4, cutlass::half_t> >, false>(Flash_fwd_params&, CUstream_st*)::{lambda()#1}::operator()() const::{lambda()#2}::operator()() const::{lambda()#1}::operator()() const::{lambda()#1}::operator()() const::{lambda()#1}::operator()() const::{lambda()#2}::operator()() const::{lambda()#1}::operator()() const::{lambda()#2}::operator()() const::{lambda()#1}::operator()() const::{lambda()#2}::operator()() const [0x4b40c6] in libctranslate2.so.4
=========         Host Frame: void run_flash_fwd<Flash_fwd_kernel_traits<64, 128, 128, 4, false, false, cutlass::half_t, Flash_kernel_traits<64, 128, 128, 4, cutlass::half_t> >, false>(Flash_fwd_params&, CUstream_st*) [0x4b64db] in libctranslate2.so.4
=========         Host Frame: void ctranslate2::ops::FlashAttention::compute<(ctranslate2::Device)1>(ctranslate2::StorageView&, ctranslate2::StorageView&, ctranslate2::StorageView&, ctranslate2::StorageView&, ctranslate2::StorageView*, ctranslate2::StorageView*, ctranslate2::StorageView*, bool, ctranslate2::StorageView*, ctranslate2::StorageView*, bool, ctranslate2::StorageView*, long) const [0x764940] in libctranslate2.so.4
=========         Host Frame: ctranslate2::layers::FlashMultiHeadAttention::operator()(ctranslate2::StorageView const&, ctranslate2::StorageView const&, ctranslate2::StorageView const*, ctranslate2::StorageView&, ctranslate2::StorageView*, ctranslate2::StorageView*, ctranslate2::StorageView*, ctranslate2::Padder const*, ctranslate2::Padder const*, bool, ctranslate2::StorageView*, long, ctranslate2::layers::DecodeWorkspace*) const [0x347c9a] in libctranslate2.so.4
=========         Host Frame: ctranslate2::layers::TransformerEncoderLayer::operator()(ctranslate2::StorageView const&, ctranslate2::StorageView const*, ctranslate2::StorageView&, ctranslate2::Padder const*, ctranslate2::StorageView*) const [0x355978] in libctranslate2.so.4
=========         Host Frame: ctranslate2::layers::WhisperEncoder::operator()(ctranslate2::StorageView const&, ctranslate2::StorageView&) [0x36c5b6] in libctranslate2.so.4
=========         Host Frame: ctranslate2::models::WhisperReplica::maybe_encode(ctranslate2::StorageView) [0x3ca619] in libctranslate2.so.4
=========         Host Frame: ctranslate2::models::WhisperReplica::generate(ctranslate2::StorageView, std::vector<std::vector<unsigned long, std::allocator<unsigned long> >, std::allocator<std::vector<unsigned long, std::allocator<unsigned long> > > > const&, ctranslate2::models::WhisperOptions const&) [0x3d2702] in libctranslate2.so.4
=========         Host Frame: ctranslate2::models::WhisperReplica::generate(ctranslate2::StorageView, std::vector<std::vector<std::__cxx11::basic_string<char, std::char_traits<char>, std::allocator<char> >, std::allocator<std::__cxx11::basic_string<char, std::char_traits<char>, std::allocator<char> > > >, std::allocator<std::vector<std::__cxx11::basic_string<char, std::char_traits<char>, std::allocator<char> >, std::allocator<std::__cxx11::basic_string<char, std::char_traits<char>, std::allocator<char> > > > > > const&, ctranslate2::models::WhisperOptions const&) [0x3d4709] in libctranslate2.so.4
=========         Host Frame: ctranslate2::ReplicaPool<ctranslate2::models::WhisperReplica>::BatchJob<ctranslate2::models::WhisperGenerationResult, ctranslate2::ReplicaPool<ctranslate2::models::WhisperReplica>::post_batch<ctranslate2::models::WhisperGenerationResult, ctranslate2::models::Whisper::generate(ctranslate2::StorageView const&, std::vector<std::vector<std::__cxx11::basic_string<char, std::char_traits<char>, std::allocator<char> >, std::allocator<std::__cxx11::basic_string<char, std::char_traits<char>, std::allocator<char> > > >, std::allocator<std::vector<std::__cxx11::basic_string<char, std::char_traits<char>, std::allocator<char> >, std::allocator<std::__cxx11::basic_string<char, std::char_traits<char>, std::allocator<char> > > > > >, ctranslate2::models::WhisperOptions)::{lambda(ctranslate2::models::WhisperReplica&)#1}>(ctranslate2::models::Whisper::generate(ctranslate2::StorageView const&, std::vector<std::vector<std::__cxx11::basic_string<char, std::char_traits<char>, std::allocator<char> >, std::allocator<std::__cxx11::basic_string<char, std::char_traits<char>, std::allocator<char> > > >, std::allocator<std::vector<std::__cxx11::basic_string<char, std::char_traits<char>, std::allocator<char> >, std::allocator<std::__cxx11::basic_string<char, std::char_traits<char>, std::allocator<char> > > > > >, ctranslate2::models::WhisperOptions)::{lambda(ctranslate2::models::WhisperReplica&)#1}, std::vector<std::promise<ctranslate2::models::WhisperGenerationResult>, std::allocator<ctranslate2::models::WhisperGenerationResult> >)::{lambda()#1}>::run() [0x3d4832] in libctranslate2.so.4
=========         Host Frame: ctranslate2::Worker::run(ctranslate2::JobQueue&) [0x427512] in libctranslate2.so.4
=========         Host Frame:  [0xdc252] in libstdc++.so.6
=========         Host Frame:  [0x94a82] in libc.so.6
=========         Host Frame:  [0x1268df] in libc.so.6
========= 
========= Uninitialized __global__ memory read of size 16 bytes
=========     at void flash_fwd_kernel<Flash_fwd_kernel_traits<(int)64, (int)128, (int)128, (int)4, (bool)0, (bool)0, cutlass::half_t, Flash_kernel_traits<(int)64, (int)128, (int)128, (int)4, cutlass::half_t>>, (bool)0, (bool)0, (bool)0, (bool)0, (bool)1, (bool)0>(Flash_fwd_params)+0xa10
=========     by thread (124,0,0) in block (0,0,0)
=========     Address 0xe27432840
=========     Saved host backtrace up to driver entry point at kernel launch time
=========         Host Frame: cudaLaunchKernel [0x800837] in libctranslate2.so.4
=========         Host Frame: run_flash_fwd<Flash_fwd_kernel_traits<64, 128, 128, 4, false, false, cutlass::half_t, Flash_kernel_traits<64, 128, 128, 4, cutlass::half_t> >, false>(Flash_fwd_params&, CUstream_st*)::{lambda()#1}::operator()() const::{lambda()#2}::operator()() const::{lambda()#1}::operator()() const::{lambda()#1}::operator()() const::{lambda()#1}::operator()() const::{lambda()#2}::operator()() const::{lambda()#1}::operator()() const::{lambda()#2}::operator()() const::{lambda()#1}::operator()() const::{lambda()#2}::operator()() const [0x4b40c6] in libctranslate2.so.4
=========         Host Frame: void run_flash_fwd<Flash_fwd_kernel_traits<64, 128, 128, 4, false, false, cutlass::half_t, Flash_kernel_traits<64, 128, 128, 4, cutlass::half_t> >, false>(Flash_fwd_params&, CUstream_st*) [0x4b64db] in libctranslate2.so.4
=========         Host Frame: void ctranslate2::ops::FlashAttention::compute<(ctranslate2::Device)1>(ctranslate2::StorageView&, ctranslate2::StorageView&, ctranslate2::StorageView&, ctranslate2::StorageView&, ctranslate2::StorageView*, ctranslate2::StorageView*, ctranslate2::StorageView*, bool, ctranslate2::StorageView*, ctranslate2::StorageView*, bool, ctranslate2::StorageView*, long) const [0x764940] in libctranslate2.so.4
=========         Host Frame: ctranslate2::layers::FlashMultiHeadAttention::operator()(ctranslate2::StorageView const&, ctranslate2::StorageView const&, ctranslate2::StorageView const*, ctranslate2::StorageView&, ctranslate2::StorageView*, ctranslate2::StorageView*, ctranslate2::StorageView*, ctranslate2::Padder const*, ctranslate2::Padder const*, bool, ctranslate2::StorageView*, long, ctranslate2::layers::DecodeWorkspace*) const [0x347c9a] in libctranslate2.so.4
=========         Host Frame: ctranslate2::layers::TransformerEncoderLayer::operator()(ctranslate2::StorageView const&, ctranslate2::StorageView const*, ctranslate2::StorageView&, ctranslate2::Padder const*, ctranslate2::StorageView*) const [0x355978] in libctranslate2.so.4
=========         Host Frame: ctranslate2::layers::WhisperEncoder::operator()(ctranslate2::StorageView const&, ctranslate2::StorageView&) [0x36c5b6] in libctranslate2.so.4
=========         Host Frame: ctranslate2::models::WhisperReplica::maybe_encode(ctranslate2::StorageView) [0x3ca619] in libctranslate2.so.4
=========         Host Frame: ctranslate2::models::WhisperReplica::generate(ctranslate2::StorageView, std::vector<std::vector<unsigned long, std::allocator<unsigned long> >, std::allocator<std::vector<unsigned long, std::allocator<unsigned long> > > > const&, ctranslate2::models::WhisperOptions const&) [0x3d2702] in libctranslate2.so.4
=========         Host Frame: ctranslate2::models::WhisperReplica::generate(ctranslate2::StorageView, std::vector<std::vector<std::__cxx11::basic_string<char, std::char_traits<char>, std::allocator<char> >, std::allocator<std::__cxx11::basic_string<char, std::char_traits<char>, std::allocator<char> > > >, std::allocator<std::vector<std::__cxx11::basic_string<char, std::char_traits<char>, std::allocator<char> >, std::allocator<std::__cxx11::basic_string<char, std::char_traits<char>, std::allocator<char> > > > > > const&, ctranslate2::models::WhisperOptions const&) [0x3d4709] in libctranslate2.so.4
=========         Host Frame: ctranslate2::ReplicaPool<ctranslate2::models::WhisperReplica>::BatchJob<ctranslate2::models::WhisperGenerationResult, ctranslate2::ReplicaPool<ctranslate2::models::WhisperReplica>::post_batch<ctranslate2::models::WhisperGenerationResult, ctranslate2::models::Whisper::generate(ctranslate2::StorageView const&, std::vector<std::vector<std::__cxx11::basic_string<char, std::char_traits<char>, std::allocator<char> >, std::allocator<std::__cxx11::basic_string<char, std::char_traits<char>, std::allocator<char> > > >, std::allocator<std::vector<std::__cxx11::basic_string<char, std::char_traits<char>, std::allocator<char> >, std::allocator<std::__cxx11::basic_string<char, std::char_traits<char>, std::allocator<char> > > > > >, ctranslate2::models::WhisperOptions)::{lambda(ctranslate2::models::WhisperReplica&)#1}>(ctranslate2::models::Whisper::generate(ctranslate2::StorageView const&, std::vector<std::vector<std::__cxx11::basic_string<char, std::char_traits<char>, std::allocator<char> >, std::allocator<std::__cxx11::basic_string<char, std::char_traits<char>, std::allocator<char> > > >, std::allocator<std::vector<std::__cxx11::basic_string<char, std::char_traits<char>, std::allocator<char> >, std::allocator<std::__cxx11::basic_string<char, std::char_traits<char>, std::allocator<char> > > > > >, ctranslate2::models::WhisperOptions)::{lambda(ctranslate2::models::WhisperReplica&)#1}, std::vector<std::promise<ctranslate2::models::WhisperGenerationResult>, std::allocator<ctranslate2::models::WhisperGenerationResult> >)::{lambda()#1}>::run() [0x3d4832] in libctranslate2.so.4
=========         Host Frame: ctranslate2::Worker::run(ctranslate2::JobQueue&) [0x427512] in libctranslate2.so.4
=========         Host Frame:  [0xdc252] in libstdc++.so.6
=========         Host Frame:  [0x94a82] in libc.so.6
=========         Host Frame:  [0x1268df] in libc.so.6
========= 
========= Uninitialized __global__ memory read of size 16 bytes
=========     at void flash_fwd_kernel<Flash_fwd_kernel_traits<(int)64, (int)128, (int)128, (int)4, (bool)0, (bool)0, cutlass::half_t, Flash_kernel_traits<(int)64, (int)128, (int)128, (int)4, cutlass::half_t>>, (bool)0, (bool)0, (bool)0, (bool)0, (bool)1, (bool)0>(Flash_fwd_params)+0xa10
=========     by thread (125,0,0) in block (0,0,0)
=========     Address 0xe27432850
=========     Saved host backtrace up to driver entry point at kernel launch time
=========         Host Frame: cudaLaunchKernel [0x800837] in libctranslate2.so.4
=========         Host Frame: run_flash_fwd<Flash_fwd_kernel_traits<64, 128, 128, 4, false, false, cutlass::half_t, Flash_kernel_traits<64, 128, 128, 4, cutlass::half_t> >, false>(Flash_fwd_params&, CUstream_st*)::{lambda()#1}::operator()() const::{lambda()#2}::operator()() const::{lambda()#1}::operator()() const::{lambda()#1}::operator()() const::{lambda()#1}::operator()() const::{lambda()#2}::operator()() const::{lambda()#1}::operator()() const::{lambda()#2}::operator()() const::{lambda()#1}::operator()() const::{lambda()#2}::operator()() const [0x4b40c6] in libctranslate2.so.4
=========         Host Frame: void run_flash_fwd<Flash_fwd_kernel_traits<64, 128, 128, 4, false, false, cutlass::half_t, Flash_kernel_traits<64, 128, 128, 4, cutlass::half_t> >, false>(Flash_fwd_params&, CUstream_st*) [0x4b64db] in libctranslate2.so.4
=========         Host Frame: void ctranslate2::ops::FlashAttention::compute<(ctranslate2::Device)1>(ctranslate2::StorageView&, ctranslate2::StorageView&, ctranslate2::StorageView&, ctranslate2::StorageView&, ctranslate2::StorageView*, ctranslate2::StorageView*, ctranslate2::StorageView*, bool, ctranslate2::StorageView*, ctranslate2::StorageView*, bool, ctranslate2::StorageView*, long) const [0x764940] in libctranslate2.so.4
=========         Host Frame: ctranslate2::layers::FlashMultiHeadAttention::operator()(ctranslate2::StorageView const&, ctranslate2::StorageView const&, ctranslate2::StorageView const*, ctranslate2::StorageView&, ctranslate2::StorageView*, ctranslate2::StorageView*, ctranslate2::StorageView*, ctranslate2::Padder const*, ctranslate2::Padder const*, bool, ctranslate2::StorageView*, long, ctranslate2::layers::DecodeWorkspace*) const [0x347c9a] in libctranslate2.so.4
=========         Host Frame: ctranslate2::layers::TransformerEncoderLayer::operator()(ctranslate2::StorageView const&, ctranslate2::StorageView const*, ctranslate2::StorageView&, ctranslate2::Padder const*, ctranslate2::StorageView*) const [0x355978] in libctranslate2.so.4
=========         Host Frame: ctranslate2::layers::WhisperEncoder::operator()(ctranslate2::StorageView const&, ctranslate2::StorageView&) [0x36c5b6] in libctranslate2.so.4
=========         Host Frame: ctranslate2::models::WhisperReplica::maybe_encode(ctranslate2::StorageView) [0x3ca619] in libctranslate2.so.4
=========         Host Frame: ctranslate2::models::WhisperReplica::generate(ctranslate2::StorageView, std::vector<std::vector<unsigned long, std::allocator<unsigned long> >, std::allocator<std::vector<unsigned long, std::allocator<unsigned long> > > > const&, ctranslate2::models::WhisperOptions const&) [0x3d2702] in libctranslate2.so.4
=========         Host Frame: ctranslate2::models::WhisperReplica::generate(ctranslate2::StorageView, std::vector<std::vector<std::__cxx11::basic_string<char, std::char_traits<char>, std::allocator<char> >, std::allocator<std::__cxx11::basic_string<char, std::char_traits<char>, std::allocator<char> > > >, std::allocator<std::vector<std::__cxx11::basic_string<char, std::char_traits<char>, std::allocator<char> >, std::allocator<std::__cxx11::basic_string<char, std::char_traits<char>, std::allocator<char> > > > > > const&, ctranslate2::models::WhisperOptions const&) [0x3d4709] in libctranslate2.so.4
=========         Host Frame: ctranslate2::ReplicaPool<ctranslate2::models::WhisperReplica>::BatchJob<ctranslate2::models::WhisperGenerationResult, ctranslate2::ReplicaPool<ctranslate2::models::WhisperReplica>::post_batch<ctranslate2::models::WhisperGenerationResult, ctranslate2::models::Whisper::generate(ctranslate2::StorageView const&, std::vector<std::vector<std::__cxx11::basic_string<char, std::char_traits<char>, std::allocator<char> >, std::allocator<std::__cxx11::basic_string<char, std::char_traits<char>, std::allocator<char> > > >, std::allocator<std::vector<std::__cxx11::basic_string<char, std::char_traits<char>, std::allocator<char> >, std::allocator<std::__cxx11::basic_string<char, std::char_traits<char>, std::allocator<char> > > > > >, ctranslate2::models::WhisperOptions)::{lambda(ctranslate2::models::WhisperReplica&)#1}>(ctranslate2::models::Whisper::generate(ctranslate2::StorageView const&, std::vector<std::vector<std::__cxx11::basic_string<char, std::char_traits<char>, std::allocator<char> >, std::allocator<std::__cxx11::basic_string<char, std::char_traits<char>, std::allocator<char> > > >, std::allocator<std::vector<std::__cxx11::basic_string<char, std::char_traits<char>, std::allocator<char> >, std::allocator<std::__cxx11::basic_string<char, std::char_traits<char>, std::allocator<char> > > > > >, ctranslate2::models::WhisperOptions)::{lambda(ctranslate2::models::WhisperReplica&)#1}, std::vector<std::promise<ctranslate2::models::WhisperGenerationResult>, std::allocator<ctranslate2::models::WhisperGenerationResult> >)::{lambda()#1}>::run() [0x3d4832] in libctranslate2.so.4
=========         Host Frame: ctranslate2::Worker::run(ctranslate2::JobQueue&) [0x427512] in libctranslate2.so.4
=========         Host Frame:  [0xdc252] in libstdc++.so.6
=========         Host Frame:  [0x94a82] in libc.so.6
=========         Host Frame:  [0x1268df] in libc.so.6
========= 
rc=124
