========= COMPUTE-SANITIZER
========= Uninitialized __global__ memory read of size 16 bytes
=========     at void flash_fwd_kernel<Flash_fwd_kernel_traits<(int)64, (int)128, (int)128, (int)4, (bool)0, (bool)0, cutlass::half_t, Flash_kernel_traits<(int)64, (int)128, (int)128, (int)4, cutlass::half_t>>, (bool)0, (bool)0, (bool)0, (bool)0, (bool)1, (bool)0>(Flash_fwd_params)+0xa10
=========     by thread (0,0,0) in block (0,0,0)
=========     Address 0xe28952e00
=========     Saved host backtrace up to driver entry point at kernel launch time
=========         Host Frame: cudaLaunchKernel [0x800837] in libctranslate2.so.4
=========         Host Frame: run_flash_fwd<Flash_fwd_kernel_traits<64, 128, 128, 4, false, false, cutlass::half_t, Flash_kernel_traits<64, 128, 128, 4, cutlass::half_t> >, false>(Flash_fwd_params&, CUstream_st*)::{lambda()#1}::operator()() const::{lambda()#2}::operator()() const::{lambda()#1}::operator()() const::{lambda()#1}::operator()() const::{lambda()#1}::operator()() const::{lambda()#2}::operator()() const::{lambda()#1}::operator()() const::{lambda()#2}::operator()() const::{lambda()#1}::operator()() const::{lambda()#2}::operator()() const [0x4b40c6] in libctranslate2.so.4
=========         Host Frame: void run_flash_fwd<Flash_fwd_kernel_traits<64, 128, 128, 4, false, false, cutlass::half_t, Flash_kernel_traits<64, 128, 128, 4, cutlass::half_t> >, false>(Flash_fwd_params&, CUstream_st*) [0x4b64db] in libctranslate2.so.4
=========         Host Frame: void ctranslate2::ops::FlashAttention::compute<(ctranslate2::Device)1>(ctranslate2::StorageView&, ctranslate2::StorageView&, ctranslate2::StorageView&, ctranslate2::StorageView&, ctranslate2::StorageView*, ctranslate2::StorageView*, ctranslate2::StorageView*, bool, ctranslate2::StorageView*, ctranslate2::StorageView*, bool, ctranslate2::StorageView*, long) const [0x764940] in libctranslate2.so.4
=========         Host Frame: ctranslate2::layers::FlashMultiHeadAttention::operator()(ctranslate2::StorageView const&, ctranslate2::StorageView const&, ctranslate2::StorageView const*, ctranslate2::StorageView&, ctranslate2::StorageView*, ctranslate2::StorageView*, ctranslate2::StorageView*, ctranslate2::Padder const*, ctranslate2::Padder const*, bool, ctranslate2::StorageView*, long, ctranslate2::layers::DecodeWorkspace*) const [0x347c9a] in libctranslate2.so.4
=========         Host Frame: ctranslate2::layers::TransformerEncoderLayer::operator()(ctranslate2::StorageView const&, ctranslate2::StorageView const*, ctranslate2::StorageView&, ctranslate2::Padder const*, ctranslate2::StorageView*) const [0x355978] in libctranslate2.so.4
=========         Host Frame: ctranslate2::layers::WhisperEncoder::operator()(ctranslate2::StorageView const&, ctranslate2::StorageView&) [0x36c5b6] in libctranslate2.so.4
=========         Host Frame: ctranslate2::models::WhisperReplica::maybe_encode(ctranslate2::StorageView) [0x3ca619] in libctranslate2.so.4
=========         Host Frame: ctranslate2::models::WhisperReplica::generate(ctranslate2::StorageView, std::vector<std::vector<unsigned long, std::allocator<unsigned long> >, std::allocator<std::vector<unsigned long, std::allocator<unsigned long> > > > const&, ctranslate2::models::WhisperOptions const&) [0x3d2702] in libctranslate2.so.4
=========         Host Frame: ctranslate2::models::WhisperReplica::generate(ctranslate2::StorageView, std::vector<std::vector<std::__cxx11::basic_string<char, std::char_traits<char>, std::allocator<char> >, std::allocator<std::__cxx11::basic_string<char, std::char_traits<char>, std::allocator<char> > > >, std::allocator<std::vector<std::__cxx11::basic_string<char, std::char_traits<char>, std::allocator<char> >, std::allocator<std::__cxx11::basic_string<char, std::char_traits<char>, std::allocator<char> > > > > > const&, ctranslate2::models::WhisperOptions const&) [0x3d4709] in libctranslate2.so.4
=========         Host Frame: ctranslate2::ReplicaPool<ctranslate2::models::WhisperReplica>::BatchJob<ctranslate2::models::WhisperGenerationResult, ctranslate2::ReplicaPool<ctranslate2::models::WhisperReplica>::post_batch<ctranslate2::models::WhisperGenerationResult, ctranslate2::models::Whisper::generate(ctranslate2::StorageView const&, std::vector<std::vector<std::__cxx11::basic_string<char, std::char_traits<char>, std::allocator<char> >, std::allocator<std::__cxx11::basic_string<char, std::char_traits<char>, std::allocator<char> > > >, std::allocator<std::vector<std::__cxx11::basic_string<char, std::char_traits<char>, std::allocator<char> >, std::allocator<std::__cxx11::basic_string<char, std::char_traits<char>, std::allocator<char> > > > > >, ctranslate2::models::WhisperOptions)::{lambda(ctranslate2::models::WhisperReplica&)#1}>(ctranslate2::models::Whisper::generate(ctranslate2::StorageView const&, std::vector<std::vector<std::__cxx11::basic_string<char, std::char_traits<char>, std::allocator<char> >, std::allocator<std::__cxx11::basic_string<char, std::char_traits<char>, std::allocator<char> > > >, std::allocator<std::vector<std::__cxx11::basic_string<char, std::char_traits<char>, std::allocator<char> >, std::allocator<std::__cxx11::basic_string<char, std::char_traits<char>, std::allocator<char> > > > > >, ctranslate2::models::WhisperOptions)::{lambda(ctranslate2::models::WhisperReplica&)#1}, std::vector<std::promise<ctranslate2::models::WhisperGenerationResult>, std::allocator<ctranslate2::models::WhisperGenerationResult> >)::{lambda()#1}>::run() [0x3d4832] in libctranslate2.so.4
=========         Host Frame: ctranslate2::Worker::run(ctranslate2::JobQueue&) [0x427512] in libctranslate2.so.4
=========         Host Frame:  [0xdc252] in libstdc++.so.6
=========         Host Frame:  [0x94a82] in libc.so.6
=========         Host Frame:  [0x1268df] in libc.so.6
========= 
========= Uninitialized __global__ memory read of size 16 bytes
=========     at void flash_fwd_kernel<Flash_fwd_kernel_traits<(int)64, (int)128, (int)128, (int)4, (bool)0, (bool)0, cutlass::half_t, Flash_kernel_traits<(int)64, (int)128, (int)128, (int)4, cutlass::half_t>>, (bool)0, (bool)0, (bool)0, (bool)0, (bool)1, (bool)0>(Flash_fwd_params)+0xa10
=========     by thread (1,0,0) in block (0,0,0)
=========     Address 0xe28952e10
=========     Saved host backtrace up to driver entry point at kernel launch time
=========         Host Frame: cudaLaunchKernel [0x800837] in libctranslate2.so.4
=========         Host Frame: run_flash_fwd<Flash_fwd_kernel_traits<64, 128, 128, 4, false, false, cutlass::half_t, Flash_kernel_traits<64, 128, 128, 4, cutlass::half_t> >, false>(Flash_fwd_params&, CUstream_st*)::{lambda()#1}::operator()() const::{lambda()#2}::operator()() const::{lambda()#1}::operator()() const::{lambda()#1}::operator()() const::{lambda()#1}::operator()() const::{lambda()#2}::operator()() const::{lambda()#1}::operator()() const::{lambda()#2}::operator()() const::{lambda()#1}::operator()() const::{lambda()#2}::operator()() const [0x4b40c6] in libctranslate2.so.4
=========         Host Frame: void run_flash_fwd<Flash_fwd_kernel_traits<64, 128, 128, 4, false, false, cutlass::half_t, Flash_kernel_traits<64, 128, 128, 4, cutlass::half_t> >, false>(Flash_fwd_params&, CUstream_st*) [0x4b64db] in libctranslate2.so.4
=========         Host Frame: void ctranslate2::ops::FlashAttention::compute<(ctranslate2::Device)1>(ctranslate2::StorageView&, ctranslate2::StorageView&, ctranslate2::StorageView&, ctranslate2::StorageView&, ctranslate2::StorageView*, ctranslate2::StorageView*, ctranslate2::StorageView*, bool, ctranslate2::StorageView*, ctranslate2::StorageView*, bool, ctranslate2::StorageView*, long) const [0x764940] in libctranslate2.so.4
=========         Host Frame: ctranslate2::layers::FlashMultiHeadAttention::operator()(ctranslate2::StorageView const&, ctranslate2::StorageView const&, ctranslate2::StorageView const*, ctranslate2::StorageView&, ctranslate2::StorageView*, ctranslate2::StorageView*, ctranslate2::StorageView*, ctranslate2::Padder const*, ctranslate2::Padder const*, bool, ctranslate2::StorageView*, long, ctranslate2::layers::DecodeWorkspace*) const [0x347c9a] in libctranslate2.so.4
=========         Host Frame: ctranslate2::layers::TransformerEncoderLayer::operator()(ctranslate2::StorageView const&, ctranslate2::StorageView const*, ctranslate2::StorageView&, ctranslate2::Padder const*, ctranslate2::StorageView*) const [0x355978] in libctranslate2.so.4
=========         Host Frame: ctranslate2::layers::WhisperEncoder::operator()(ctranslate2::StorageView const&, ctranslate2::StorageView&) [0x36c5b6] in libctranslate2.so.4
=========         Host Frame: ctranslate2::models::WhisperReplica::maybe_encode(ctranslate2::StorageView) [0x3ca619] in libctranslate2.so.4
=========         Host Frame: ctranslate2::models::WhisperReplica::generate(ctranslate2::StorageView, std::vector<std::vector<unsigned long, std::allocator<unsigned long> >, std::allocator<std::vector<unsigned long, std::allocator<unsigned long> > > > const&, ctranslate2::models::WhisperOptions const&) [0x3d2702] in libctranslate2.so.4
=========         Host Frame: ctranslate2::models::WhisperReplica::generate(ctranslate2::StorageView, std::vector<std::vector<std::__cxx11::basic_string<char, std::char_traits<char>, std::allocator<char> >, std::allocator<std::__cxx11::basic_string<char, std::char_traits<char>, std::allocator<char> > > >, std::allocator<std::vector<std::__cxx11::basic_string<char, std::char_traits<char>, std::allocator<char> >, std::allocator<std::__cxx11::basic_string<char, std::char_traits<char>, std::allocator<char> > > > > > const&, ctranslate2::models::WhisperOptions const&) [0x3d4709] in libctranslate2.so.4
=========         Host Frame: ctranslate2::ReplicaPool<ctranslate2::models::WhisperReplica>::BatchJob<ctranslate2::models::WhisperGenerationResult, ctranslate2::ReplicaPool<ctranslate2::models::WhisperReplica>::post_batch<ctranslate2::models::WhisperGenerationResult, ctranslate2::models::Whisper::generate(ctranslate2::StorageView const&, std::vector<std::vector<std::__cxx11::basic_string<char, std::char_traits<char>, std::allocator<char> >, std::allocator<std::__cxx11::basic_string<char, std::char_traits<char>, std::allocator<char> > > >, std::allocator<std::vector<std::__cxx11::basic_string<char, std::char_traits<char>, std::allocator<char> >, std::allocator<std::__cxx11::basic_string<char, std::char_traits<char>, std::allocator<char> > > > > >, ctranslate2::models::WhisperOptions)::{lambda(ctranslate2::models::WhisperReplica&)#1}>(ctranslate2::models::Whisper::generate(ctranslate2::StorageView const&, std::vector<std::vector<std::__cxx11::basic_string<char, std::char_traits<char>, std::allocator<char> >, std::allocator<std::__cxx11::basic_string<char, std::char_traits<char>, std::allocator<char> > > >, std::allocator<std::vector<std::__cxx11::basic_string<char, std::char_traits<char>, std::allocator<char> >, std::allocator<std::__cxx11::basic_string<char, std::char_traits<char>, std::allocator<char> > > > > >, ctranslate2::models::WhisperOptions)::{lambda(ctranslate2::models::WhisperReplica&)#1}, std::vector<std::promise<ctranslate2::models::WhisperGenerationResult>, std::allocator<ctranslate2::models::WhisperGenerationResult> >)::{lambda()#1}>::run() [0x3d4832] in libctranslate2.so.4
=========         Host Frame: ctranslate2::Worker::run(ctranslate2::JobQueue&) [0x427512] in libctranslate2.so.4
=========         Host Frame:  [0xdc252] in libstdc++.so.6
=========         Host Frame:  [0x94a82] in libc.so.6
=========         Host Frame:  [0x1268df] in libc.so.6
========= 
========= Uninitialized __global__ memory read of size 16 bytes
=========     at void flash_fwd_kernel<Flash_fwd_kernel_traits<(int)64, (int)128, (int)128, (int)4, (bool)0, (bool)0, cutlass::half_t, Flash_kernel_traits<(int)64, (int)128, (int)128, (int)4, cutlass::half_t>>, (bool)0, (bool)0, (bool)0, (bool)0, (bool)1, (bool)0>(Flash_fwd_params)+0xa10
=========     by thread (2,0,0) in block (0,0,0)
=========     Address 0xe28952e20
=========     Saved host backtrace up to driver entry point at kernel launch time
=========         Host Frame: cudaLaunchKernel [0x800837] in libctranslate2.so.4
=========         Host Frame: run_flash_fwd<Flash_fwd_kernel_traits<64, 128, 128, 4, false, false, cutlass::half_t, Flash_kernel_traits<64, 128, 128, 4, cutlass::half_t> >, false>(Flash_fwd_params&, CUstream_st*)::{lambda()#1}::operator()() const::{lambda()#2}::operator()() const::{lambda()#1}::operator()() const::{lambda()#1}::operator()() const::{lambda()#1}::operator()() const::{lambda()#2}::operator()() const::{lambda()#1}::operator()() const::{lambda()#2}::operator()() const::{lambda()#1}::operator()() const::{lambda()#2}::operator()() const [0x4b40c6] in libctranslate2.so.4
=========         Host Frame: void run_flash_fwd<Flash_fwd_kernel_traits<64, 128, 128, 4, false, false, cutlass::half_t, Flash_kernel_traits<64, 128, 128, 4, cutlass::half_t> >, false>(Flash_fwd_params&, CUstream_st*) [0x4b64db] in libctranslate2.so.4
=========         Host Frame: void ctranslate2::ops::FlashAttention::compute<(ctranslate2::Device)1>(ctranslate2::StorageView&, ctranslate2::StorageView&, ctranslate2::StorageView&, ctranslate2::StorageView&, ctranslate2::StorageView*, ctranslate2::StorageView*, ctranslate2::StorageView*, bool, ctranslate2::StorageView*, ctranslate2::StorageView*, bool, ctranslate2::StorageView*, long) const [0x764940] in libctranslate2.so.4
=========         Host Frame: ctranslate2::layers::FlashMultiHeadAttention::operator()(ctranslate2::StorageView const&, ctranslate2::StorageView const&, ctranslate2::StorageView const*, ctranslate2::StorageView&, ctranslate2::StorageView*, ctranslate2::StorageView*, ctranslate2::StorageView*, ctranslate2::Padder const*, ctranslate2::Padder const*, bool, ctranslate2::StorageView*, long, ctranslate2::layers::DecodeWorkspace*) const [0x347c9a] in libctranslate2.so.4
=========         Host Frame: ctranslate2::layers::TransformerEncoderLayer::operator()(ctranslate2::StorageView const&, ctranslate2::StorageView const*, ctranslate2::StorageView&, ctranslate2::Padder const*, ctranslate2::StorageView*) const [0x355978] in libctranslate2.so.4
=========         Host Frame: ctranslate2::layers::WhisperEncoder::operator()(ctranslate2::StorageView const&, ctranslate2::StorageView&) [0x36c5b6] in libctranslate2.so.4
=========         Host Frame: ctranslate2::models::WhisperReplica::maybe_encode(ctranslate2::StorageView) [0x3ca619] in libctranslate2.so.4
=========         Host Frame: ctranslate2::models::WhisperReplica::generate(ctranslate2::StorageView, std::vector<std::vector<unsigned long, std::allocator<unsigned long> >, std::allocator<std::vector<unsigned long, std::allocator<unsigned long> > > > const&, ctranslate2::models::WhisperOptions const&) [0x3d2702] in libctranslate2.so.4
=========         Host Frame: ctranslate2::models::WhisperReplica::generate(ctranslate2::StorageView, std::vector<std::vector<std::__cxx11::basic_string<char, std::char_traits<char>, std::allocator<char> >, std::allocator<std::__cxx11::basic_string<char, std::char_traits<char>, std::allocator<char> > > >, std::allocator<std::vector<std::__cxx11::basic_string<char, std::char_traits<char>, std::allocator<char> >, std::allocator<std::__cxx11::basic_string<char, std::char_traits<char>, std::allocator<char> > > > > > const&, ctranslate2::models::WhisperOptions const&) [0x3d4709] in libctranslate2.so.4
=========         Host Frame: ctranslate2::ReplicaPool<ctranslate2::models::WhisperReplica>::BatchJob<ctranslate2::models::WhisperGenerationResult, ctranslate2::ReplicaPool<ctranslate2::models::WhisperReplica>::post_batch<ctranslate2::models::WhisperGenerationResult, ctranslate2::models::Whisper::generate(ctranslate2::StorageView const&, std::vector<std::vector<std::__cxx11::basic_string<char, std::char_traits<char>, std::allocator<char> >, std::allocator<std::__cxx11::basic_string<char, std::char_traits<char>, std::allocator<char> > > >, std::allocator<std::vector<std::__cxx11::basic_string<char, std::char_traits<char>, std::allocator<char> >, std::allocator<std::__cxx11::basic_string<char, std::char_traits<char>, std::allocator<char> > > > > >, ctranslate2::models::WhisperOptions)::{lambda(ctranslate2::models::WhisperReplica&)#1}>(ctranslate2::models::Whisper::generate(ctranslate2::StorageView const&, std::vector<std::vector<std::__cxx11::basic_string<char, std::char_traits<char>, std::allocator<char> >, std::allocator<std::__cxx11::basic_string<char, std::char_traits<char>, std::allocator<char> > > >, std::allocator<std::vector<std::__cxx11::basic_string<char, std::char_traits<char>, std::allocator<char> >, std::allocator<std::__cxx11::basic_string<char, std::char_traits<char>, std::allocator<char> > > > > >, ctranslate2::models::WhisperOptions)::{lambda(ctranslate2::models::WhisperReplica&)#1}, std::vector<std::promise<ctranslate2::models::WhisperGenerationResult>, std::allocator<ctranslate2::models::WhisperGenerationResult> >)::{lambda()#1}>::run() [0x3d4832] in libctranslate2.so.4
=========         Host Frame: ctranslate2::Worker::run(ctranslate2::JobQueue&) [0x427512] in libctranslate2.so.4
=========         Host Frame:  [0xdc252] in libstdc++.so.6
=========         Host Frame:  [0x94a82] in libc.so.6
=========         Host Frame:  [0x1268df] in libc.so.6
========= 
========= Uninitialized __global__ memory read of size 16 bytes
=========     at void flash_fwd_kernel<Flash_fwd_kernel_traits<(int)64, (int)128, (int)128, (int)4, (bool)0, (bool)0, cutlass::half_t, Flash_kernel_traits<(int)64, (int)128, (int)128, (int)4, cutlass::half_t>>, (bool)0, (bool)0, (bool)0, (bool)0, (bool)1, (bool)0>(Flash_fwd_params)+0xa10
=========     by thread (3,0,0) in block (0,0,0)
=========     Address 0xe28952e30
=========     Saved host backtrace up to driver entry point at kernel launch time
=========         Host Frame: cudaLaunchKernel [0x800837] in libctranslate2.so.4
=========         Host Frame: run_flash_fwd<Flash_fwd_kernel_traits<64, 128, 128, 4, false, false, cutlass::half_t, Flash_kernel_traits<64, 128, 128, 4, cutlass::half_t> >, false>(Flash_fwd_params&, CUstream_st*)::{lambda()#1}::operator()() const::{lambda()#2}::operator()() const::{lambda()#1}::operator()() const::{lambda()#1}::operator()() const::{lambda()#1}::operator()() const::{lambda()#2}::operator()() const::{lambda()#1}::operator()() const::{lambda()#2}::operator()() const::{lambda()#1}::operator()() const::{lambda()#2}::operator()() const [0x4b40c6] in libctranslate2.so.4
=========         Host Frame: void run_flash_fwd<Flash_fwd_kernel_traits<64, 128, 128, 4, false, false, cutlass::half_t, Flash_kernel_traits<64, 128, 128, 4, cutlass::half_t> >, false>(Flash_fwd_params&, CUstream_st*) [0x4b64db] in libctranslate2.so.4
=========         Host Frame: void ctranslate2::ops::FlashAttention::compute<(ctranslate2::Device)1>(ctranslate2::StorageView&, ctranslate2::StorageView&, ctranslate2::StorageView&, ctranslate2::StorageView&, ctranslate2::StorageView*, ctranslate2::StorageView*, ctranslate2::StorageView*, bool, ctranslate2::StorageView*, ctranslate2::StorageView*, bool, ctranslate2::StorageView*, long) const [0x764940] in libctranslate2.so.4
=========         Host Frame: ctranslate2::layers::FlashMultiHeadAttention::operator()(ctranslate2::StorageView const&, ctranslate2::StorageView const&, ctranslate2::StorageView const*, ctranslate2::StorageView&, ctranslate2::StorageView*, ctranslate2::StorageView*, ctranslate2::StorageView*, ctranslate2::Padder const*, ctranslate2::Padder const*, bool, ctranslate2::StorageView*, long, ctranslate2::layers::DecodeWorkspace*) const [0x347c9a] in libctranslate2.so.4
=========         Host Frame: ctranslate2::layers::TransformerEncoderLayer::operator()(ctranslate2::StorageView const&, ctranslate2::StorageView const*, ctranslate2::StorageView&, ctranslate2::Padder const*, ctranslate2::StorageView*) const [0x355978] in libctranslate2.so.4
=========         Host Frame: ctranslate2::layers::WhisperEncoder::operator()(ctranslate2::StorageView const&, ctranslate2::StorageView&) [0x36c5b6] in libctranslate2.so.4
=========         Host Frame: ctranslate2::models::WhisperReplica::maybe_encode(ctranslate2::StorageView) [0x3ca619] in libctranslate2.so.4
=========         Host Frame: ctranslate2::models::WhisperReplica::generate(ctranslate2::StorageView, std::vector<std::vector<unsigned long, std::allocator<unsigned long> >, std::allocator<std::vector<unsigned long, std::allocator<unsigned long> > > > const&, ctranslate2::models::WhisperOptions const&) [0x3d2702] in libctranslate2.so.4
=========         Host Frame: ctranslate2::models::WhisperReplica::generate(ctranslate2::StorageView, std::vector<std::vector<std::__cxx11::basic_string<char, std::char_traits<char>, std::allocator<char> >, std::allocator<std::__cxx11::basic_string<char, std::char_traits<char>, std::allocator<char> > > >, std::allocator<std::vector<std::__cxx11::basic_string<char, std::char_traits<char>, std::allocator<char> >, std::allocator<std::__cxx11::basic_string<char, std::char_traits<char>, std::allocator<char> > > > > > const&, ctranslate2::models::WhisperOptions const&) [0x3d4709] in libctranslate2.so.4
=========         Host Frame: ctranslate2::ReplicaPool<ctranslate2::models::WhisperReplica>::BatchJob<ctranslate2::models::WhisperGenerationResult, ctranslate2::ReplicaPool<ctranslate2::models::WhisperReplica>::post_batch<ctranslate2::models::WhisperGenerationResult, ctranslate2::models::Whisper::generate(ctranslate2::StorageView const&, std::vector<std::vector<std::__cxx11::basic_string<char, std::char_traits<char>, std::allocator<char> >, std::allocator<std::__cxx11::basic_string<char, std::char_traits<char>, std::allocator<char> > > >, std::allocator<std::vector<std::__cxx11::basic_string<char, std::char_traits<char>, std::allocator<char> >, std::allocator<std::__cxx11::basic_string<char, std::char_traits<char>, std::allocator<char> > > > > >, ctranslate2::models::WhisperOptions)::{lambda(ctranslate2::models::WhisperReplica&)#1}>(ctranslate2::models::Whisper::generate(ctranslate2::StorageView const&, std::vector<std::vector<std::__cxx11::basic_string<char, std::char_traits<char>, std::allocator<char> >, std::allocator<std::__cxx11::basic_string<char, std::char_traits<char>, std::allocator<char> > > >, std::allocator<std::vector<std::__cxx11::basic_string<char, std::char_traits<char>, std::allocator<char> >, std::allocator<std::__cxx11::basic_string<char, std::char_traits<char>, std::allocator<char> > > > > >, ctranslate2::models::WhisperOptions)::{lambda(ctranslate2::models::WhisperReplica&)#1}, std::vector<std::promise<ctranslate2::models::WhisperGenerationResult>, std::allocator<ctranslate2::models::WhisperGenerationResult> >)::{lambda()#1}>::run() [0x3d4832] in libctranslate2.so.4
=========         Host Frame: ctranslate2::Worker::run(ctranslate2::JobQueue&) [0x427512] in libctranslate2.so.4
=========         Host Frame:  [0xdc252] in libstdc++.so.6
=========         Host Frame:  [0x94a82] in libc.so.6
=========         Host Frame:  [0x1268df] in libc.so.6
========= 
========= Uninitialized __global__ memory read of size 16 bytes
=========     at void flash_fwd_kernel<Flash_fwd_kernel_traits<(int)64, (int)128, (int)128, (int)4, (bool)0, (bool)0, cutlass::half_t, Flash_kernel_traits<(int)64, (int)128, (int)128, (int)4, cutlass::half_t>>, (bool)0, (bool)0, (bool)0, (bool)0, (bool)1, (bool)0>(Flash_fwd_params)+0xa10
=========     by thread (4,0,0) in block (0,0,0)
=========     Address 0xe28952e40
=========     Saved host backtrace up to driver entry point at kernel launch time
=========         Host Frame: cudaLaunchKernel [0x800837] in libctranslate2.so.4
=========         Host Frame: run_flash_fwd<Flash_fwd_kernel_traits<64, 128, 128, 4, false, false, cutlass::half_t, Flash_kernel_traits<64, 128, 128, 4, cutlass::half_t> >, false>(Flash_fwd_params&, CUstream_st*)::{lambda()#1}::operator()() const::{lambda()#2}::operator()() const::{lambda()#1}::operator()() const::{lambda()#1}::operator()() const::{lambda()#1}::operator()() const::{lambda()#2}::operator()() const::{lambda()#1}::operator()() const::{lambda()#2}::operator()() const::{lambda()#1}::operator()() const::{lambda()#2}::operator()() const [0x4b40c6] in libctranslate2.so.4
=========         Host Frame: void run_flash_fwd<Flash_fwd_kernel_traits<64, 128, 128, 4, false, false, cutlass::half_t, Flash_kernel_traits<64, 128, 128, 4, cutlass::half_t> >, false>(Flash_fwd_params&, CUstream_st*) [0x4b64db] in libctranslate2.so.4
=========         Host Frame: void ctranslate2::ops::FlashAttention::compute<(ctranslate2::Device)1>(ctranslate2::StorageView&, ctranslate2::StorageView&, ctranslate2::StorageView&, ctranslate2::StorageView&, ctranslate2::StorageView*, ctranslate2::StorageView*, ctranslate2::StorageView*, bool, ctranslate2::StorageView*, ctranslate2::StorageView*, bool, ctranslate2::StorageView*, long) const [0x764940] in libctranslate2.so.4
=========         Host Frame: ctranslate2::layers::FlashMultiHeadAttention::operator()(ctranslate2::StorageView const&, ctranslate2::StorageView const&, ctranslate2::StorageView const*, ctranslate2::StorageView&, ctranslate2::StorageView*, ctranslate2::StorageView*, ctranslate2::StorageView*, ctranslate2::Padder const*, ctranslate2::Padder const*, bool, ctranslate2::StorageView*, long, ctranslate2::layers::DecodeWorkspace*) const [0x347c9a] in libctranslate2.so.4
=========         Host Frame: ctranslate2::layers::TransformerEncoderLayer::operator()(ctranslate2::StorageView const&, ctranslate2::StorageView const*, ctranslate2::StorageView&, ctranslate2::Padder const*, ctranslate2::StorageView*) const [0x355978] in libctranslate2.so.4
=========         Host Frame: ctranslate2::layers::WhisperEncoder::operator()(ctranslate2::StorageView const&, ctranslate2::StorageView&) [0x36c5b6] in libctranslate2.so.4
=========         Host Frame: ctranslate2::models::WhisperReplica::maybe_encode(ctranslate2::StorageView) [0x3ca619] in libctranslate2.so.4
=========         Host Frame: ctranslate2::models::WhisperReplica::generate(ctranslate2::StorageView, std::vector<std::vector<unsigned long, std::allocator<unsigned long> >, std::allocator<std::vector<unsigned long, std::allocator<unsigned long> > > > const&, ctranslate2::models::WhisperOptions const&) [0x3d2702] in libctranslate2.so.4
=========         Host Frame: ctranslate2::models::WhisperReplica::generate(ctranslate2::StorageView, std::vector<std::vector<std::__cxx11::basic_string<char, std::char_traits<char>, std::allocator<char> >, std::allocator<std::__cxx11::basic_string<char, std::char_traits<char>, std::allocator<char> > > >, std::allocator<std::vector<std::__cxx11::basic_string<char, std::char_traits<char>, std::allocator<char> >, std::allocator<std::__cxx11::basic_string<char, std::char_traits<char>, std::allocator<char> > > > > > const&, ctranslate2::models::WhisperOptions const&) [0x3d4709] in libctranslate2.so.4
=========         Host Frame: ctranslate2::ReplicaPool<ctranslate2::models::WhisperReplica>::BatchJob<ctranslate2::models::WhisperGenerationResult, ctranslate2::ReplicaPool<ctranslate2::models::WhisperReplica>::post_batch<ctranslate2::models::WhisperGenerationResult, ctranslate2::models::Whisper::generate(ctranslate2::StorageView const&, std::vector<std::vector<std::__cxx11::basic_string<char, std::char_traits<char>, std::allocator<char> >, std::allocator<std::__cxx11::basic_string<char, std::char_traits<char>, std::allocator<char> > > >, std::allocator<std::vector<std::__cxx11::basic_string<char, std::char_traits<char>, std::allocator<char> >, std::allocator<std::__cxx11::basic_string<char, std::char_traits<char>, std::allocator<char> > > > > >, ctranslate2::models::WhisperOptions)::{lambda(ctranslate2::models::WhisperReplica&)#1}>(ctranslate2::models::Whisper::generate(ctranslate2::StorageView const&, std::vector<std::vector<std::__cxx11::basic_string<char, std::char_traits<char>, std::allocator<char> >, std::allocator<std::__cxx11::basic_string<char, std::char_traits<char>, std::allocator<char> > > >, std::allocator<std::vector<std::__cxx11::basic_string<char, std::char_traits<char>, std::allocator<char> >, std::allocator<std::__cxx11::basic_string<char, std::char_traits<char>, std::allocator<char> > > > > >, ctranslate2::models::WhisperOptions)::{lambda(ctranslate2::models::WhisperReplica&)#1}, std::vector<std::promise<ctranslate2::models::WhisperGenerationResult>, std::allocator<ctranslate2::models::WhisperGenerationResult> >)::{lambda()#1}>::run() [0x3d4832] in libctranslate2.so.4
=========         Host Frame: ctranslate2::Worker::run(ctranslate2::JobQueue&) [0x427512] in libctranslate2.so.4
=========         Host Frame:  [0xdc252] in libstdc++.so.6
=========         Host Frame:  [0x94a82] in libc.so.6
=========         Host Frame:  [0x1268df] in libc.so.6
========= 
========= Uninitialized __global__ memory read of size 16 bytes
=========     at void flash_fwd_kernel<Flash_fwd_kernel_traits<(int)64, (int)128, (int)128, (int)4, (bool)0, (bool)0, cutlass::half_t, Flash_kernel_traits<(int)64, (int)128, (int)128, (int)4, cutlass::half_t>>, (bool)0, (bool)0, (bool)0, (bool)0, (bool)1, (bool)0>(Flash_fwd_params)+0xa10
=========     by thread (5,0,0) in block (0,0,0)
=========     Address 0xe28952e50
=========     Saved host backtrace up to driver entry point at kernel launch time
=========         Host Frame: cudaLaunchKernel [0x800837] in libctranslate2.so.4
=========         Host Frame: run_flash_fwd<Flash_fwd_kernel_traits<64, 128, 128, 4, false, false, cutlass::half_t, Flash_kernel_traits<64, 128, 128, 4, cutlass::half_t> >, false>(Flash_fwd_params&, CUstream_st*)::{lambda()#1}::operator()() const::{lambda()#2}::operator()() const::{lambda()#1}::operator()() const::{lambda()#1}::operator()() const::{lambda()#1}::operator()() const::{lambda()#2}::operator()() const::{lambda()#1}::operator()() const::{lambda()#2}::operator()() const::{lambda()#1}::operator()() const::{lambda()#2}::operator()() const [0x4b40c6] in libctranslate2.so.4
=========         Host Frame: void run_flash_fwd<Flash_fwd_kernel_traits<64, 128, 128, 4, false, false, cutlass::half_t, Flash_kernel_traits<64, 128, 128, 4, cutlass::half_t> >, false>(Flash_fwd_params&, CUstream_st*) [0x4b64db] in libctranslate2.so.4
=========         Host Frame: void ctranslate2::ops::FlashAttention::compute<(ctranslate2::Device)1>(ctranslate2::StorageView&, ctranslate2::StorageView&, ctranslate2::StorageView&, ctranslate2::StorageView&, ctranslate2::StorageView*, ctranslate2::StorageView*, ctranslate2::StorageView*, bool, ctranslate2::StorageView*, ctranslate2::StorageView*, bool, ctranslate2::StorageView*, long) const [0x764940] in libctranslate2.so.4
=========         Host Frame: ctranslate2::layers::FlashMultiHeadAttention::operator()(ctranslate2::StorageView const&, ctranslate2::StorageView const&, ctranslate2::StorageView const*, ctranslate2::StorageView&, ctranslate2::StorageView*, ctranslate2::StorageView*, ctranslate2::StorageView*, ctranslate2::Padder const*, ctranslate2::Padder const*, bool, ctranslate2::StorageView*, long, ctranslate2::layers::DecodeWorkspace*) const [0x347c9a] in libctranslate2.so.4
=========         Host Frame: ctranslate2::layers::TransformerEncoderLayer::operator()(ctranslate2::StorageView const&, ctranslate2::StorageView const*, ctranslate2::StorageView&, ctranslate2::Padder const*, ctranslate2::StorageView*) const [0x355978] in libctranslate2.so.4
=========         Host Frame: ctranslate2::layers::WhisperEncoder::operator()(ctranslate2::StorageView const&, ctranslate2::StorageView&) [0x36c5b6] in libctranslate2.so.4
=========         Host Frame: ctranslate2::models::WhisperReplica::maybe_encode(ctranslate2::StorageView) [0x3ca619] in libctranslate2.so.4
=========         Host Frame: ctranslate2::models::WhisperReplica::generate(ctranslate2::StorageView, std::vector<std::vector<unsigned long, std::allocator<unsigned long> >, std::allocator<std::vector<unsigned long, std::allocator<unsigned long> > > > const&, ctranslate2::models::WhisperOptions const&) [0x3d2702] in libctranslate2.so.4
=========         Host Frame: ctranslate2::models::WhisperReplica::generate(ctranslate2::StorageView, std::vector<std::vector<std::__cxx11::basic_string<char, std::char_traits<char>, std::allocator<char> >, std::allocator<std::__cxx11::basic_string<char, std::char_traits<char>, std::allocator<char> > > >, std::allocator<std::vector<std::__cxx11::basic_string<char, std::char_traits<char>, std::allocator<char> >, std::allocator<std::__cxx11::basic_string<char, std::char_traits<char>, std::allocator<char> > > > > > const&, ctranslate2::models::WhisperOptions const&) [0x3d4709] in libctranslate2.so.4
=========         Host Frame: ctranslate2::ReplicaPool<ctranslate2::models::WhisperReplica>::BatchJob<ctranslate2::models::WhisperGenerationResult, ctranslate2::ReplicaPool<ctranslate2::models::WhisperReplica>::post_batch<ctranslate2::models::WhisperGenerationResult, ctranslate2::models::Whisper::generate(ctranslate2::StorageView const&, std::vector<std::vector<std::__cxx11::basic_string<char, std::char_traits<char>, std::allocator<char> >, std::allocator<std::__cxx11::basic_string<char, std::char_traits<char>, std::allocator<char> > > >, std::allocator<std::vector<std::__cxx11::basic_string<char, std::char_traits<char>, std::allocator<char> >, std::allocator<std::__cxx11::basic_string<char, std::char_traits<char>, std::allocator<char> > > > > >, ctranslate2::models::WhisperOptions)::{lambda(ctranslate2::models::WhisperReplica&)#1}>(ctranslate2::models::Whisper::generate(ctranslate2::StorageView const&, std::vector<std::vector<std::__cxx11::basic_string<char, std::char_traits<char>, std::allocator<char> >, std::allocator<std::__cxx11::basic_string<char, std::char_traits<char>, std::allocator<char> > > >, std::allocator<std::vector<std::__cxx11::basic_string<char, std::char_traits<char>, std::allocator<char> >, std::allocator<std::__cxx11::basic_string<char, std::char_traits<char>, std::allocator<char> > > > > >, ctranslate2::models::WhisperOptions)::{lambda(ctranslate2::models::WhisperReplica&)#1}, std::vector<std::promise<ctranslate2::models::WhisperGenerationResult>, std::allocator<ctranslate2::models::WhisperGenerationResult> >)::{lambda()#1}>::run() [0x3d4832] in libctranslate2.so.4
=========         Host Frame: ctranslate2::Worker::run(ctranslate2::JobQueue&) [0x427512] in libctranslate2.so.4
=========         Host Frame:  [0xdc252] in libstdc++.so.6
=========         Host Frame:  [0x94a82] in libc.so.6
=========         Host Frame:  [0x1268df] in libc.so.6
========= 
========= Uninitialized __global__ memory read of size 16 bytes
=========     at void flash_fwd_kernel<Flash_fwd_kernel_traits<(int)64, (int)128, (int)128, (int)4, (bool)0, (bool)0, cutlass::half_t, Flash_kernel_traits<(int)64, (int)128, (int)128, (int)4, cutlass::half_t>>, (bool)0, (bool)0, (bool)0, (bool)0, (bool)1, (bool)0>(Flash_fwd_params)+0xa10
=========     by thread (6,0,0) in block (0,0,0)
=========     Address 0xe28952e60
=========     Saved host backtrace up to driver entry point at kernel launch time
=========         Host Frame: cudaLaunchKernel [0x800837] in libctranslate2.so.4
=========         Host Frame: run_flash_fwd<Flash_fwd_kernel_traits<64, 128, 128, 4, false, false, cutlass::half_t, Flash_kernel_traits<64, 128, 128, 4, cutlass::half_t> >, false>(Flash_fwd_params&, CUstream_st*)::{lambda()#1}::operator()() const::{lambda()#2}::operator()() const::{lambda()#1}::operator()() const::{lambda()#1}::operator()() const::{lambda()#1}::operator()() const::{lambda()#2}::operator()() const::{lambda()#1}::operator()() const::{lambda()#2}::operator()() const::{lambda()#1}::operator()() const::{lambda()#2}::operator()() const [0x4b40c6] in libctranslate2.so.4
=========         Host Frame: void run_flash_fwd<Flash_fwd_kernel_traits<64, 128, 128, 4, false, false, cutlass::half_t, Flash_kernel_traits<64, 128, 128, 4, cutlass::half_t> >, false>(Flash_fwd_params&, CUstream_st*) [0x4b64db] in libctranslate2.so.4
=========         Host Frame: void ctranslate2::ops::FlashAttention::compute<(ctranslate2::Device)1>(ctranslate2::StorageView&, ctranslate2::StorageView&, ctranslate2::StorageView&, ctranslate2::StorageView&, ctranslate2::StorageView*, ctranslate2::StorageView*, ctranslate2::StorageView*, bool, ctranslate2::StorageView*, ctranslate2::StorageView*, bool, ctranslate2::StorageView*, long) const [0x764940] in libctranslate2.so.4
=========         Host Frame: ctranslate2::layers::FlashMultiHeadAttention::operator()(ctranslate2::StorageView const&, ctranslate2::StorageView const&, ctranslate2::StorageView const*, ctranslate2::StorageView&, ctranslate2::StorageView*, ctranslate2::StorageView*, ctranslate2::StorageView*, ctranslate2::Padder const*, ctranslate2::Padder const*, bool, ctranslate2::StorageView*, long, ctranslate2::layers::DecodeWorkspace*) const [0x347c9a] in libctranslate2.so.4
=========         Host Frame: ctranslate2::layers::TransformerEncoderLayer::operator()(ctranslate2::StorageView const&, ctranslate2::StorageView const*, ctranslate2::StorageView&, ctranslate2::Padder const*, ctranslate2::StorageView*) const [0x355978] in libctranslate2.so.4
=========         Host Frame: ctranslate2::layers::WhisperEncoder::operator()(ctranslate2::StorageView const&, ctranslate2::StorageView&) [0x36c5b6] in libctranslate2.so.4
=========         Host Frame: ctranslate2::models::WhisperReplica::maybe_encode(ctranslate2::StorageView) [0x3ca619] in libctranslate2.so.4
=========         Host Frame: ctranslate2::models::WhisperReplica::generate(ctranslate2::StorageView, std::vector<std::vector<unsigned long, std::allocator<unsigned long> >, std::allocator<std::vector<unsigned long, std::allocator<unsigned long> > > > const&, ctranslate2::models::WhisperOptions const&) [0x3d2702] in libctranslate2.so.4
=========         Host Frame: ctranslate2::models::WhisperReplica::generate(ctranslate2::StorageView, std::vector<std::vector<std::__cxx11::basic_string<char, std::char_traits<char>, std::allocator<char> >, std::allocator<std::__cxx11::basic_string<char, std::char_traits<char>, std::allocator<char> > > >, std::allocator<std::vector<std::__cxx11::basic_string<char, std::char_traits<char>, std::allocator<char> >, std::allocator<std::__cxx11::basic_string<char, std::char_traits<char>, std::allocator<char> > > > > > const&, ctranslate2::models::WhisperOptions const&) [0x3d4709] in libctranslate2.so.4
=========         Host Frame: ctranslate2::ReplicaPool<ctranslate2::models::WhisperReplica>::BatchJob<ctranslate2::models::WhisperGenerationResult, ctranslate2::ReplicaPool<ctranslate2::models::WhisperReplica>::post_batch<ctranslate2::models::WhisperGenerationResult, ctranslate2::models::Whisper::generate(ctranslate2::StorageView const&, std::vector<std::vector<std::__cxx11::basic_string<char, std::char_traits<char>, std::allocator<char> >, std::allocator<std::__cxx11::basic_string<char, std::char_traits<char>, std::allocator<char> > > >, std::allocator<std::vector<std::__cxx11::basic_string<char, std::char_traits<char>, std::allocator<char> >, std::allocator<std::__cxx11::basic_string<char, std::char_traits<char>, std::allocator<char> > > > > >, ctranslate2::models::WhisperOptions)::{lambda(ctranslate2::models::WhisperReplica&)#1}>(ctranslate2::models::Whisper::generate(ctranslate2::StorageView const&, std::vector<std::vector<std::__cxx11::basic_string<char, std::char_traits<char>, std::allocator<char> >, std::allocator<std::__cxx11::basic_string<char, std::char_traits<char>, std::allocator<char> > > >, std::allocator<std::vector<std::__cxx11::basic_string<char, std::char_traits<char>, std::allocator<char> >, std::allocator<std::__cxx11::basic_string<char, std::char_traits<char>, std::allocator<char> > > > > >, ctranslate2::models::WhisperOptions)::{lambda(ctranslate2::models::WhisperReplica&)#1}, std::vector<std::promise<ctranslate2::models::WhisperGenerationResult>, std::allocator<ctranslate2::models::WhisperGenerationResult> >)::{lambda()#1}>::run() [0x3d4832] in libctranslate2.so.4
=========         Host Frame: ctranslate2::Worker::run(ctranslate2::JobQueue&) [0x427512] in libctranslate2.so.4
=========         Host Frame:  [0xdc252] in libstdc++.so.6
=========         Host Frame:  [0x94a82] in libc.so.6
=========         Host Frame:  [0x1268df] in libc.so.6
========= 
========= Uninitialized __global__ memory read of size 16 bytes
=========     at void flash_fwd_kernel<Flash_fwd_kernel_traits<(int)64, (int)128, (int)128, (int)4, (bool)0, (bool)0, cutlass::half_t, Flash_kernel_traits<(int)64, (int)128, (int)128, (int)4, cutlass::half_t>>, (bool)0, (bool)0, (bool)0, (bool)0, (bool)1, (bool)0>(Flash_fwd_params)+0xa10
=========     by thread (7,0,0) in block (0,0,0)
=========     Address 0xe28952e70
=========     Saved host backtrace up to driver entry point at kernel launch time
=========         Host Frame: cudaLaunchKernel [0x800837] in libctranslate2.so.4
=========         Host Frame: run_flash_fwd<Flash_fwd_kernel_traits<64, 128, 128, 4, false, false, cutlass::half_t, Flash_kernel_traits<64, 128, 128, 4, cutlass::half_t> >, false>(Flash_fwd_params&, CUstream_st*)::{lambda()#1}::operator()() const::{lambda()#2}::operator()() const::{lambda()#1}::operator()() const::{lambda()#1}::operator()() const::{lambda()#1}::operator()() const::{lambda()#2}::operator()() const::{lambda()#1}::operator()() const::{lambda()#2}::operator()() const::{lambda()#1}::operator()() const::{lambda()#2}::operator()() const [0x4b40c6] in libctranslate2.so.4
=========         Host Frame: void run_flash_fwd<Flash_fwd_kernel_traits<64, 128, 128, 4, false, false, cutlass::half_t, Flash_kernel_traits<64, 128, 128, 4, cutlass::half_t> >, false>(Flash_fwd_params&, CUstream_st*) [0x4b64db] in libctranslate2.so.4
=========         Host Frame: void ctranslate2::ops::FlashAttention::compute<(ctranslate2::Device)1>(ctranslate2::StorageView&, ctranslate2::StorageView&, ctranslate2::StorageView&, ctranslate2::StorageView&, ctranslate2::StorageView*, ctranslate2::StorageView*, ctranslate2::StorageView*, bool, ctranslate2::StorageView*, ctranslate2::StorageView*, bool, ctranslate2::StorageView*, long) const [0x764940] in libctranslate2.so.4
=========         Host Frame: ctranslate2::layers::FlashMultiHeadAttention::operator()(ctranslate2::StorageView const&, ctranslate2::StorageView const&, ctranslate2::StorageView const*, ctranslate2::StorageView&, ctranslate2::StorageView*, ctranslate2::StorageView*, ctranslate2::StorageView*, ctranslate2::Padder const*, ctranslate2::Padder const*, bool, ctranslate2::StorageView*, long, ctranslate2::layers::DecodeWorkspace*) const [0x347c9a] in libctranslate2.so.4
=========         Host Frame: ctranslate2::layers::TransformerEncoderLayer::operator()(ctranslate2::StorageView const&, ctranslate2::StorageView const*, ctranslate2::StorageView&, ctranslate2::Padder const*, ctranslate2::StorageView*) const [0x355978] in libctranslate2.so.4
=========         Host Frame: ctranslate2::layers::WhisperEncoder::operator()(ctranslate2::StorageView const&, ctranslate2::StorageView&) [0x36c5b6] in libctranslate2.so.4
=========         Host Frame: ctranslate2::models::WhisperReplica::maybe_encode(ctranslate2::StorageView) [0x3ca619] in libctranslate2.so.4
=========         Host Frame: ctranslate2::models::WhisperReplica::generate(ctranslate2::StorageView, std::vector<std::vector<unsigned long, std::allocator<unsigned long> >, std::allocator<std::vector<unsigned long, std::allocator<unsigned long> > > > const&, ctranslate2::models::WhisperOptions const&) [0x3d2702] in libctranslate2.so.4
=========         Host Frame: ctranslate2::models::WhisperReplica::generate(ctranslate2::StorageView, std::vector<std::vector<std::__cxx11::basic_string<char, std::char_traits<char>, std::allocator<char> >, std::allocator<std::__cxx11::basic_string<char, std::char_traits<char>, std::allocator<char> > > >, std::allocator<std::vector<std::__cxx11::basic_string<char, std::char_traits<char>, std::allocator<char> >, std::allocator<std::__cxx11::basic_string<char, std::char_traits<char>, std::allocator<char> > > > > > const&, ctranslate2::models::WhisperOptions const&) [0x3d4709] in libctranslate2.so.4
=========         Host Frame: ctranslate2::ReplicaPool<ctranslate2::models::WhisperReplica>::BatchJob<ctranslate2::models::WhisperGenerationResult, ctranslate2::ReplicaPool<ctranslate2::models::WhisperReplica>::post_batch<ctranslate2::models::WhisperGenerationResult, ctranslate2::models::Whisper::generate(ctranslate2::StorageView const&, std::vector<std::vector<std::__cxx11::basic_string<char, std::char_traits<char>, std::allocator<char> >, std::allocator<std::__cxx11::basic_string<char, std::char_traits<char>, std::allocator<char> > > >, std::allocator<std::vector<std::__cxx11::basic_string<char, std::char_traits<char>, std::allocator<char> >, std::allocator<std::__cxx11::basic_string<char, std::char_traits<char>, std::allocator<char> > > > > >, ctranslate2::models::WhisperOptions)::{lambda(ctranslate2::models::WhisperReplica&)#1}>(ctranslate2::models::Whisper::generate(ctranslate2::StorageView const&, std::vector<std::vector<std::__cxx11::basic_string<char, std::char_traits<char>, std::allocator<char> >, std::allocator<std::__cxx11::basic_string<char, std::char_traits<char>, std::allocator<char> > > >, std::allocator<std::vector<std::__cxx11::basic_string<char, std::char_traits<char>, std::allocator<char> >, std::allocator<std::__cxx11::basic_string<char, std::char_traits<char>, std::allocator<char> > > > > >, ctranslate2::models::WhisperOptions)::{lambda(ctranslate2::models::WhisperReplica&)#1}, std::vector<std::promise<ctranslate2::models::WhisperGenerationResult>, std::allocator<ctranslate2::models::WhisperGenerationResult> >)::{lambda()#1}>::run() [0x3d4832] in libctranslate2.so.4
=========         Host Frame: ctranslate2::Worker::run(ctranslate2::JobQueue&) [0x427512] in libctranslate2.so.4
=========         Host Frame:  [0xdc252] in libstdc++.so.6
=========         Host Frame:  [0x94a82] in libc.so.6
=========         Host Frame:  [0x1268df] in libc.so.6
========= 
========= Uninitialized __global__ memory read of size 16 bytes
=========     at void flash_fwd_kernel<Flash_fwd_kernel_traits<(int)64, (int)128, (int)128, (int)4, (bool)0, (bool)0, cutlass::half_t, Flash_kernel_traits<(int)64, (int)128, (int)128, (int)4, cutlass::half_t>>, (bool)0, (bool)0, (bool)0, (bool)0, (bool)1, (bool)0>(Flash_fwd_params)+0xa10
=========     by thread (8,0,0) in block (0,0,0)
=========     Address 0xe28953400
=========     Saved host backtrace up to driver entry point at kernel launch time
=========         Host Frame: cudaLaunchKernel [0x800837] in libctranslate2.so.4
=========         Host Frame: run_flash_fwd<Flash_fwd_kernel_traits<64, 128, 128, 4, false, false, cutlass::half_t, Flash_kernel_traits<64, 128, 128, 4, cutlass::half_t> >, false>(Flash_fwd_params&, CUstream_st*)::{lambda()#1}::operator()() const::{lambda()#2}::operator()() const::{lambda()#1}::operator()() const::{lambda()#1}::operator()() const::{lambda()#1}::operator()() const::{lambda()#2}::operator()() const::{lambda()#1}::operator()() const::{lambda()#2}::operator()() const::{lambda()#1}::operator()() const::{lambda()#2}::operator()() const [0x4b40c6] in libctranslate2.so.4
=========         Host Frame: void run_flash_fwd<Flash_fwd_kernel_traits<64, 128, 128, 4, false, false, cutlass::half_t, Flash_kernel_traits<64, 128, 128, 4, cutlass::half_t> >, false>(Flash_fwd_params&, CUstream_st*) [0x4b64db] in libctranslate2.so.4
=========         Host Frame: void ctranslate2::ops::FlashAttention::compute<(ctranslate2::Device)1>(ctranslate2::StorageView&, ctranslate2::StorageView&, ctranslate2::StorageView&, ctranslate2::StorageView&, ctranslate2::StorageView*, ctranslate2::StorageView*, ctranslate2::StorageView*, bool, ctranslate2::StorageView*, ctranslate2::StorageView*, bool, ctranslate2::StorageView*, long) const [0x764940] in libctranslate2.so.4
=========         Host Frame: ctranslate2::layers::FlashMultiHeadAttention::operator()(ctranslate2::StorageView const&, ctranslate2::StorageView const&, ctranslate2::StorageView const*, ctranslate2::StorageView&, ctranslate2::StorageView*, ctranslate2::StorageView*, ctranslate2::StorageView*, ctranslate2::Padder const*, ctranslate2::Padder const*, bool, ctranslate2::StorageView*, long, ctranslate2::layers::DecodeWorkspace*) const [0x347c9a] in libctranslate2.so.4
=========         Host Frame: ctranslate2::layers::TransformerEncoderLayer::operator()(ctranslate2::StorageView const&, ctranslate2::StorageView const*, ctranslate2::StorageView&, ctranslate2::Padder const*, ctranslate2::StorageView*) const [0x355978] in libctranslate2.so.4
=========         Host Frame: ctranslate2::layers::WhisperEncoder::operator()(ctranslate2::StorageView const&, ctranslate2::StorageView&) [0x36c5b6] in libctranslate2.so.4
=========         Host Frame: ctranslate2::models::WhisperReplica::maybe_encode(ctranslate2::StorageView) [0x3ca619] in libctranslate2.so.4
=========         Host Frame: ctranslate2::models::WhisperReplica::generate(ctranslate2::StorageView, std::vector<std::vector<unsigned long, std::allocator<unsigned long> >, std::allocator<std::vector<unsigned long, std::allocator<unsigned long> > > > const&, ctranslate2::models::WhisperOptions const&) [0x3d2702] in libctranslate2.so.4
=========         Host Frame: ctranslate2::models::WhisperReplica::generate(ctranslate2::StorageView, std::vector<std::vector<std::__cxx11::basic_string<char, std::char_traits<char>, std::allocator<char> >, std::allocator<std::__cxx11::basic_string<char, std::char_traits<char>, std::allocator<char> > > >, std::allocator<std::vector<std::__cxx11::basic_string<char, std::char_traits<char>, std::allocator<char> >, std::allocator<std::__cxx11::basic_string<char, std::char_traits<char>, std::allocator<char> > > > > > const&, ctranslate2::models::WhisperOptions const&) [0x3d4709] in libctranslate2.so.4
=========         Host Frame: ctranslate2::ReplicaPool<ctranslate2::models::WhisperReplica>::BatchJob<ctranslate2::models::WhisperGenerationResult, ctranslate2::ReplicaPool<ctranslate2::models::WhisperReplica>::post_batch<ctranslate2::models::WhisperGenerationResult, ctranslate2::models::Whisper::generate(ctranslate2::StorageView const&, std::vector<std::vector<std::__cxx11::basic_string<char, std::char_traits<char>, std::allocator<char> >, std::allocator<std::__cxx11::basic_string<char, std::char_traits<char>, std::allocator<char> > > >, std::allocator<std::vector<std::__cxx11::basic_string<char, std::char_traits<char>, std::allocator<char> >, std::allocator<std::__cxx11::basic_string<char, std::char_traits<char>, std::allocator<char> > > > > >, ctranslate2::models::WhisperOptions)::{lambda(ctranslate2::models::WhisperReplica&)#1}>(ctranslate2::models::Whisper::generate(ctranslate2::StorageView const&, std::vector<std::vector<std::__cxx11::basic_string<char, std::char_traits<char>, std::allocator<char> >, std::allocator<std::__cxx11::basic_string<char, std::char_traits<char>, std::allocator<char> > > >, std::allocator<std::vector<std::__cxx11::basic_string<char, std::char_traits<char>, std::allocator<char> >, std::allocator<std::__cxx11::basic_string<char, std::char_traits<char>, std::allocator<char> > > > > >, ctranslate2::models::WhisperOptions)::{lambda(ctranslate2::models::WhisperReplica&)#1}, std::vector<std::promise<ctranslate2::models::WhisperGenerationResult>, std::allocator<ctranslate2::models::WhisperGenerationResult> >)::{lambda()#1}>::run() [0x3d4832] in libctranslate2.so.4
=========         Host Frame: ctranslate2::Worker::run(ctranslate2::JobQueue&) [0x427512] in libctranslate2.so.4
=========         Host Frame:  [0xdc252] in libstdc++.so.6
=========         Host Frame:  [0x94a82] in libc.so.6
=========         Host Frame:  [0x1268df] in libc.so.6
========= 
========= Uninitialized __global__ memory read of size 16 bytes
=========     at void flash_fwd_kernel<Flash_fwd_kernel_traits<(int)64, (int)128, (int)128, (int)4, (bool)0, (bool)0, cutlass::half_t, Flash_kernel_traits<(int)64, (int)128, (int)128, (int)4, cutlass::half_t>>, (bool)0, (bool)0, (bool)0, (bool)0, (bool)1, (bool)0>(Flash_fwd_params)+0xa10
=========     by thread (9,0,0) in block (0,0,0)
=========     Address 0xe28953410
=========     Saved host backtrace up to driver entry point at kernel launch time
=========         Host Frame: cudaLaunchKernel [0x800837] in libctranslate2.so.4
=========         Host Frame: run_flash_fwd<Flash_fwd_kernel_traits<64, 128, 128, 4, false, false, cutlass::half_t, Flash_kernel_traits<64, 128, 128, 4, cutlass::half_t> >, false>(Flash_fwd_params&, CUstream_st*)::{lambda()#1}::operator()() const::{lambda()#2}::operator()() const::{lambda()#1}::operator()() const::{lambda()#1}::operator()() const::{lambda()#1}::operator()() const::{lambda()#2}::operator()() const::{lambda()#1}::operator()() const::{lambda()#2}::operator()() const::{lambda()#1}::operator()() const::{lambda()#2}::operator()() const [0x4b40c6] in libctranslate2.so.4
=========         Host Frame: void run_flash_fwd<Flash_fwd_kernel_traits<64, 128, 128, 4, false, false, cutlass::half_t, Flash_kernel_traits<64, 128, 128, 4, cutlass::half_t> >, false>(Flash_fwd_params&, CUstream_st*) [0x4b64db] in libctranslate2.so.4
=========         Host Frame: void ctranslate2::ops::FlashAttention::compute<(ctranslate2::Device)1>(ctranslate2::StorageView&, ctranslate2::StorageView&, ctranslate2::StorageView&, ctranslate2::StorageView&, ctranslate2::StorageView*, ctranslate2::StorageView*, ctranslate2::StorageView*, bool, ctranslate2::StorageView*, ctranslate2::StorageView*, bool, ctranslate2::StorageView*, long) const [0x764940] in libctranslate2.so.4
=========         Host Frame: ctranslate2::layers::FlashMultiHeadAttention::operator()(ctranslate2::StorageView const&, ctranslate2::StorageView const&, ctranslate2::StorageView const*, ctranslate2::StorageView&, ctranslate2::StorageView*, ctranslate2::StorageView*, ctranslate2::StorageView*, ctranslate2::Padder const*, ctranslate2::Padder const*, bool, ctranslate2::StorageView*, long, ctranslate2::layers::DecodeWorkspace*) const [0x347c9a] in libctranslate2.so.4
=========         Host Frame: ctranslate2::layers::TransformerEncoderLayer::operator()(ctranslate2::StorageView const&, ctranslate2::StorageView const*, ctranslate2::StorageView&, ctranslate2::Padder const*, ctranslate2::StorageView*) const [0x355978] in libctranslate2.so.4
=========         Host Frame: ctranslate2::layers::WhisperEncoder::operator()(ctranslate2::StorageView const&, ctranslate2::StorageView&) [0x36c5b6] in libctranslate2.so.4
=========         Host Frame: ctranslate2::models::WhisperReplica::maybe_encode(ctranslate2::StorageView) [0x3ca619] in libctranslate2.so.4
=========         Host Frame: ctranslate2::models::WhisperReplica::generate(ctranslate2::StorageView, std::vector<std::vector<unsigned long, std::allocator<unsigned long> >, std::allocator<std::vector<unsigned long, std::allocator<unsigned long> > > > const&, ctranslate2::models::WhisperOptions const&) [0x3d2702] in libctranslate2.so.4
=========         Host Frame: ctranslate2::models::WhisperReplica::generate(ctranslate2::StorageView, std::vector<std::vector<std::__cxx11::basic_string<char, std::char_traits<char>, std::allocator<char> >, std::allocator<std::__cxx11::basic_string<char, std::char_traits<char>, std::allocator<char> > > >, std::allocator<std::vector<std::__cxx11::basic_string<char, std::char_traits<char>, std::allocator<char> >, std::allocator<std::__cxx11::basic_string<char, std::char_traits<char>, std::allocator<char> > > > > > const&, ctranslate2::models::WhisperOptions const&) [0x3d4709] in libctranslate2.so.4
=========         Host Frame: ctranslate2::ReplicaPool<ctranslate2::models::WhisperReplica>::BatchJob<ctranslate2::models::WhisperGenerationResult, ctranslate2::ReplicaPool<ctranslate2::models::WhisperReplica>::post_batch<ctranslate2::models::WhisperGenerationResult, ctranslate2::models::Whisper::generate(ctranslate2::StorageView const&, std::vector<std::vector<std::__cxx11::basic_string<char, std::char_traits<char>, std::allocator<char> >, std::allocator<std::__cxx11::basic_string<char, std::char_traits<char>, std::allocator<char> > > >, std::allocator<std::vector<std::__cxx11::basic_string<char, std::char_traits<char>, std::allocator<char> >, std::allocator<std::__cxx11::basic_string<char, std::char_traits<char>, std::allocator<char> > > > > >, ctranslate2::models::WhisperOptions)::{lambda(ctranslate2::models::WhisperReplica&)#1}>(ctranslate2::models::Whisper::generate(ctranslate2::StorageView const&, std::vector<std::vector<std::__cxx11::basic_string<char, std::char_traits<char>, std::allocator<char> >, std::allocator<std::__cxx11::basic_string<char, std::char_traits<char>, std::allocator<char> > > >, std::allocator<std::vector<std::__cxx11::basic_string<char, std::char_traits<char>, std::allocator<char> >, std::allocator<std::__cxx11::basic_string<char, std::char_traits<char>, std::allocator<char> > > > > >, ctranslate2::models::WhisperOptions)::{lambda(ctranslate2::models::WhisperReplica&)#1}, std::vector<std::promise<ctranslate2::models::WhisperGenerationResult>, std::allocator<ctranslate2::models::WhisperGenerationResult> >)::{lambda()#1}>::run() [0x3d4832] in libctranslate2.so.4
=========         Host Frame: ctranslate2::Worker::run(ctranslate2::JobQueue&) [0x427512] in libctranslate2.so.4
=========         Host Frame:  [0xdc252] in libstdc++.so.6
=========         Host Frame:  [0x94a82] in libc.so.6
=========         Host Frame:  [0x1268df] in libc.so.6
========= 
========= Uninitialized __global__ memory read of size 16 bytes
=========     at void flash_fwd_kernel<Flash_fwd_kernel_traits<(int)64, (int)128, (int)128, (int)4, (bool)0, (bool)0, cutlass::half_t, Flash_kernel_traits<(int)64, (int)128, (int)128, (int)4, cutlass::half_t>>, (bool)0, (bool)0, (bool)0, (bool)0, (bool)1, (bool)0>(Flash_fwd_params)+0xa10
=========     by thread (10,0,0) in block (0,0,0)
=========     Address 0xe28953420
=========     Saved host backtrace up to driver entry point at kernel launch time
=========         Host Frame: cudaLaunchKernel [0x800837] in libctranslate2.so.4
=========         Host Frame: run_flash_fwd<Flash_fwd_kernel_traits<64, 128, 128, 4, false, false, cutlass::half_t, Flash_kernel_traits<64, 128, 128, 4, cutlass::half_t> >, false>(Flash_fwd_params&, CUstream_st*)::{lambda()#1}::operator()() const::{lambda()#2}::operator()() const::{lambda()#1}::operator()() const::{lambda()#1}::operator()() const::{lambda()#1}::operator()() const::{lambda()#2}::operator()() const::{lambda()#1}::operator()() const::{lambda()#2}::operator()() const::{lambda()#1}::operator()() const::{lambda()#2}::operator()() const [0x4b40c6] in libctranslate2.so.4
=========         Host Frame: void run_flash_fwd<Flash_fwd_kernel_traits<64, 128, 128, 4, false, false, cutlass::half_t, Flash_kernel_traits<64, 128, 128, 4, cutlass::half_t> >, false>(Flash_fwd_params&, CUstream_st*) [0x4b64db] in libctranslate2.so.4
=========         Host Frame: void ctranslate2::ops::FlashAttention::compute<(ctranslate2::Device)1>(ctranslate2::StorageView&, ctranslate2::StorageView&, ctranslate2::StorageView&, ctranslate2::StorageView&, ctranslate2::StorageView*, ctranslate2::StorageView*, ctranslate2::StorageView*, bool, ctranslate2::StorageView*, ctranslate2::StorageView*, bool, ctranslate2::StorageView*, long) const [0x764940] in libctranslate2.so.4
=========         Host Frame: ctranslate2::layers::FlashMultiHeadAttention::operator()(ctranslate2::StorageView const&, ctranslate2::StorageView const&, ctranslate2::StorageView const*, ctranslate2::StorageView&, ctranslate2::StorageView*, ctranslate2::StorageView*, ctranslate2::StorageView*, ctranslate2::Padder const*, ctranslate2::Padder const*, bool, ctranslate2::StorageView*, long, ctranslate2::layers::DecodeWorkspace*) const [0x347c9a] in libctranslate2.so.4
=========         Host Frame: ctranslate2::layers::TransformerEncoderLayer::operator()(ctranslate2::StorageView const&, ctranslate2::StorageView const*, ctranslate2::StorageView&, ctranslate2::Padder const*, ctranslate2::StorageView*) const [0x355978] in libctranslate2.so.4
=========         Host Frame: ctranslate2::layers::WhisperEncoder::operator()(ctranslate2::StorageView const&, ctranslate2::StorageView&) [0x36c5b6] in libctranslate2.so.4
=========         Host Frame: ctranslate2::models::WhisperReplica::maybe_encode(ctranslate2::StorageView) [0x3ca619] in libctranslate2.so.4
=========         Host Frame: ctranslate2::models::WhisperReplica::generate(ctranslate2::StorageView, std::vector<std::vector<unsigned long, std::allocator<unsigned long> >, std::allocator<std::vector<unsigned long, std::allocator<unsigned long> > > > const&, ctranslate2::models::WhisperOptions const&) [0x3d2702] in libctranslate2.so.4
=========         Host Frame: ctranslate2::models::WhisperReplica::generate(ctranslate2::StorageView, std::vector<std::vector<std::__cxx11::basic_string<char, std::char_traits<char>, std::allocator<char> >, std::allocator<std::__cxx11::basic_string<char, std::char_traits<char>, std::allocator<char> > > >, std::allocator<std::vector<std::__cxx11::basic_string<char, std::char_traits<char>, std::allocator<char> >, std::allocator<std::__cxx11::basic_string<char, std::char_traits<char>, std::allocator<char> > > > > > const&, ctranslate2::models::WhisperOptions const&) [0x3d4709] in libctranslate2.so.4
=========         Host Frame: ctranslate2::ReplicaPool<ctranslate2::models::WhisperReplica>::BatchJob<ctranslate2::models::WhisperGenerationResult, ctranslate2::ReplicaPool<ctranslate2::models::WhisperReplica>::post_batch<ctranslate2::models::WhisperGenerationResult, ctranslate2::models::Whisper::generate(ctranslate2::StorageView const&, std::vector<std::vector<std::__cxx11::basic_string<char, std::char_traits<char>, std::allocator<char> >, std::allocator<std::__cxx11::basic_string<char, std::char_traits<char>, std::allocator<char> > > >, std::allocator<std::vector<std::__cxx11::basic_string<char, std::char_traits<char>, std::allocator<char> >, std::allocator<std::__cxx11::basic_string<char, std::char_traits<char>, std::allocator<char> > > > > >, ctranslate2::models::WhisperOptions)::{lambda(ctranslate2::models::WhisperReplica&)#1}>(ctranslate2::models::Whisper::generate(ctranslate2::StorageView const&, std::vector<std::vector<std::__cxx11::basic_string<char, std::char_traits<char>, std::allocator<char> >, std::allocator<std::__cxx11::basic_string<char, std::char_traits<char>, std::allocator<char> > > >, std::allocator<std::vector<std::__cxx11::basic_string<char, std::char_traits<char>, std::allocator<char> >, std::allocator<std::__cxx11::basic_string<char, std::char_traits<char>, std::allocator<char> > > > > >, ctranslate2::models::WhisperOptions)::{lambda(ctranslate2::models::WhisperReplica&)#1}, std::vector<std::promise<ctranslate2::models::WhisperGenerationResult>, std::allocator<ctranslate2::models::WhisperGenerationResult> >)::{lambda()#1}>::run() [0x3d4832] in libctranslate2.so.4
=========         Host Frame: ctranslate2::Worker::run(ctranslate2::JobQueue&) [0x427512] in libctranslate2.so.4
=========         Host Frame:  [0xdc252] in libstdc++.so.6
=========         Host Frame:  [0x94a82] in libc.so.6
=========         Host Frame:  [0x1268df] in libc.so.6
========= 
========= Uninitialized __global__ memory read of size 16 bytes
=========     at void flash_fwd_kernel<Flash_fwd_kernel_traits<(int)64, (int)128, (int)128, (int)4, (bool)0, (bool)0, cutlass::half_t, Flash_kernel_traits<(int)64, (int)128, (int)128, (int)4, cutlass::half_t>>, (bool)0, (bool)0, (bool)0, (bool)0, (bool)1, (bool)0>(Flash_fwd_params)+0xa10
=========     by thread (11,0,0) in block (0,0,0)
=========     Address 0xe28953430
=========     Saved host backtrace up to driver entry point at kernel launch time
=========         Host Frame: cudaLaunchKernel [0x800837] in libctranslate2.so.4
=========         Host Frame: run_flash_fwd<Flash_fwd_kernel_traits<64, 128, 128, 4, false, false, cutlass::half_t, Flash_kernel_traits<64, 128, 128, 4, cutlass::half_t> >, false>(Flash_fwd_params&, CUstream_st*)::{lambda()#1}::operator()() const::{lambda()#2}::operator()() const::{lambda()#1}::operator()() const::{lambda()#1}::operator()() const::{lambda()#1}::operator()() const::{lambda()#2}::operator()() const::{lambda()#1}::operator()() const::{lambda()#2}::operator()() const::{lambda()#1}::operator()() const::{lambda()#2}::operator()() const [0x4b40c6] in libctranslate2.so.4
=========         Host Frame: void run_flash_fwd<Flash_fwd_kernel_traits<64, 128, 128, 4, false, false, cutlass::half_t, Flash_kernel_traits<64, 128, 128, 4, cutlass::half_t> >, false>(Flash_fwd_params&, CUstream_st*) [0x4b64db] in libctranslate2.so.4
=========         Host Frame: void ctranslate2::ops::FlashAttention::compute<(ctranslate2::Device)1>(ctranslate2::StorageView&, ctranslate2::StorageView&, ctranslate2::StorageView&, ctranslate2::StorageView&, ctranslate2::StorageView*, ctranslate2::StorageView*, ctranslate2::StorageView*, bool, ctranslate2::StorageView*, ctranslate2::StorageView*, bool, ctranslate2::StorageView*, long) const [0x764940] in libctranslate2.so.4
=========         Host Frame: ctranslate2::layers::FlashMultiHeadAttention::operator()(ctranslate2::StorageView const&, ctranslate2::StorageView const&, ctranslate2::StorageView const*, ctranslate2::StorageView&, ctranslate2::StorageView*, ctranslate2::StorageView*, ctranslate2::StorageView*, ctranslate2::Padder const*, ctranslate2::Padder const*, bool, ctranslate2::StorageView*, long, ctranslate2::layers::DecodeWorkspace*) const [0x347c9a] in libctranslate2.so.4
=========         Host Frame: ctranslate2::layers::TransformerEncoderLayer::operator()(ctranslate2::StorageView const&, ctranslate2::StorageView const*, ctranslate2::StorageView&, ctranslate2::Padder const*, ctranslate2::StorageView*) const [0x355978] in libctranslate2.so.4
=========         Host Frame: ctranslate2::layers::WhisperEncoder::operator()(ctranslate2::StorageView const&, ctranslate2::StorageView&) [0x36c5b6] in libctranslate2.so.4
=========         Host Frame: ctranslate2::models::WhisperReplica::maybe_encode(ctranslate2::StorageView) [0x3ca619] in libctranslate2.so.4
=========         Host Frame: ctranslate2::models::WhisperReplica::generate(ctranslate2::StorageView, std::vector<std::vector<unsigned long, std::allocator<unsigned long> >, std::allocator<std::vector<unsigned long, std::allocator<unsigned long> > > > const&, ctranslate2::models::WhisperOptions const&) [0x3d2702] in libctranslate2.so.4
=========         Host Frame: ctranslate2::models::WhisperReplica::generate(ctranslate2::StorageView, std::vector<std::vector<std::__cxx11::basic_string<char, std::char_traits<char>, std::allocator<char> >, std::allocator<std::__cxx11::basic_string<char, std::char_traits<char>, std::allocator<char> > > >, std::allocator<std::vector<std::__cxx11::basic_string<char, std::char_traits<char>, std::allocator<char> >, std::allocator<std::__cxx11::basic_string<char, std::char_traits<char>, std::allocator<char> > > > > > const&, ctranslate2::models::WhisperOptions const&) [0x3d4709] in libctranslate2.so.4
=========         Host Frame: ctranslate2::ReplicaPool<ctranslate2::models::WhisperReplica>::BatchJob<ctranslate2::models::WhisperGenerationResult, ctranslate2::ReplicaPool<ctranslate2::models::WhisperReplica>::post_batch<ctranslate2::models::WhisperGenerationResult, ctranslate2::models::Whisper::generate(ctranslate2::StorageView const&, std::vector<std::vector<std::__cxx11::basic_string<char, std::char_traits<char>, std::allocator<char> >, std::allocator<std::__cxx11::basic_string<char, std::char_traits<char>, std::allocator<char> > > >, std::allocator<std::vector<std::__cxx11::basic_string<char, std::char_traits<char>, std::allocator<char> >, std::allocator<std::__cxx11::basic_string<char, std::char_traits<char>, std::allocator<char> > > > > >, ctranslate2::models::WhisperOptions)::{lambda(ctranslate2::models::WhisperReplica&)#1}>(ctranslate2::models::Whisper::generate(ctranslate2::StorageView const&, std::vector<std::vector<std::__cxx11::basic_string<char, std::char_traits<char>, std::allocator<char> >, std::allocator<std::__cxx11::basic_string<char, std::char_traits<char>, std::allocator<char> > > >, std::allocator<std::vector<std::__cxx11::basic_string<char, std::char_traits<char>, std::allocator<char> >, std::allocator<std::__cxx11::basic_string<char, std::char_traits<char>, std::allocator<char> > > > > >, ctranslate2::models::WhisperOptions)::{lambda(ctranslate2::models::WhisperReplica&)#1}, std::vector<std::promise<ctranslate2::models::WhisperGenerationResult>, std::allocator<ctranslate2::models::WhisperGenerationResult> >)::{lambda()#1}>::run() [0x3d4832] in libctranslate2.so.4
=========         Host Frame: ctranslate2::Worker::run(ctranslate2::JobQueue&) [0x427512] in libctranslate2.so.4
=========         Host Frame:  [0xdc252] in libstdc++.so.6
=========         Host Frame:  [0x94a82] in libc.so.6
=========         Host Frame:  [0x1268df] in libc.so.6
========= 
========= Uninitialized __global__ memory read of size 16 bytes
=========     at void flash_fwd_kernel<Flash_fwd_kernel_traits<(int)64, (int)128, (int)128, (int)4, (bool)0, (bool)0, cutlass::half_t, Flash_kernel_traits<(int)64, (int)128, (int)128, (int)4, cutlass::half_t>>, (bool)0, (bool)0, (bool)0, (bool)0, (bool)1, (bool)0>(Flash_fwd_params)+0xa10
=========     by thread (12,0,0) in block (0,0,0)
=========     Address 0xe28953440
=========     Saved host backtrace up to driver entry point at kernel launch time
=========         Host Frame: cudaLaunchKernel [0x800837] in libctranslate2.so.4
=========         Host Frame: run_flash_fwd<Flash_fwd_kernel_traits<64, 128, 128, 4, false, false, cutlass::half_t, Flash_kernel_traits<64, 128, 128, 4, cutlass::half_t> >, false>(Flash_fwd_params&, CUstream_st*)::{lambda()#1}::operator()() const::{lambda()#2}::operator()() const::{lambda()#1}::operator()() const::{lambda()#1}::operator()() const::{lambda()#1}::operator()() const::{lambda()#2}::operator()() const::{lambda()#1}::operator()() const::{lambda()#2}::operator()() const::{lambda()#1}::operator()() const::{lambda()#2}::operator()() const [0x4b40c6] in libctranslate2.so.4
=========         Host Frame: void run_flash_fwd<Flash_fwd_kernel_traits<64, 128, 128, 4, false, false, cutlass::half_t, Flash_kernel_traits<64, 128, 128, 4, cutlass::half_t> >, false>(Flash_fwd_params&, CUstream_st*) [0x4b64db] in libctranslate2.so.4
=========         Host Frame: void ctranslate2::ops::FlashAttention::compute<(ctranslate2::Device)1>(ctranslate2::StorageView&, ctranslate2::StorageView&, ctranslate2::StorageView&, ctranslate2::StorageView&, ctranslate2::StorageView*, ctranslate2::StorageView*, ctranslate2::StorageView*, bool, ctranslate2::StorageView*, ctranslate2::StorageView*, bool, ctranslate2::StorageView*, long) const [0x764940] in libctranslate2.so.4
=========         Host Frame: ctranslate2::layers::FlashMultiHeadAttention::operator()(ctranslate2::StorageView const&, ctranslate2::StorageView const&, ctranslate2::StorageView const*, ctranslate2::StorageView&, ctranslate2::StorageView*, ctranslate2::StorageView*, ctranslate2::StorageView*, ctranslate2::Padder const*, ctranslate2::Padder const*, bool, ctranslate2::StorageView*, long, ctranslate2::layers::DecodeWorkspace*) const [0x347c9a] in libctranslate2.so.4
=========         Host Frame: ctranslate2::layers::TransformerEncoderLayer::operator()(ctranslate2::StorageView const&, ctranslate2::StorageView const*, ctranslate2::StorageView&, ctranslate2::Padder const*, ctranslate2::StorageView*) const [0x355978] in libctranslate2.so.4
=========         Host Frame: ctranslate2::layers::WhisperEncoder::operator()(ctranslate2::StorageView const&, ctranslate2::StorageView&) [0x36c5b6] in libctranslate2.so.4
=========         Host Frame: ctranslate2::models::WhisperReplica::maybe_encode(ctranslate2::StorageView) [0x3ca619] in libctranslate2.so.4
=========         Host Frame: ctranslate2::models::WhisperReplica::generate(ctranslate2::StorageView, std::vector<std::vector<unsigned long, std::allocator<unsigned long> >, std::allocator<std::vector<unsigned long, std::allocator<unsigned long> > > > const&, ctranslate2::models::WhisperOptions const&) [0x3d2702] in libctranslate2.so.4
=========         Host Frame: ctranslate2::models::WhisperReplica::generate(ctranslate2::StorageView, std::vector<std::vector<std::__cxx11::basic_string<char, std::char_traits<char>, std::allocator<char> >, std::allocator<std::__cxx11::basic_string<char, std::char_traits<char>, std::allocator<char> > > >, std::allocator<std::vector<std::__cxx11::basic_string<char, std::char_traits<char>, std::allocator<char> >, std::allocator<std::__cxx11::basic_string<char, std::char_traits<char>, std::allocator<char> > > > > > const&, ctranslate2::models::WhisperOptions const&) [0x3d4709] in libctranslate2.so.4
=========         Host Frame: ctranslate2::ReplicaPool<ctranslate2::models::WhisperReplica>::BatchJob<ctranslate2::models::WhisperGenerationResult, ctranslate2::ReplicaPool<ctranslate2::models::WhisperReplica>::post_batch<ctranslate2::models::WhisperGenerationResult, ctranslate2::models::Whisper::generate(ctranslate2::StorageView const&, std::vector<std::vector<std::__cxx11::basic_string<char, std::char_traits<char>, std::allocator<char> >, std::allocator<std::__cxx11::basic_string<char, std::char_traits<char>, std::allocator<char> > > >, std::allocator<std::vector<std::__cxx11::basic_string<char, std::char_traits<char>, std::allocator<char> >, std::allocator<std::__cxx11::basic_string<char, std::char_traits<char>, std::allocator<char> > > > > >, ctranslate2::models::WhisperOptions)::{lambda(ctranslate2::models::WhisperReplica&)#1}>(ctranslate2::models::Whisper::generate(ctranslate2::StorageView const&, std::vector<std::vector<std::__cxx11::basic_string<char, std::char_traits<char>, std::allocator<char> >, std::allocator<std::__cxx11::basic_string<char, std::char_traits<char>, std::allocator<char> > > >, std::allocator<std::vector<std::__cxx11::basic_string<char, std::char_traits<char>, std::allocator<char> >, std::allocator<std::__cxx11::basic_string<char, std::char_traits<char>, std::allocator<char> > > > > >, ctranslate2::models::WhisperOptions)::{lambda(ctranslate2::models::WhisperReplica&)#1}, std::vector<std::promise<ctranslate2::models::WhisperGenerationResult>, std::allocator<ctranslate2::models::WhisperGenerationResult> >)::{lambda()#1}>::run() [0x3d4832] in libctranslate2.so.4
=========         Host Frame: ctranslate2::Worker::run(ctranslate2::JobQueue&) [0x427512] in libctranslate2.so.4
=========         Host Frame:  [0xdc252] in libstdc++.so.6
=========         Host Frame:  [0x94a82] in libc.so.6
=========         Host Frame:  [0x1268df] in libc.so.6
========= 
========= Uninitialized __global__ memory read of size 16 bytes
=========     at void flash_fwd_kernel<Flash_fwd_kernel_traits<(int)64, (int)128, (int)128, (int)4, (bool)0, (bool)0, cutlass::half_t, Flash_kernel_traits<(int)64, (int)128, (int)128, (int)4, cutlass::half_t>>, (bool)0, (bool)0, (bool)0, (bool)0, (bool)1, (bool)0>(Flash_fwd_params)+0xa10
=========     by thread (13,0,0) in block (0,0,0)
=========     Address 0xe28953450
=========     Saved host backtrace up to driver entry point at kernel launch time
=========         Host Frame: cudaLaunchKernel [0x800837] in libctranslate2.so.4
=========         Host Frame: run_flash_fwd<Flash_fwd_kernel_traits<64, 128, 128, 4, false, false, cutlass::half_t, Flash_kernel_traits<64, 128, 128, 4, cutlass::half_t> >, false>(Flash_fwd_params&, CUstream_st*)::{lambda()#1}::operator()() const::{lambda()#2}::operator()() const::{lambda()#1}::operator()() const::{lambda()#1}::operator()() const::{lambda()#1}::operator()() const::{lambda()#2}::operator()() const::{lambda()#1}::operator()() const::{lambda()#2}::operator()() const::{lambda()#1}::operator()() const::{lambda()#2}::operator()() const [0x4b40c6] in libctranslate2.so.4
=========         Host Frame: void run_flash_fwd<Flash_fwd_kernel_traits<64, 128, 128, 4, false, false, cutlass::half_t, Flash_kernel_traits<64, 128, 128, 4, cutlass::half_t> >, false>(Flash_fwd_params&, CUstream_st*) [0x4b64db] in libctranslate2.so.4
=========         Host Frame: void ctranslate2::ops::FlashAttention::compute<(ctranslate2::Device)1>(ctranslate2::StorageView&, ctranslate2::StorageView&, ctranslate2::StorageView&, ctranslate2::StorageView&, ctranslate2::StorageView*, ctranslate2::StorageView*, ctranslate2::StorageView*, bool, ctranslate2::StorageView*, ctranslate2::StorageView*, bool, ctranslate2::StorageView*, long) const [0x764940] in libctranslate2.so.4
=========         Host Frame: ctranslate2::layers::FlashMultiHeadAttention::operator()(ctranslate2::StorageView const&, ctranslate2::StorageView const&, ctranslate2::StorageView const*, ctranslate2::StorageView&, ctranslate2::StorageView*, ctranslate2::StorageView*, ctranslate2::StorageView*, ctranslate2::Padder const*, ctranslate2::Padder const*, bool, ctranslate2::StorageView*, long, ctranslate2::layers::DecodeWorkspace*) const [0x347c9a] in libctranslate2.so.4
=========         Host Frame: ctranslate2::layers::TransformerEncoderLayer::operator()(ctranslate2::StorageView const&, ctranslate2::StorageView const*, ctranslate2::StorageView&, ctranslate2::Padder const*, ctranslate2::StorageView*) const [0x355978] in libctranslate2.so.4
=========         Host Frame: ctranslate2::layers::WhisperEncoder::operator()(ctranslate2::StorageView const&, ctranslate2::StorageView&) [0x36c5b6] in libctranslate2.so.4
=========         Host Frame: ctranslate2::models::WhisperReplica::maybe_encode(ctranslate2::StorageView) [0x3ca619] in libctranslate2.so.4
=========         Host Frame: ctranslate2::models::WhisperReplica::generate(ctranslate2::StorageView, std::vector<std::vector<unsigned long, std::allocator<unsigned long> >, std::allocator<std::vector<unsigned long, std::allocator<unsigned long> > > > const&, ctranslate2::models::WhisperOptions const&) [0x3d2702] in libctranslate2.so.4
=========         Host Frame: ctranslate2::models::WhisperReplica::generate(ctranslate2::StorageView, std::vector<std::vector<std::__cxx11::basic_string<char, std::char_traits<char>, std::allocator<char> >, std::allocator<std::__cxx11::basic_string<char, std::char_traits<char>, std::allocator<char> > > >, std::allocator<std::vector<std::__cxx11::basic_string<char, std::char_traits<char>, std::allocator<char> >, std::allocator<std::__cxx11::basic_string<char, std::char_traits<char>, std::allocator<char> > > > > > const&, ctranslate2::models::WhisperOptions const&) [0x3d4709] in libctranslate2.so.4
=========         Host Frame: ctranslate2::ReplicaPool<ctranslate2::models::WhisperReplica>::BatchJob<ctranslate2::models::WhisperGenerationResult, ctranslate2::ReplicaPool<ctranslate2::models::WhisperReplica>::post_batch<ctranslate2::models::WhisperGenerationResult, ctranslate2::models::Whisper::generate(ctranslate2::StorageView const&, std::vector<std::vector<std::__cxx11::basic_string<char, std::char_traits<char>, std::allocator<char> >, std::allocator<std::__cxx11::basic_string<char, std::char_traits<char>, std::allocator<char> > > >, std::allocator<std::vector<std::__cxx11::basic_string<char, std::char_traits<char>, std::allocator<char> >, std::allocator<std::__cxx11::basic_string<char, std::char_traits<char>, std::allocator<char> > > > > >, ctranslate2::models::WhisperOptions)::{lambda(ctranslate2::models::WhisperReplica&)#1}>(ctranslate2::models::Whisper::generate(ctranslate2::StorageView const&, std::vector<std::vector<std::__cxx11::basic_string<char, std::char_traits<char>, std::allocator<char> >, std::allocator<std::__cxx11::basic_string<char, std::char_traits<char>, std::allocator<char> > > >, std::allocator<std::vector<std::__cxx11::basic_string<char, std::char_traits<char>, std::allocator<char> >, std::allocator<std::__cxx11::basic_string<char, std::char_traits<char>, std::allocator<char> > > > > >, ctranslate2::models::WhisperOptions)::{lambda(ctranslate2::models::WhisperReplica&)#1}, std::vector<std::promise<ctranslate2::models::WhisperGenerationResult>, std::allocator<ctranslate2::models::WhisperGenerationResult> >)::{lambda()#1}>::run() [0x3d4832] in libctranslate2.so.4
=========         Host Frame: ctranslate2::Worker::run(ctranslate2::JobQueue&) [0x427512] in libctranslate2.so.4
=========         Host Frame:  [0xdc252] in libstdc++.so.6
=========         Host Frame:  [0x94a82] in libc.so.6
=========         Host Frame:  [0x1268df] in libc.so.6
========= 
========= Uninitialized __global__ memory read of size 16 bytes
=========     at void flash_fwd_kernel<Flash_fwd_kernel_traits<(int)64, (int)128, (int)128, (int)4, (bool)0, (bool)0, cutlass::half_t, Flash_kernel_traits<(int)64, (int)128, (int)128, (int)4, cutlass::half_t>>, (bool)0, (bool)0, (bool)0, (bool)0, (bool)1, (bool)0>(Flash_fwd_params)+0xa10
=========     by thread (14,0,0) in block (0,0,0)
=========     Address 0xe28953460
=========     Saved host backtrace up to driver entry point at kernel launch time
=========         Host Frame: cudaLaunchKernel [0x800837] in libctranslate2.so.4
=========         Host Frame: run_flash_fwd<Flash_fwd_kernel_traits<64, 128, 128, 4, false, false, cutlass::half_t, Flash_kernel_traits<64, 128, 128, 4, cutlass::half_t> >, false>(Flash_fwd_params&, CUstream_st*)::{lambda()#1}::operator()() const::{lambda()#2}::operator()() const::{lambda()#1}::operator()() const::{lambda()#1}::operator()() const::{lambda()#1}::operator()() const::{lambda()#2}::operator()() const::{lambda()#1}::operator()() const::{lambda()#2}::operator()() const::{lambda()#1}::operator()() const::{lambda()#2}::operator()() const [0x4b40c6] in libctranslate2.so.4
=========         Host Frame: void run_flash_fwd<Flash_fwd_kernel_traits<64, 128, 128, 4, false, false, cutlass::half_t, Flash_kernel_traits<64, 128, 128, 4, cutlass::half_t> >, false>(Flash_fwd_params&, CUstream_st*) [0x4b64db] in libctranslate2.so.4
=========         Host Frame: void ctranslate2::ops::FlashAttention::compute<(ctranslate2::Device)1>(ctranslate2::StorageView&, ctranslate2::StorageView&, ctranslate2::StorageView&, ctranslate2::StorageView&, ctranslate2::StorageView*, ctranslate2::StorageView*, ctranslate2::StorageView*, bool, ctranslate2::StorageView*, ctranslate2::StorageView*, bool, ctranslate2::StorageView*, long) const [0x764940] in libctranslate2.so.4
=========         Host Frame: ctranslate2::layers::FlashMultiHeadAttention::operator()(ctranslate2::StorageView const&, ctranslate2::StorageView const&, ctranslate2::StorageView const*, ctranslate2::StorageView&, ctranslate2::StorageView*, ctranslate2::StorageView*, ctranslate2::StorageView*, ctranslate2::Padder const*, ctranslate2::Padder const*, bool, ctranslate2::StorageView*, long, ctranslate2::layers::DecodeWorkspace*) const [0x347c9a] in libctranslate2.so.4
=========         Host Frame: ctranslate2::layers::TransformerEncoderLayer::operator()(ctranslate2::StorageView const&, ctranslate2::StorageView const*, ctranslate2::StorageView&, ctranslate2::Padder const*, ctranslate2::StorageView*) const [0x355978] in libctranslate2.so.4
=========         Host Frame: ctranslate2::layers::WhisperEncoder::operator()(ctranslate2::StorageView const&, ctranslate2::StorageView&) [0x36c5b6] in libctranslate2.so.4
=========         Host Frame: ctranslate2::models::WhisperReplica::maybe_encode(ctranslate2::StorageView) [0x3ca619] in libctranslate2.so.4
=========         Host Frame: ctranslate2::models::WhisperReplica::generate(ctranslate2::StorageView, std::vector<std::vector<unsigned long, std::allocator<unsigned long> >, std::allocator<std::vector<unsigned long, std::allocator<unsigned long> > > > const&, ctranslate2::models::WhisperOptions const&) [0x3d2702] in libctranslate2.so.4
=========         Host Frame: ctranslate2::models::WhisperReplica::generate(ctranslate2::StorageView, std::vector<std::vector<std::__cxx11::basic_string<char, std::char_traits<char>, std::allocator<char> >, std::allocator<std::__cxx11::basic_string<char, std::char_traits<char>, std::allocator<char> > > >, std::allocator<std::vector<std::__cxx11::basic_string<char, std::char_traits<char>, std::allocator<char> >, std::allocator<std::__cxx11::basic_string<char, std::char_traits<char>, std::allocator<char> > > > > > const&, ctranslate2::models::WhisperOptions const&) [0x3d4709] in libctranslate2.so.4
=========         Host Frame: ctranslate2::ReplicaPool<ctranslate2::models::WhisperReplica>::BatchJob<ctranslate2::models::WhisperGenerationResult, ctranslate2::ReplicaPool<ctranslate2::models::WhisperReplica>::post_batch<ctranslate2::models::WhisperGenerationResult, ctranslate2::models::Whisper::generate(ctranslate2::StorageView const&, std::vector<std::vector<std::__cxx11::basic_string<char, std::char_traits<char>, std::allocator<char> >, std::allocator<std::__cxx11::basic_string<char, std::char_traits<char>, std::allocator<char> > > >, std::allocator<std::vector<std::__cxx11::basic_string<char, std::char_traits<char>, std::allocator<char> >, std::allocator<std::__cxx11::basic_string<char, std::char_traits<char>, std::allocator<char> > > > > >, ctranslate2::models::WhisperOptions)::{lambda(ctranslate2::models::WhisperReplica&)#1}>(ctranslate2::models::Whisper::generate(ctranslate2::StorageView const&, std::vector<std::vector<std::__cxx11::basic_string<char, std::char_traits<char>, std::allocator<char> >, std::allocator<std::__cxx11::basic_string<char, std::char_traits<char>, std::allocator<char> > > >, std::allocator<std::vector<std::__cxx11::basic_string<char, std::char_traits<char>, std::allocator<char> >, std::allocator<std::__cxx11::basic_string<char, std::char_traits<char>, std::allocator<char> > > > > >, ctranslate2::models::WhisperOptions)::{lambda(ctranslate2::models::WhisperReplica&)#1}, std::vector<std::promise<ctranslate2::models::WhisperGenerationResult>, std::allocator<ctranslate2::models::WhisperGenerationResult> >)::{lambda()#1}>::run() [0x3d4832] in libctranslate2.so.4
=========         Host Frame: ctranslate2::Worker::run(ctranslate2::JobQueue&) [0x427512] in libctranslate2.so.4
=========         Host Frame:  [0xdc252] in libstdc++.so.6
=========         Host Frame:  [0x94a82] in libc.so.6
=========         Host Frame:  [0x1268df] in libc.so.6
========= 
========= Uninitialized __global__ memory read of size 16 bytes
=========     at void flash_fwd_kernel<Flash_fwd_kernel_traits<(int)64, (int)128, (int)128, (int)4, (bool)0, (bool)0, cutlass::half_t, Flash_kernel_traits<(int)64, (int)128, (int)128, (int)4, cutlass::half_t>>, (bool)0, (bool)0, (bool)0, (bool)0, (bool)1, (bool)0>(Flash_fwd_params)+0xa10
=========     by thread (15,0,0) in block (0,0,0)
=========     Address 0xe28953470
=========     Saved host backtrace up to driver entry point at kernel launch time
=========         Host Frame: cudaLaunchKernel [0x800837] in libctranslate2.so.4
=========         Host Frame: run_flash_fwd<Flash_fwd_kernel_traits<64, 128, 128, 4, false, false, cutlass::half_t, Flash_kernel_traits<64, 128, 128, 4, cutlass::half_t> >, false>(Flash_fwd_params&, CUstream_st*)::{lambda()#1}::operator()() const::{lambda()#2}::operator()() const::{lambda()#1}::operator()() const::{lambda()#1}::operator()() const::{lambda()#1}::operator()() const::{lambda()#2}::operator()() const::{lambda()#1}::operator()() const::{lambda()#2}::operator()() const::{lambda()#1}::operator()() const::{lambda()#2}::operator()() const [0x4b40c6] in libctranslate2.so.4
=========         Host Frame: void run_flash_fwd<Flash_fwd_kernel_traits<64, 128, 128, 4, false, false, cutlass::half_t, Flash_kernel_traits<64, 128, 128, 4, cutlass::half_t> >, false>(Flash_fwd_params&, CUstream_st*) [0x4b64db] in libctranslate2.so.4
=========         Host Frame: void ctranslate2::ops::FlashAttention::compute<(ctranslate2::Device)1>(ctranslate2::StorageView&, ctranslate2::StorageView&, ctranslate2::StorageView&, ctranslate2::StorageView&, ctranslate2::StorageView*, ctranslate2::StorageView*, ctranslate2::StorageView*, bool, ctranslate2::StorageView*, ctranslate2::StorageView*, bool, ctranslate2::StorageView*, long) const [0x764940] in libctranslate2.so.4
=========         Host Frame: ctranslate2::layers::FlashMultiHeadAttention::operator()(ctranslate2::StorageView const&, ctranslate2::StorageView const&, ctranslate2::StorageView const*, ctranslate2::StorageView&, ctranslate2::StorageView*, ctranslate2::StorageView*, ctranslate2::StorageView*, ctranslate2::Padder const*, ctranslate2::Padder const*, bool, ctranslate2::StorageView*, long, ctranslate2::layers::DecodeWorkspace*) const [0x347c9a] in libctranslate2.so.4
=========         Host Frame: ctranslate2::layers::TransformerEncoderLayer::operator()(ctranslate2::StorageView const&, ctranslate2::StorageView const*, ctranslate2::StorageView&, ctranslate2::Padder const*, ctranslate2::StorageView*) const [0x355978] in libctranslate2.so.4
=========         Host Frame: ctranslate2::layers::WhisperEncoder::operator()(ctranslate2::StorageView const&, ctranslate2::StorageView&) [0x36c5b6] in libctranslate2.so.4
=========         Host Frame: ctranslate2::models::WhisperReplica::maybe_encode(ctranslate2::StorageView) [0x3ca619] in libctranslate2.so.4
=========         Host Frame: ctranslate2::models::WhisperReplica::generate(ctranslate2::StorageView, std::vector<std::vector<unsigned long, std::allocator<unsigned long> >, std::allocator<std::vector<unsigned long, std::allocator<unsigned long> > > > const&, ctranslate2::models::WhisperOptions const&) [0x3d2702] in libctranslate2.so.4
=========         Host Frame: ctranslate2::models::WhisperReplica::generate(ctranslate2::StorageView, std::vector<std::vector<std::__cxx11::basic_string<char, std::char_traits<char>, std::allocator<char> >, std::allocator<std::__cxx11::basic_string<char, std::char_traits<char>, std::allocator<char> > > >, std::allocator<std::vector<std::__cxx11::basic_string<char, std::char_traits<char>, std::allocator<char> >, std::allocator<std::__cxx11::basic_string<char, std::char_traits<char>, std::allocator<char> > > > > > const&, ctranslate2::models::WhisperOptions const&) [0x3d4709] in libctranslate2.so.4
=========         Host Frame: ctranslate2::ReplicaPool<ctranslate2::models::WhisperReplica>::BatchJob<ctranslate2::models::WhisperGenerationResult, ctranslate2::ReplicaPool<ctranslate2::models::WhisperReplica>::post_batch<ctranslate2::models::WhisperGenerationResult, ctranslate2::models::Whisper::generate(ctranslate2::StorageView const&, std::vector<std::vector<std::__cxx11::basic_string<char, std::char_traits<char>, std::allocator<char> >, std::allocator<std::__cxx11::basic_string<char, std::char_traits<char>, std::allocator<char> > > >, std::allocator<std::vector<std::__cxx11::basic_string<char, std::char_traits<char>, std::allocator<char> >, std::allocator<std::__cxx11::basic_string<char, std::char_traits<char>, std::allocator<char> > > > > >, ctranslate2::models::WhisperOptions)::{lambda(ctranslate2::models::WhisperReplica&)#1}>(ctranslate2::models::Whisper::generate(ctranslate2::StorageView const&, std::vector<std::vector<std::__cxx11::basic_string<char, std::char_traits<char>, std::allocator<char> >, std::allocator<std::__cxx11::basic_string<char, std::char_traits<char>, std::allocator<char> > > >, std::allocator<std::vector<std::__cxx11::basic_string<char, std::char_traits<char>, std::allocator<char> >, std::allocator<std::__cxx11::basic_string<char, std::char_traits<char>, std::allocator<char> > > > > >, ctranslate2::models::WhisperOptions)::{lambda(ctranslate2::models::WhisperReplica&)#1}, std::vector<std::promise<ctranslate2::models::WhisperGenerationResult>, std::allocator<ctranslate2::models::WhisperGenerationResult> >)::{lambda()#1}>::run() [0x3d4832] in libctranslate2.so.4
=========         Host Frame: ctranslate2::Worker::run(ctranslate2::JobQueue&) [0x427512] in libctranslate2.so.4
=========         Host Frame:  [0xdc252] in libstdc++.so.6
=========         Host Frame:  [0x94a82] in libc.so.6
=========         Host Frame:  [0x1268df] in libc.so.6
========= 
========= Uninitialized __global__ memory read of size 16 bytes
=========     at void flash_fwd_kernel<Flash_fwd_kernel_traits<(int)64, (int)128, (int)128, (int)4, (bool)0, (bool)0, cutlass::half_t, Flash_kernel_traits<(int)64, (int)128, (int)128, (int)4, cutlass::half_t>>, (bool)0, (bool)0, (bool)0, (bool)0, (bool)1, (bool)0>(Flash_fwd_params)+0xa10
=========     by thread (16,0,0) in block (0,0,0)
=========     Address 0xe28953a00
=========     Saved host backtrace up to driver entry point at kernel launch time
=========         Host Frame: cudaLaunchKernel [0x800837] in libctranslate2.so.4
=========         Host Frame: run_flash_fwd<Flash_fwd_kernel_traits<64, 128, 128, 4, false, false, cutlass::half_t, Flash_kernel_traits<64, 128, 128, 4, cutlass::half_t> >, false>(Flash_fwd_params&, CUstream_st*)::{lambda()#1}::operator()() const::{lambda()#2}::operator()() const::{lambda()#1}::operator()() const::{lambda()#1}::operator()() const::{lambda()#1}::operator()() const::{lambda()#2}::operator()() const::{lambda()#1}::operator()() const::{lambda()#2}::operator()() const::{lambda()#1}::operator()() const::{lambda()#2}::operator()() const [0x4b40c6] in libctranslate2.so.4
=========         Host Frame: void run_flash_fwd<Flash_fwd_kernel_traits<64, 128, 128, 4, false, false, cutlass::half_t, Flash_kernel_traits<64, 128, 128, 4, cutlass::half_t> >, false>(Flash_fwd_params&, CUstream_st*) [0x4b64db] in libctranslate2.so.4
=========         Host Frame: void ctranslate2::ops::FlashAttention::compute<(ctranslate2::Device)1>(ctranslate2::StorageView&, ctranslate2::StorageView&, ctranslate2::StorageView&, ctranslate2::StorageView&, ctranslate2::StorageView*, ctranslate2::StorageView*, ctranslate2::StorageView*, bool, ctranslate2::StorageView*, ctranslate2::StorageView*, bool, ctranslate2::StorageView*, long) const [0x764940] in libctranslate2.so.4
=========         Host Frame: ctranslate2::layers::FlashMultiHeadAttention::operator()(ctranslate2::StorageView const&, ctranslate2::StorageView const&, ctranslate2::StorageView const*, ctranslate2::StorageView&, ctranslate2::StorageView*, ctranslate2::StorageView*, ctranslate2::StorageView*, ctranslate2::Padder const*, ctranslate2::Padder const*, bool, ctranslate2::StorageView*, long, ctranslate2::layers::DecodeWorkspace*) const [0x347c9a] in libctranslate2.so.4
=========         Host Frame: ctranslate2::layers::TransformerEncoderLayer::operator()(ctranslate2::StorageView const&, ctranslate2::StorageView const*, ctranslate2::StorageView&, ctranslate2::Padder const*, ctranslate2::StorageView*) const [0x355978] in libctranslate2.so.4
=========         Host Frame: ctranslate2::layers::WhisperEncoder::operator()(ctranslate2::StorageView const&, ctranslate2::StorageView&) [0x36c5b6] in libctranslate2.so.4
=========         Host Frame: ctranslate2::models::WhisperReplica::maybe_encode(ctranslate2::StorageView) [0x3ca619] in libctranslate2.so.4
=========         Host Frame: ctranslate2::models::WhisperReplica::generate(ctranslate2::StorageView, std::vector<std::vector<unsigned long, std::allocator<unsigned long> >, std::allocator<std::vector<unsigned long, std::allocator<unsigned long> > > > const&, ctranslate2::models::WhisperOptions const&) [0x3d2702] in libctranslate2.so.4
=========         Host Frame: ctranslate2::models::WhisperReplica::generate(ctranslate2::StorageView, std::vector<std::vector<std::__cxx11::basic_string<char, std::char_traits<char>, std::allocator<char> >, std::allocator<std::__cxx11::basic_string<char, std::char_traits<char>, std::allocator<char> > > >, std::allocator<std::vector<std::__cxx11::basic_string<char, std::char_traits<char>, std::allocator<char> >, std::allocator<std::__cxx11::basic_string<char, std::char_traits<char>, std::allocator<char> > > > > > const&, ctranslate2::models::WhisperOptions const&) [0x3d4709] in libctranslate2.so.4
=========         Host Frame: ctranslate2::ReplicaPool<ctranslate2::models::WhisperReplica>::BatchJob<ctranslate2::models::WhisperGenerationResult, ctranslate2::ReplicaPool<ctranslate2::models::WhisperReplica>::post_batch<ctranslate2::models::WhisperGenerationResult, ctranslate2::models::Whisper::generate(ctranslate2::StorageView const&, std::vector<std::vector<std::__cxx11::basic_string<char, std::char_traits<char>, std::allocator<char> >, std::allocator<std::__cxx11::basic_string<char, std::char_traits<char>, std::allocator<char> > > >, std::allocator<std::vector<std::__cxx11::basic_string<char, std::char_traits<char>, std::allocator<char> >, std::allocator<std::__cxx11::basic_string<char, std::char_traits<char>, std::allocator<char> > > > > >, ctranslate2::models::WhisperOptions)::{lambda(ctranslate2::models::WhisperReplica&)#1}>(ctranslate2::models::Whisper::generate(ctranslate2::StorageView const&, std::vector<std::vector<std::__cxx11::basic_string<char, std::char_traits<char>, std::allocator<char> >, std::allocator<std::__cxx11::basic_string<char, std::char_traits<char>, std::allocator<char> > > >, std::allocator<std::vector<std::__cxx11::basic_string<char, std::char_traits<char>, std::allocator<char> >, std::allocator<std::__cxx11::basic_string<char, std::char_traits<char>, std::allocator<char> > > > > >, ctranslate2::models::WhisperOptions)::{lambda(ctranslate2::models::WhisperReplica&)#1}, std::vector<std::promise<ctranslate2::models::WhisperGenerationResult>, std::allocator<ctranslate2::models::WhisperGenerationResult> >)::{lambda()#1}>::run() [0x3d4832] in libctranslate2.so.4
=========         Host Frame: ctranslate2::Worker::run(ctranslate2::JobQueue&) [0x427512] in libctranslate2.so.4
=========         Host Frame:  [0xdc252] in libstdc++.so.6
=========         Host Frame:  [0x94a82] in libc.so.6
=========         Host Frame:  [0x1268df] in libc.so.6
========= 
========= Uninitialized __global__ memory read of size 16 bytes
=========     at void flash_fwd_kernel<Flash_fwd_kernel_traits<(int)64, (int)128, (int)128, (int)4, (bool)0, (bool)0, cutlass::half_t, Flash_kernel_traits<(int)64, (int)128, (int)128, (int)4, cutlass::half_t>>, (bool)0, (bool)0, (bool)0, (bool)0, (bool)1, (bool)0>(Flash_fwd_params)+0xa10
=========     by thread (17,0,0) in block (0,0,0)
=========     Address 0xe28953a10
=========     Saved host backtrace up to driver entry point at kernel launch time
=========         Host Frame: cudaLaunchKernel [0x800837] in libctranslate2.so.4
=========         Host Frame: run_flash_fwd<Flash_fwd_kernel_traits<64, 128, 128, 4, false, false, cutlass::half_t, Flash_kernel_traits<64, 128, 128, 4, cutlass::half_t> >, false>(Flash_fwd_params&, CUstream_st*)::{lambda()#1}::operator()() const::{lambda()#2}::operator()() const::{lambda()#1}::operator()() const::{lambda()#1}::operator()() const::{lambda()#1}::operator()() const::{lambda()#2}::operator()() const::{lambda()#1}::operator()() const::{lambda()#2}::operator()() const::{lambda()#1}::operator()() const::{lambda()#2}::operator()() const [0x4b40c6] in libctranslate2.so.4
=========         Host Frame: void run_flash_fwd<Flash_fwd_kernel_traits<64, 128, 128, 4, false, false, cutlass::half_t, Flash_kernel_traits<64, 128, 128, 4, cutlass::half_t> >, false>(Flash_fwd_params&, CUstream_st*) [0x4b64db] in libctranslate2.so.4
=========         Host Frame: void ctranslate2::ops::FlashAttention::compute<(ctranslate2::Device)1>(ctranslate2::StorageView&, ctranslate2::StorageView&, ctranslate2::StorageView&, ctranslate2::StorageView&, ctranslate2::StorageView*, ctranslate2::StorageView*, ctranslate2::StorageView*, bool, ctranslate2::StorageView*, ctranslate2::StorageView*, bool, ctranslate2::StorageView*, long) const [0x764940] in libctranslate2.so.4
=========         Host Frame: ctranslate2::layers::FlashMultiHeadAttention::operator()(ctranslate2::StorageView const&, ctranslate2::StorageView const&, ctranslate2::StorageView const*, ctranslate2::StorageView&, ctranslate2::StorageView*, ctranslate2::StorageView*, ctranslate2::StorageView*, ctranslate2::Padder const*, ctranslate2::Padder const*, bool, ctranslate2::StorageView*, long, ctranslate2::layers::DecodeWorkspace*) const [0x347c9a] in libctranslate2.so.4
=========         Host Frame: ctranslate2::layers::TransformerEncoderLayer::operator()(ctranslate2::StorageView const&, ctranslate2::StorageView const*, ctranslate2::StorageView&, ctranslate2::Padder const*, ctranslate2::StorageView*) const [0x355978] in libctranslate2.so.4
=========         Host Frame: ctranslate2::layers::WhisperEncoder::operator()(ctranslate2::StorageView const&, ctranslate2::StorageView&) [0x36c5b6] in libctranslate2.so.4
=========         Host Frame: ctranslate2::models::WhisperReplica::maybe_encode(ctranslate2::StorageView) [0x3ca619] in libctranslate2.so.4
=========         Host Frame: ctranslate2::models::WhisperReplica::generate(ctranslate2::StorageView, std::vector<std::vector<unsigned long, std::allocator<unsigned long> >, std::allocator<std::vector<unsigned long, std::allocator<unsigned long> > > > const&, ctranslate2::models::WhisperOptions const&) [0x3d2702] in libctranslate2.so.4
=========         Host Frame: ctranslate2::models::WhisperReplica::generate(ctranslate2::StorageView, std::vector<std::vector<std::__cxx11::basic_string<char, std::char_traits<char>, std::allocator<char> >, std::allocator<std::__cxx11::basic_string<char, std::char_traits<char>, std::allocator<char> > > >, std::allocator<std::vector<std::__cxx11::basic_string<char, std::char_traits<char>, std::allocator<char> >, std::allocator<std::__cxx11::basic_string<char, std::char_traits<char>, std::allocator<char> > > > > > const&, ctranslate2::models::WhisperOptions const&) [0x3d4709] in libctranslate2.so.4
=========         Host Frame: ctranslate2::ReplicaPool<ctranslate2::models::WhisperReplica>::BatchJob<ctranslate2::models::WhisperGenerationResult, ctranslate2::ReplicaPool<ctranslate2::models::WhisperReplica>::post_batch<ctranslate2::models::WhisperGenerationResult, ctranslate2::models::Whisper::generate(ctranslate2::StorageView const&, std::vector<std::vector<std::__cxx11::basic_string<char, std::char_traits<char>, std::allocator<char> >, std::allocator<std::__cxx11::basic_string<char, std::char_traits<char>, std::allocator<char> > > >, std::allocator<std::vector<std::__cxx11::basic_string<char, std::char_traits<char>, std::allocator<char> >, std::allocator<std::__cxx11::basic_string<char, std::char_traits<char>, std::allocator<char> > > > > >, ctranslate2::models::WhisperOptions)::{lambda(ctranslate2::models::WhisperReplica&)#1}>(ctranslate2::models::Whisper::generate(ctranslate2::StorageView const&, std::vector<std::vector<std::__cxx11::basic_string<char, std::char_traits<char>, std::allocator<char> >, std::allocator<std::__cxx11::basic_string<char, std::char_traits<char>, std::allocator<char> > > >, std::allocator<std::vector<std::__cxx11::basic_string<char, std::char_traits<char>, std::allocator<char> >, std::allocator<std::__cxx11::basic_string<char, std::char_traits<char>, std::allocator<char> > > > > >, ctranslate2::models::WhisperOptions)::{lambda(ctranslate2::models::WhisperReplica&)#1}, std::vector<std::promise<ctranslate2::models::WhisperGenerationResult>, std::allocator<ctranslate2::models::WhisperGenerationResult> >)::{lambda()#1}>::run() [0x3d4832] in libctranslate2.so.4
=========         Host Frame: ctranslate2::Worker::run(ctranslate2::JobQueue&) [0x427512] in libctranslate2.so.4
=========         Host Frame:  [0xdc252] in libstdc++.so.6
=========         Host Frame:  [0x94a82] in libc.so.6
=========         Host Frame:  [0x1268df] in libc.so.6
========= 
========= Uninitialized __global__ memory read of size 16 bytes
=========     at void flash_fwd_kernel<Flash_fwd_kernel_traits<(int)64, (int)128, (int)128, (int)4, (bool)0, (bool)0, cutlass::half_t, Flash_kernel_traits<(int)64, (int)128, (int)128, (int)4, cutlass::half_t>>, (bool)0, (bool)0, (bool)0, (bool)0, (bool)1, (bool)0>(Flash_fwd_params)+0xa10
=========     by thread (18,0,0) in block (0,0,0)
=========     Address 0xe28953a20
=========     Saved host backtrace up to driver entry point at kernel launch time
=========         Host Frame: cudaLaunchKernel [0x800837] in libctranslate2.so.4
=========         Host Frame: run_flash_fwd<Flash_fwd_kernel_traits<64, 128, 128, 4, false, false, cutlass::half_t, Flash_kernel_traits<64, 128, 128, 4, cutlass::half_t> >, false>(Flash_fwd_params&, CUstream_st*)::{lambda()#1}::operator()() const::{lambda()#2}::operator()() const::{lambda()#1}::operator()() const::{lambda()#1}::operator()() const::{lambda()#1}::operator()() const::{lambda()#2}::operator()() const::{lambda()#1}::operator()() const::{lambda()#2}::operator()() const::{lambda()#1}::operator()() const::{lambda()#2}::operator()() const [0x4b40c6] in libctranslate2.so.4
=========         Host Frame: void run_flash_fwd<Flash_fwd_kernel_traits<64, 128, 128, 4, false, false, cutlass::half_t, Flash_kernel_traits<64, 128, 128, 4, cutlass::half_t> >, false>(Flash_fwd_params&, CUstream_st*) [0x4b64db] in libctranslate2.so.4
=========         Host Frame: void ctranslate2::ops::FlashAttention::compute<(ctranslate2::Device)1>(ctranslate2::StorageView&, ctranslate2::StorageView&, ctranslate2::StorageView&, ctranslate2::StorageView&, ctranslate2::StorageView*, ctranslate2::StorageView*, ctranslate2::StorageView*, bool, ctranslate2::StorageView*, ctranslate2::StorageView*, bool, ctranslate2::StorageView*, long) const [0x764940] in libctranslate2.so.4
=========         Host Frame: ctranslate2::layers::FlashMultiHeadAttention::operator()(ctranslate2::StorageView const&, ctranslate2::StorageView const&, ctranslate2::StorageView const*, ctranslate2::StorageView&, ctranslate2::StorageView*, ctranslate2::StorageView*, ctranslate2::StorageView*, ctranslate2::Padder const*, ctranslate2::Padder const*, bool, ctranslate2::StorageView*, long, ctranslate2::layers::DecodeWorkspace*) const [0x347c9a] in libctranslate2.so.4
=========         Host Frame: ctranslate2::layers::TransformerEncoderLayer::operator()(ctranslate2::StorageView const&, ctranslate2::StorageView const*, ctranslate2::StorageView&, ctranslate2::Padder const*, ctranslate2::StorageView*) const [0x355978] in libctranslate2.so.4
=========         Host Frame: ctranslate2::layers::WhisperEncoder::operator()(ctranslate2::StorageView const&, ctranslate2::StorageView&) [0x36c5b6] in libctranslate2.so.4
=========         Host Frame: ctranslate2::models::WhisperReplica::maybe_encode(ctranslate2::StorageView) [0x3ca619] in libctranslate2.so.4
=========         Host Frame: ctranslate2::models::WhisperReplica::generate(ctranslate2::StorageView, std::vector<std::vector<unsigned long, std::allocator<unsigned long> >, std::allocator<std::vector<unsigned long, std::allocator<unsigned long> > > > const&, ctranslate2::models::WhisperOptions const&) [0x3d2702] in libctranslate2.so.4
=========         Host Frame: ctranslate2::models::WhisperReplica::generate(ctranslate2::StorageView, std::vector<std::vector<std::__cxx11::basic_string<char, std::char_traits<char>, std::allocator<char> >, std::allocator<std::__cxx11::basic_string<char, std::char_traits<char>, std::allocator<char> > > >, std::allocator<std::vector<std::__cxx11::basic_string<char, std::char_traits<char>, std::allocator<char> >, std::allocator<std::__cxx11::basic_string<char, std::char_traits<char>, std::allocator<char> > > > > > const&, ctranslate2::models::WhisperOptions const&) [0x3d4709] in libctranslate2.so.4
=========         Host Frame: ctranslate2::ReplicaPool<ctranslate2::models::WhisperReplica>::BatchJob<ctranslate2::models::WhisperGenerationResult, ctranslate2::ReplicaPool<ctranslate2::models::WhisperReplica>::post_batch<ctranslate2::models::WhisperGenerationResult, ctranslate2::models::Whisper::generate(ctranslate2::StorageView const&, std::vector<std::vector<std::__cxx11::basic_string<char, std::char_traits<char>, std::allocator<char> >, std::allocator<std::__cxx11::basic_string<char, std::char_traits<char>, std::allocator<char> > > >, std::allocator<std::vector<std::__cxx11::basic_string<char, std::char_traits<char>, std::allocator<char> >, std::allocator<std::__cxx11::basic_string<char, std::char_traits<char>, std::allocator<char> > > > > >, ctranslate2::models::WhisperOptions)::{lambda(ctranslate2::models::WhisperReplica&)#1}>(ctranslate2::models::Whisper::generate(ctranslate2::StorageView const&, std::vector<std::vector<std::__cxx11::basic_string<char, std::char_traits<char>, std::allocator<char> >, std::allocator<std::__cxx11::basic_string<char, std::char_traits<char>, std::allocator<char> > > >, std::allocator<std::vector<std::__cxx11::basic_string<char, std::char_traits<char>, std::allocator<char> >, std::allocator<std::__cxx11::basic_string<char, std::char_traits<char>, std::allocator<char> > > > > >, ctranslate2::models::WhisperOptions)::{lambda(ctranslate2::models::WhisperReplica&)#1}, std::vector<std::promise<ctranslate2::models::WhisperGenerationResult>, std::allocator<ctranslate2::models::WhisperGenerationResult> >)::{lambda()#1}>::run() [0x3d4832] in libctranslate2.so.4
=========         Host Frame: ctranslate2::Worker::run(ctranslate2::JobQueue&) [0x427512] in libctranslate2.so.4
=========         Host Frame:  [0xdc252] in libstdc++.so.6
=========         Host Frame:  [0x94a82] in libc.so.6
=========         Host Frame:  [0x1268df] in libc.so.6
========= 
========= Uninitialized __global__ memory read of size 16 bytes
=========     at void flash_fwd_kernel<Flash_fwd_kernel_traits<(int)64, (int)128, (int)128, (int)4, (bool)0, (bool)0, cutlass::half_t, Flash_kernel_traits<(int)64, (int)128, (int)128, (int)4, cutlass::half_t>>, (bool)0, (bool)0, (bool)0, (bool)0, (bool)1, (bool)0>(Flash_fwd_params)+0xa10
=========     by thread (19,0,0) in block (0,0,0)
=========     Address 0xe28953a30
=========     Saved host backtrace up to driver entry point at kernel launch time
=========         Host Frame: cudaLaunchKernel [0x800837] in libctranslate2.so.4
=========         Host Frame: run_flash_fwd<Flash_fwd_kernel_traits<64, 128, 128, 4, false, false, cutlass::half_t, Flash_kernel_traits<64, 128, 128, 4, cutlass::half_t> >, false>(Flash_fwd_params&, CUstream_st*)::{lambda()#1}::operator()() const::{lambda()#2}::operator()() const::{lambda()#1}::operator()() const::{lambda()#1}::operator()() const::{lambda()#1}::operator()() const::{lambda()#2}::operator()() const::{lambda()#1}::operator()() const::{lambda()#2}::operator()() const::{lambda()#1}::operator()() const::{lambda()#2}::operator()() const [0x4b40c6] in libctranslate2.so.4
=========         Host Frame: void run_flash_fwd<Flash_fwd_kernel_traits<64, 128, 128, 4, false, false, cutlass::half_t, Flash_kernel_traits<64, 128, 128, 4, cutlass::half_t> >, false>(Flash_fwd_params&, CUstream_st*) [0x4b64db] in libctranslate2.so.4
=========         Host Frame: void ctranslate2::ops::FlashAttention::compute<(ctranslate2::Device)1>(ctranslate2::StorageView&, ctranslate2::StorageView&, ctranslate2::StorageView&, ctranslate2::StorageView&, ctranslate2::StorageView*, ctranslate2::StorageView*, ctranslate2::StorageView*, bool, ctranslate2::StorageView*, ctranslate2::StorageView*, bool, ctranslate2::StorageView*, long) const [0x764940] in libctranslate2.so.4
=========         Host Frame: ctranslate2::layers::FlashMultiHeadAttention::operator()(ctranslate2::StorageView const&, ctranslate2::StorageView const&, ctranslate2::StorageView const*, ctranslate2::StorageView&, ctranslate2::StorageView*, ctranslate2::StorageView*, ctranslate2::StorageView*, ctranslate2::Padder const*, ctranslate2::Padder const*, bool, ctranslate2::StorageView*, long, ctranslate2::layers::DecodeWorkspace*) const [0x347c9a] in libctranslate2.so.4
=========         Host Frame: ctranslate2::layers::TransformerEncoderLayer::operator()(ctranslate2::StorageView const&, ctranslate2::StorageView const*, ctranslate2::StorageView&, ctranslate2::Padder const*, ctranslate2::StorageView*) const [0x355978] in libctranslate2.so.4
=========         Host Frame: ctranslate2::layers::WhisperEncoder::operator()(ctranslate2::StorageView const&, ctranslate2::StorageView&) [0x36c5b6] in libctranslate2.so.4
=========         Host Frame: ctranslate2::models::WhisperReplica::maybe_encode(ctranslate2::StorageView) [0x3ca619] in libctranslate2.so.4
=========         Host Frame: ctranslate2::models::WhisperReplica::generate(ctranslate2::StorageView, std::vector<std::vector<unsigned long, std::allocator<unsigned long> >, std::allocator<std::vector<unsigned long, std::allocator<unsigned long> > > > const&, ctranslate2::models::WhisperOptions const&) [0x3d2702] in libctranslate2.so.4
=========         Host Frame: ctranslate2::models::WhisperReplica::generate(ctranslate2::StorageView, std::vector<std::vector<std::__cxx11::basic_string<char, std::char_traits<char>, std::allocator<char> >, std::allocator<std::__cxx11::basic_string<char, std::char_traits<char>, std::allocator<char> > > >, std::allocator<std::vector<std::__cxx11::basic_string<char, std::char_traits<char>, std::allocator<char> >, std::allocator<std::__cxx11::basic_string<char, std::char_traits<char>, std::allocator<char> > > > > > const&, ctranslate2::models::WhisperOptions const&) [0x3d4709] in libctranslate2.so.4
=========         Host Frame: ctranslate2::ReplicaPool<ctranslate2::models::WhisperReplica>::BatchJob<ctranslate2::models::WhisperGenerationResult, ctranslate2::ReplicaPool<ctranslate2::models::WhisperReplica>::post_batch<ctranslate2::models::WhisperGenerationResult, ctranslate2::models::Whisper::generate(ctranslate2::StorageView const&, std::vector<std::vector<std::__cxx11::basic_string<char, std::char_traits<char>, std::allocator<char> >, std::allocator<std::__cxx11::basic_string<char, std::char_traits<char>, std::allocator<char> > > >, std::allocator<std::vector<std::__cxx11::basic_string<char, std::char_traits<char>, std::allocator<char> >, std::allocator<std::__cxx11::basic_string<char, std::char_traits<char>, std::allocator<char> > > > > >, ctranslate2::models::WhisperOptions)::{lambda(ctranslate2::models::WhisperReplica&)#1}>(ctranslate2::models::Whisper::generate(ctranslate2::StorageView const&, std::vector<std::vector<std::__cxx11::basic_string<char, std::char_traits<char>, std::allocator<char> >, std::allocator<std::__cxx11::basic_string<char, std::char_traits<char>, std::allocator<char> > > >, std::allocator<std::vector<std::__cxx11::basic_string<char, std::char_traits<char>, std::allocator<char> >, std::allocator<std::__cxx11::basic_string<char, std::char_traits<char>, std::allocator<char> > > > > >, ctranslate2::models::WhisperOptions)::{lambda(ctranslate2::models::WhisperReplica&)#1}, std::vector<std::promise<ctranslate2::models::WhisperGenerationResult>, std::allocator<ctranslate2::models::WhisperGenerationResult> >)::{lambda()#1}>::run() [0x3d4832] in libctranslate2.so.4
=========         Host Frame: ctranslate2::Worker::run(ctranslate2::JobQueue&) [0x427512] in libctranslate2.so.4
=========         Host Frame:  [0xdc252] in libstdc++.so.6
=========         Host Frame:  [0x94a82] in libc.so.6
=========         Host Frame:  [0x1268df] in libc.so.6
========= 
========= Uninitialized __global__ memory read of size 16 bytes
=========     at void flash_fwd_kernel<Flash_fwd_kernel_traits<(int)64, (int)128, (int)128, (int)4, (bool)0, (bool)0, cutlass::half_t, Flash_kernel_traits<(int)64, (int)128, (int)128, (int)4, cutlass::half_t>>, (bool)0, (bool)0, (bool)0, (bool)0, (bool)1, (bool)0>(Flash_fwd_params)+0xa10
=========     by thread (20,0,0) in block (0,0,0)
=========     Address 0xe28953a40
=========     Saved host backtrace up to driver entry point at kernel launch time
=========         Host Frame: cudaLaunchKernel [0x800837] in libctranslate2.so.4
=========         Host Frame: run_flash_fwd<Flash_fwd_kernel_traits<64, 128, 128, 4, false, false, cutlass::half_t, Flash_kernel_traits<64, 128, 128, 4, cutlass::half_t> >, false>(Flash_fwd_params&, CUstream_st*)::{lambda()#1}::operator()() const::{lambda()#2}::operator()() const::{lambda()#1}::operator()() const::{lambda()#1}::operator()() const::{lambda()#1}::operator()() const::{lambda()#2}::operator()() const::{lambda()#1}::operator()() const::{lambda()#2}::operator()() const::{lambda()#1}::operator()() const::{lambda()#2}::operator()() const [0x4b40c6] in libctranslate2.so.4
=========         Host Frame: void run_flash_fwd<Flash_fwd_kernel_traits<64, 128, 128, 4, false, false, cutlass::half_t, Flash_kernel_traits<64, 128, 128, 4, cutlass::half_t> >, false>(Flash_fwd_params&, CUstream_st*) [0x4b64db] in libctranslate2.so.4
=========         Host Frame: void ctranslate2::ops::FlashAttention::compute<(ctranslate2::Device)1>(ctranslate2::StorageView&, ctranslate2::StorageView&, ctranslate2::StorageView&, ctranslate2::StorageView&, ctranslate2::StorageView*, ctranslate2::StorageView*, ctranslate2::StorageView*, bool, ctranslate2::StorageView*, ctranslate2::StorageView*, bool, ctranslate2::StorageView*, long) const [0x764940] in libctranslate2.so.4
=========         Host Frame: ctranslate2::layers::FlashMultiHeadAttention::operator()(ctranslate2::StorageView const&, ctranslate2::StorageView const&, ctranslate2::StorageView const*, ctranslate2::StorageView&, ctranslate2::StorageView*, ctranslate2::StorageView*, ctranslate2::StorageView*, ctranslate2::Padder const*, ctranslate2::Padder const*, bool, ctranslate2::StorageView*, long, ctranslate2::layers::DecodeWorkspace*) const [0x347c9a] in libctranslate2.so.4
=========         Host Frame: ctranslate2::layers::TransformerEncoderLayer::operator()(ctranslate2::StorageView const&, ctranslate2::StorageView const*, ctranslate2::StorageView&, ctranslate2::Padder const*, ctranslate2::StorageView*) const [0x355978] in libctranslate2.so.4
=========         Host Frame: ctranslate2::layers::WhisperEncoder::operator()(ctranslate2::StorageView const&, ctranslate2::StorageView&) [0x36c5b6] in libctranslate2.so.4
=========         Host Frame: ctranslate2::models::WhisperReplica::maybe_encode(ctranslate2::StorageView) [0x3ca619] in libctranslate2.so.4
=========         Host Frame: ctranslate2::models::WhisperReplica::generate(ctranslate2::StorageView, std::vector<std::vector<unsigned long, std::allocator<unsigned long> >, std::allocator<std::vector<unsigned long, std::allocator<unsigned long> > > > const&, ctranslate2::models::WhisperOptions const&) [0x3d2702] in libctranslate2.so.4
=========         Host Frame: ctranslate2::models::WhisperReplica::generate(ctranslate2::StorageView, std::vector<std::vector<std::__cxx11::basic_string<char, std::char_traits<char>, std::allocator<char> >, std::allocator<std::__cxx11::basic_string<char, std::char_traits<char>, std::allocator<char> > > >, std::allocator<std::vector<std::__cxx11::basic_string<char, std::char_traits<char>, std::allocator<char> >, std::allocator<std::__cxx11::basic_string<char, std::char_traits<char>, std::allocator<char> > > > > > const&, ctranslate2::models::WhisperOptions const&) [0x3d4709] in libctranslate2.so.4
=========         Host Frame: ctranslate2::ReplicaPool<ctranslate2::models::WhisperReplica>::BatchJob<ctranslate2::models::WhisperGenerationResult, ctranslate2::ReplicaPool<ctranslate2::models::WhisperReplica>::post_batch<ctranslate2::models::WhisperGenerationResult, ctranslate2::models::Whisper::generate(ctranslate2::StorageView const&, std::vector<std::vector<std::__cxx11::basic_string<char, std::char_traits<char>, std::allocator<char> >, std::allocator<std::__cxx11::basic_string<char, std::char_traits<char>, std::allocator<char> > > >, std::allocator<std::vector<std::__cxx11::basic_string<char, std::char_traits<char>, std::allocator<char> >, std::allocator<std::__cxx11::basic_string<char, std::char_traits<char>, std::allocator<char> > > > > >, ctranslate2::models::WhisperOptions)::{lambda(ctranslate2::models::WhisperReplica&)#1}>(ctranslate2::models::Whisper::generate(ctranslate2::StorageView const&, std::vector<std::vector<std::__cxx11::basic_string<char, std::char_traits<char>, std::allocator<char> >, std::allocator<std::__cxx11::basic_string<char, std::char_traits<char>, std::allocator<char> > > >, std::allocator<std::vector<std::__cxx11::basic_string<char, std::char_traits<char>, std::allocator<char> >, std::allocator<std::__cxx11::basic_string<char, std::char_traits<char>, std::allocator<char> > > > > >, ctranslate2::models::WhisperOptions)::{lambda(ctranslate2::models::WhisperReplica&)#1}, std::vector<std::promise<ctranslate2::models::WhisperGenerationResult>, std::allocator<ctranslate2::models::WhisperGenerationResult> >)::{lambda()#1}>::run() [0x3d4832] in libctranslate2.so.4
=========         Host Frame: ctranslate2::Worker::run(ctranslate2::JobQueue&) [0x427512] in libctranslate2.so.4
=========         Host Frame:  [0xdc252] in libstdc++.so.6
=========         Host Frame:  [0x94a82] in libc.so.6
=========         Host Frame:  [0x1268df] in libc.so.6
========= 
========= Uninitialized __global__ memory read of size 16 bytes
=========     at void flash_fwd_kernel<Flash_fwd_kernel_traits<(int)64, (int)128, (int)128, (int)4, (bool)0, (bool)0, cutlass::half_t, Flash_kernel_traits<(int)64, (int)128, (int)128, (int)4, cutlass::half_t>>, (bool)0, (bool)0, (bool)0, (bool)0, (bool)1, (bool)0>(Flash_fwd_params)+0xa10
=========     by thread (21,0,0) in block (0,0,0)
=========     Address 0xe28953a50
=========     Saved host backtrace up to driver entry point at kernel launch time
=========         Host Frame: cudaLaunchKernel [0x800837] in libctranslate2.so.4
=========         Host Frame: run_flash_fwd<Flash_fwd_kernel_traits<64, 128, 128, 4, false, false, cutlass::half_t, Flash_kernel_traits<64, 128, 128, 4, cutlass::half_t> >, false>(Flash_fwd_params&, CUstream_st*)::{lambda()#1}::operator()() const::{lambda()#2}::operator()() const::{lambda()#1}::operator()() const::{lambda()#1}::operator()() const::{lambda()#1}::operator()() const::{lambda()#2}::operator()() const::{lambda()#1}::operator()() const::{lambda()#2}::operator()() const::{lambda()#1}::operator()() const::{lambda()#2}::operator()() const [0x4b40c6] in libctranslate2.so.4
=========         Host Frame: void run_flash_fwd<Flash_fwd_kernel_traits<64, 128, 128, 4, false, false, cutlass::half_t, Flash_kernel_traits<64, 128, 128, 4, cutlass::half_t> >, false>(Flash_fwd_params&, CUstream_st*) [0x4b64db] in libctranslate2.so.4
=========         Host Frame: void ctranslate2::ops::FlashAttention::compute<(ctranslate2::Device)1>(ctranslate2::StorageView&, ctranslate2::StorageView&, ctranslate2::StorageView&, ctranslate2::StorageView&, ctranslate2::StorageView*, ctranslate2::StorageView*, ctranslate2::StorageView*, bool, ctranslate2::StorageView*, ctranslate2::StorageView*, bool, ctranslate2::StorageView*, long) const [0x764940] in libctranslate2.so.4
=========         Host Frame: ctranslate2::layers::FlashMultiHeadAttention::operator()(ctranslate2::StorageView const&, ctranslate2::StorageView const&, ctranslate2::StorageView const*, ctranslate2::StorageView&, ctranslate2::StorageView*, ctranslate2::StorageView*, ctranslate2::StorageView*, ctranslate2::Padder const*, ctranslate2::Padder const*, bool, ctranslate2::StorageView*, long, ctranslate2::layers::DecodeWorkspace*) const [0x347c9a] in libctranslate2.so.4
=========         Host Frame: ctranslate2::layers::TransformerEncoderLayer::operator()(ctranslate2::StorageView const&, ctranslate2::StorageView const*, ctranslate2::StorageView&, ctranslate2::Padder const*, ctranslate2::StorageView*) const [0x355978] in libctranslate2.so.4
=========         Host Frame: ctranslate2::layers::WhisperEncoder::operator()(ctranslate2::StorageView const&, ctranslate2::StorageView&) [0x36c5b6] in libctranslate2.so.4
=========         Host Frame: ctranslate2::models::WhisperReplica::maybe_encode(ctranslate2::StorageView) [0x3ca619] in libctranslate2.so.4
=========         Host Frame: ctranslate2::models::WhisperReplica::generate(ctranslate2::StorageView, std::vector<std::vector<unsigned long, std::allocator<unsigned long> >, std::allocator<std::vector<unsigned long, std::allocator<unsigned long> > > > const&, ctranslate2::models::WhisperOptions const&) [0x3d2702] in libctranslate2.so.4
=========         Host Frame: ctranslate2::models::WhisperReplica::generate(ctranslate2::StorageView, std::vector<std::vector<std::__cxx11::basic_string<char, std::char_traits<char>, std::allocator<char> >, std::allocator<std::__cxx11::basic_string<char, std::char_traits<char>, std::allocator<char> > > >, std::allocator<std::vector<std::__cxx11::basic_string<char, std::char_traits<char>, std::allocator<char> >, std::allocator<std::__cxx11::basic_string<char, std::char_traits<char>, std::allocator<char> > > > > > const&, ctranslate2::models::WhisperOptions const&) [0x3d4709] in libctranslate2.so.4
=========         Host Frame: ctranslate2::ReplicaPool<ctranslate2::models::WhisperReplica>::BatchJob<ctranslate2::models::WhisperGenerationResult, ctranslate2::ReplicaPool<ctranslate2::models::WhisperReplica>::post_batch<ctranslate2::models::WhisperGenerationResult, ctranslate2::models::Whisper::generate(ctranslate2::StorageView const&, std::vector<std::vector<std::__cxx11::basic_string<char, std::char_traits<char>, std::allocator<char> >, std::allocator<std::__cxx11::basic_string<char, std::char_traits<char>, std::allocator<char> > > >, std::allocator<std::vector<std::__cxx11::basic_string<char, std::char_traits<char>, std::allocator<char> >, std::allocator<std::__cxx11::basic_string<char, std::char_traits<char>, std::allocator<char> > > > > >, ctranslate2::models::WhisperOptions)::{lambda(ctranslate2::models::WhisperReplica&)#1}>(ctranslate2::models::Whisper::generate(ctranslate2::StorageView const&, std::vector<std::vector<std::__cxx11::basic_string<char, std::char_traits<char>, std::allocator<char> >, std::allocator<std::__cxx11::basic_string<char, std::char_traits<char>, std::allocator<char> > > >, std::allocator<std::vector<std::__cxx11::basic_string<char, std::char_traits<char>, std::allocator<char> >, std::allocator<std::__cxx11::basic_string<char, std::char_traits<char>, std::allocator<char> > > > > >, ctranslate2::models::WhisperOptions)::{lambda(ctranslate2::models::WhisperReplica&)#1}, std::vector<std::promise<ctranslate2::models::WhisperGenerationResult>, std::allocator<ctranslate2::models::WhisperGenerationResult> >)::{lambda()#1}>::run() [0x3d4832] in libctranslate2.so.4
=========         Host Frame: ctranslate2::Worker::run(ctranslate2::JobQueue&) [0x427512] in libctranslate2.so.4
=========         Host Frame:  [0xdc252] in libstdc++.so.6
=========         Host Frame:  [0x94a82] in libc.so.6
=========         Host Frame:  [0x1268df] in libc.so.6
========= 
========= Uninitialized __global__ memory read of size 16 bytes
=========     at void flash_fwd_kernel<Flash_fwd_kernel_traits<(int)64, (int)128, (int)128, (int)4, (bool)0, (bool)0, cutlass::half_t, Flash_kernel_traits<(int)64, (int)128, (int)128, (int)4, cutlass::half_t>>, (bool)0, (bool)0, (bool)0, (bool)0, (bool)1, (bool)0>(Flash_fwd_params)+0xa10
=========     by thread (22,0,0) in block (0,0,0)
=========     Address 0xe28953a60
=========     Saved host backtrace up to driver entry point at kernel launch time
=========         Host Frame: cudaLaunchKernel [0x800837] in libctranslate2.so.4
=========         Host Frame: run_flash_fwd<Flash_fwd_kernel_traits<64, 128, 128, 4, false, false, cutlass::half_t, Flash_kernel_traits<64, 128, 128, 4, cutlass::half_t> >, false>(Flash_fwd_params&, CUstream_st*)::{lambda()#1}::operator()() const::{lambda()#2}::operator()() const::{lambda()#1}::operator()() const::{lambda()#1}::operator()() const::{lambda()#1}::operator()() const::{lambda()#2}::operator()() const::{lambda()#1}::operator()() const::{lambda()#2}::operator()() const::{lambda()#1}::operator()() const::{lambda()#2}::operator()() const [0x4b40c6] in libctranslate2.so.4
=========         Host Frame: void run_flash_fwd<Flash_fwd_kernel_traits<64, 128, 128, 4, false, false, cutlass::half_t, Flash_kernel_traits<64, 128, 128, 4, cutlass::half_t> >, false>(Flash_fwd_params&, CUstream_st*) [0x4b64db] in libctranslate2.so.4
=========         Host Frame: void ctranslate2::ops::FlashAttention::compute<(ctranslate2::Device)1>(ctranslate2::StorageView&, ctranslate2::StorageView&, ctranslate2::StorageView&, ctranslate2::StorageView&, ctranslate2::StorageView*, ctranslate2::StorageView*, ctranslate2::StorageView*, bool, ctranslate2::StorageView*, ctranslate2::StorageView*, bool, ctranslate2::StorageView*, long) const [0x764940] in libctranslate2.so.4
=========         Host Frame: ctranslate2::layers::FlashMultiHeadAttention::operator()(ctranslate2::StorageView const&, ctranslate2::StorageView const&, ctranslate2::StorageView const*, ctranslate2::StorageView&, ctranslate2::StorageView*, ctranslate2::StorageView*, ctranslate2::StorageView*, ctranslate2::Padder const*, ctranslate2::Padder const*, bool, ctranslate2::StorageView*, long, ctranslate2::layers::DecodeWorkspace*) const [0x347c9a] in libctranslate2.so.4
=========         Host Frame: ctranslate2::layers::TransformerEncoderLayer::operator()(ctranslate2::StorageView const&, ctranslate2::StorageView const*, ctranslate2::StorageView&, ctranslate2::Padder const*, ctranslate2::StorageView*) const [0x355978] in libctranslate2.so.4
=========         Host Frame: ctranslate2::layers::WhisperEncoder::operator()(ctranslate2::StorageView const&, ctranslate2::StorageView&) [0x36c5b6] in libctranslate2.so.4
=========         Host Frame: ctranslate2::models::WhisperReplica::maybe_encode(ctranslate2::StorageView) [0x3ca619] in libctranslate2.so.4
=========         Host Frame: ctranslate2::models::WhisperReplica::generate(ctranslate2::StorageView, std::vector<std::vector<unsigned long, std::allocator<unsigned long> >, std::allocator<std::vector<unsigned long, std::allocator<unsigned long> > > > const&, ctranslate2::models::WhisperOptions const&) [0x3d2702] in libctranslate2.so.4
=========         Host Frame: ctranslate2::models::WhisperReplica::generate(ctranslate2::StorageView, std::vector<std::vector<std::__cxx11::basic_string<char, std::char_traits<char>, std::allocator<char> >, std::allocator<std::__cxx11::basic_string<char, std::char_traits<char>, std::allocator<char> > > >, std::allocator<std::vector<std::__cxx11::basic_string<char, std::char_traits<char>, std::allocator<char> >, std::allocator<std::__cxx11::basic_string<char, std::char_traits<char>, std::allocator<char> > > > > > const&, ctranslate2::models::WhisperOptions const&) [0x3d4709] in libctranslate2.so.4
=========         Host Frame: ctranslate2::ReplicaPool<ctranslate2::models::WhisperReplica>::BatchJob<ctranslate2::models::WhisperGenerationResult, ctranslate2::ReplicaPool<ctranslate2::models::WhisperReplica>::post_batch<ctranslate2::models::WhisperGenerationResult, ctranslate2::models::Whisper::generate(ctranslate2::StorageView const&, std::vector<std::vector<std::__cxx11::basic_string<char, std::char_traits<char>, std::allocator<char> >, std::allocator<std::__cxx11::basic_string<char, std::char_traits<char>, std::allocator<char> > > >, std::allocator<std::vector<std::__cxx11::basic_string<char, std::char_traits<char>, std::allocator<char> >, std::allocator<std::__cxx11::basic_string<char, std::char_traits<char>, std::allocator<char> > > > > >, ctranslate2::models::WhisperOptions)::{lambda(ctranslate2::models::WhisperReplica&)#1}>(ctranslate2::models::Whisper::generate(ctranslate2::StorageView const&, std::vector<std::vector<std::__cxx11::basic_string<char, std::char_traits<char>, std::allocator<char> >, std::allocator<std::__cxx11::basic_string<char, std::char_traits<char>, std::allocator<char> > > >, std::allocator<std::vector<std::__cxx11::basic_string<char, std::char_traits<char>, std::allocator<char> >, std::allocator<std::__cxx11::basic_string<char, std::char_traits<char>, std::allocator<char> > > > > >, ctranslate2::models::WhisperOptions)::{lambda(ctranslate2::models::WhisperReplica&)#1}, std::vector<std::promise<ctranslate2::models::WhisperGenerationResult>, std::allocator<ctranslate2::models::WhisperGenerationResult> >)::{lambda()#1}>::run() [0x3d4832] in libctranslate2.so.4
=========         Host Frame: ctranslate2::Worker::run(ctranslate2::JobQueue&) [0x427512] in libctranslate2.so.4
=========         Host Frame:  [0xdc252] in libstdc++.so.6
=========         Host Frame:  [0x94a82] in libc.so.6
=========         Host Frame:  [0x1268df] in libc.so.6
========= 
========= Uninitialized __global__ memory read of size 16 bytes
=========     at void flash_fwd_kernel<Flash_fwd_kernel_traits<(int)64, (int)128, (int)128, (int)4, (bool)0, (bool)0, cutlass::half_t, Flash_kernel_traits<(int)64, (int)128, (int)128, (int)4, cutlass::half_t>>, (bool)0, (bool)0, (bool)0, (bool)0, (bool)1, (bool)0>(Flash_fwd_params)+0xa10
=========     by thread (23,0,0) in block (0,0,0)
=========     Address 0xe28953a70
=========     Saved host backtrace up to driver entry point at kernel launch time
=========         Host Frame: cudaLaunchKernel [0x800837] in libctranslate2.so.4
=========         Host Frame: run_flash_fwd<Flash_fwd_kernel_traits<64, 128, 128, 4, false, false, cutlass::half_t, Flash_kernel_traits<64, 128, 128, 4, cutlass::half_t> >, false>(Flash_fwd_params&, CUstream_st*)::{lambda()#1}::operator()() const::{lambda()#2}::operator()() const::{lambda()#1}::operator()() const::{lambda()#1}::operator()() const::{lambda()#1}::operator()() const::{lambda()#2}::operator()() const::{lambda()#1}::operator()() const::{lambda()#2}::operator()() const::{lambda()#1}::operator()() const::{lambda()#2}::operator()() const [0x4b40c6] in libctranslate2.so.4
=========         Host Frame: void run_flash_fwd<Flash_fwd_kernel_traits<64, 128, 128, 4, false, false, cutlass::half_t, Flash_kernel_traits<64, 128, 128, 4, cutlass::half_t> >, false>(Flash_fwd_params&, CUstream_st*) [0x4b64db] in libctranslate2.so.4
=========         Host Frame: void ctranslate2::ops::FlashAttention::compute<(ctranslate2::Device)1>(ctranslate2::StorageView&, ctranslate2::StorageView&, ctranslate2::StorageView&, ctranslate2::StorageView&, ctranslate2::StorageView*, ctranslate2::StorageView*, ctranslate2::StorageView*, bool, ctranslate2::StorageView*, ctranslate2::StorageView*, bool, ctranslate2::StorageView*, long) const [0x764940] in libctranslate2.so.4
=========         Host Frame: ctranslate2::layers::FlashMultiHeadAttention::operator()(ctranslate2::StorageView const&, ctranslate2::StorageView const&, ctranslate2::StorageView const*, ctranslate2::StorageView&, ctranslate2::StorageView*, ctranslate2::StorageView*, ctranslate2::StorageView*, ctranslate2::Padder const*, ctranslate2::Padder const*, bool, ctranslate2::StorageView*, long, ctranslate2::layers::DecodeWorkspace*) const [0x347c9a] in libctranslate2.so.4
=========         Host Frame: ctranslate2::layers::TransformerEncoderLayer::operator()(ctranslate2::StorageView const&, ctranslate2::StorageView const*, ctranslate2::StorageView&, ctranslate2::Padder const*, ctranslate2::StorageView*) const [0x355978] in libctranslate2.so.4
=========         Host Frame: ctranslate2::layers::WhisperEncoder::operator()(ctranslate2::StorageView const&, ctranslate2::StorageView&) [0x36c5b6] in libctranslate2.so.4
=========         Host Frame: ctranslate2::models::WhisperReplica::maybe_encode(ctranslate2::StorageView) [0x3ca619] in libctranslate2.so.4
=========         Host Frame: ctranslate2::models::WhisperReplica::generate(ctranslate2::StorageView, std::vector<std::vector<unsigned long, std::allocator<unsigned long> >, std::allocator<std::vector<unsigned long, std::allocator<unsigned long> > > > const&, ctranslate2::models::WhisperOptions const&) [0x3d2702] in libctranslate2.so.4
=========         Host Frame: ctranslate2::models::WhisperReplica::generate(ctranslate2::StorageView, std::vector<std::vector<std::__cxx11::basic_string<char, std::char_traits<char>, std::allocator<char> >, std::allocator<std::__cxx11::basic_string<char, std::char_traits<char>, std::allocator<char> > > >, std::allocator<std::vector<std::__cxx11::basic_string<char, std::char_traits<char>, std::allocator<char> >, std::allocator<std::__cxx11::basic_string<char, std::char_traits<char>, std::allocator<char> > > > > > const&, ctranslate2::models::WhisperOptions const&) [0x3d4709] in libctranslate2.so.4
=========         Host Frame: ctranslate2::ReplicaPool<ctranslate2::models::WhisperReplica>::BatchJob<ctranslate2::models::WhisperGenerationResult, ctranslate2::ReplicaPool<ctranslate2::models::WhisperReplica>::post_batch<ctranslate2::models::WhisperGenerationResult, ctranslate2::models::Whisper::generate(ctranslate2::StorageView const&, std::vector<std::vector<std::__cxx11::basic_string<char, std::char_traits<char>, std::allocator<char> >, std::allocator<std::__cxx11::basic_string<char, std::char_traits<char>, std::allocator<char> > > >, std::allocator<std::vector<std::__cxx11::basic_string<char, std::char_traits<char>, std::allocator<char> >, std::allocator<std::__cxx11::basic_string<char, std::char_traits<char>, std::allocator<char> > > > > >, ctranslate2::models::WhisperOptions)::{lambda(ctranslate2::models::WhisperReplica&)#1}>(ctranslate2::models::Whisper::generate(ctranslate2::StorageView const&, std::vector<std::vector<std::__cxx11::basic_string<char, std::char_traits<char>, std::allocator<char> >, std::allocator<std::__cxx11::basic_string<char, std::char_traits<char>, std::allocator<char> > > >, std::allocator<std::vector<std::__cxx11::basic_string<char, std::char_traits<char>, std::allocator<char> >, std::allocator<std::__cxx11::basic_string<char, std::char_traits<char>, std::allocator<char> > > > > >, ctranslate2::models::WhisperOptions)::{lambda(ctranslate2::models::WhisperReplica&)#1}, std::vector<std::promise<ctranslate2::models::WhisperGenerationResult>, std::allocator<ctranslate2::models::WhisperGenerationResult> >)::{lambda()#1}>::run() [0x3d4832] in libctranslate2.so.4
=========         Host Frame: ctranslate2::Worker::run(ctranslate2::JobQueue&) [0x427512] in libctranslate2.so.4
=========         Host Frame:  [0xdc252] in libstdc++.so.6
=========         Host Frame:  [0x94a82] in libc.so.6
=========         Host Frame:  [0x1268df] in libc.so.6
========= 
========= Uninitialized __global__ memory read of size 16 bytes
=========     at void flash_fwd_kernel<Flash_fwd_kernel_traits<(int)64, (int)128, (int)128, (int)4, (bool)0, (bool)0, cutlass::half_t, Flash_kernel_traits<(int)64, (int)128, (int)128, (int)4, cutlass::half_t>>, (bool)0, (bool)0, (bool)0, (bool)0, (bool)1, (bool)0>(Flash_fwd_params)+0xa10
=========     by thread (24,0,0) in block (0,0,0)
=========     Address 0xe28954000
=========     Saved host backtrace up to driver entry point at kernel launch time
=========         Host Frame: cudaLaunchKernel [0x800837] in libctranslate2.so.4
=========         Host Frame: run_flash_fwd<Flash_fwd_kernel_traits<64, 128, 128, 4, false, false, cutlass::half_t, Flash_kernel_traits<64, 128, 128, 4, cutlass::half_t> >, false>(Flash_fwd_params&, CUstream_st*)::{lambda()#1}::operator()() const::{lambda()#2}::operator()() const::{lambda()#1}::operator()() const::{lambda()#1}::operator()() const::{lambda()#1}::operator()() const::{lambda()#2}::operator()() const::{lambda()#1}::operator()() const::{lambda()#2}::operator()() const::{lambda()#1}::operator()() const::{lambda()#2}::operator()() const [0x4b40c6] in libctranslate2.so.4
=========         Host Frame: void run_flash_fwd<Flash_fwd_kernel_traits<64, 128, 128, 4, false, false, cutlass::half_t, Flash_kernel_traits<64, 128, 128, 4, cutlass::half_t> >, false>(Flash_fwd_params&, CUstream_st*) [0x4b64db] in libctranslate2.so.4
=========         Host Frame: void ctranslate2::ops::FlashAttention::compute<(ctranslate2::Device)1>(ctranslate2::StorageView&, ctranslate2::StorageView&, ctranslate2::StorageView&, ctranslate2::StorageView&, ctranslate2::StorageView*, ctranslate2::StorageView*, ctranslate2::StorageView*, bool, ctranslate2::StorageView*, ctranslate2::StorageView*, bool, ctranslate2::StorageView*, long) const [0x764940] in libctranslate2.so.4
=========         Host Frame: ctranslate2::layers::FlashMultiHeadAttention::operator()(ctranslate2::StorageView const&, ctranslate2::StorageView const&, ctranslate2::StorageView const*, ctranslate2::StorageView&, ctranslate2::StorageView*, ctranslate2::StorageView*, ctranslate2::StorageView*, ctranslate2::Padder const*, ctranslate2::Padder const*, bool, ctranslate2::StorageView*, long, ctranslate2::layers::DecodeWorkspace*) const [0x347c9a] in libctranslate2.so.4
=========         Host Frame: ctranslate2::layers::TransformerEncoderLayer::operator()(ctranslate2::StorageView const&, ctranslate2::StorageView const*, ctranslate2::StorageView&, ctranslate2::Padder const*, ctranslate2::StorageView*) const [0x355978] in libctranslate2.so.4
=========         Host Frame: ctranslate2::layers::WhisperEncoder::operator()(ctranslate2::StorageView const&, ctranslate2::StorageView&) [0x36c5b6] in libctranslate2.so.4
=========         Host Frame: ctranslate2::models::WhisperReplica::maybe_encode(ctranslate2::StorageView) [0x3ca619] in libctranslate2.so.4
=========         Host Frame: ctranslate2::models::WhisperReplica::generate(ctranslate2::StorageView, std::vector<std::vector<unsigned long, std::allocator<unsigned long> >, std::allocator<std::vector<unsigned long, std::allocator<unsigned long> > > > const&, ctranslate2::models::WhisperOptions const&) [0x3d2702] in libctranslate2.so.4
=========         Host Frame: ctranslate2::models::WhisperReplica::generate(ctranslate2::StorageView, std::vector<std::vector<std::__cxx11::basic_string<char, std::char_traits<char>, std::allocator<char> >, std::allocator<std::__cxx11::basic_string<char, std::char_traits<char>, std::allocator<char> > > >, std::allocator<std::vector<std::__cxx11::basic_string<char, std::char_traits<char>, std::allocator<char> >, std::allocator<std::__cxx11::basic_string<char, std::char_traits<char>, std::allocator<char> > > > > > const&, ctranslate2::models::WhisperOptions const&) [0x3d4709] in libctranslate2.so.4
=========         Host Frame: ctranslate2::ReplicaPool<ctranslate2::models::WhisperReplica>::BatchJob<ctranslate2::models::WhisperGenerationResult, ctranslate2::ReplicaPool<ctranslate2::models::WhisperReplica>::post_batch<ctranslate2::models::WhisperGenerationResult, ctranslate2::models::Whisper::generate(ctranslate2::StorageView const&, std::vector<std::vector<std::__cxx11::basic_string<char, std::char_traits<char>, std::allocator<char> >, std::allocator<std::__cxx11::basic_string<char, std::char_traits<char>, std::allocator<char> > > >, std::allocator<std::vector<std::__cxx11::basic_string<char, std::char_traits<char>, std::allocator<char> >, std::allocator<std::__cxx11::basic_string<char, std::char_traits<char>, std::allocator<char> > > > > >, ctranslate2::models::WhisperOptions)::{lambda(ctranslate2::models::WhisperReplica&)#1}>(ctranslate2::models::Whisper::generate(ctranslate2::StorageView const&, std::vector<std::vector<std::__cxx11::basic_string<char, std::char_traits<char>, std::allocator<char> >, std::allocator<std::__cxx11::basic_string<char, std::char_traits<char>, std::allocator<char> > > >, std::allocator<std::vector<std::__cxx11::basic_string<char, std::char_traits<char>, std::allocator<char> >, std::allocator<std::__cxx11::basic_string<char, std::char_traits<char>, std::allocator<char> > > > > >, ctranslate2::models::WhisperOptions)::{lambda(ctranslate2::models::WhisperReplica&)#1}, std::vector<std::promise<ctranslate2::models::WhisperGenerationResult>, std::allocator<ctranslate2::models::WhisperGenerationResult> >)::{lambda()#1}>::run() [0x3d4832] in libctranslate2.so.4
=========         Host Frame: ctranslate2::Worker::run(ctranslate2::JobQueue&) [0x427512] in libctranslate2.so.4
=========         Host Frame:  [0xdc252] in libstdc++.so.6
=========         Host Frame:  [0x94a82] in libc.so.6
=========         Host Frame:  [0x1268df] in libc.so.6
========= 
========= Uninitialized __global__ memory read of size 16 bytes
=========     at void flash_fwd_kernel<Flash_fwd_kernel_traits<(int)64, (int)128, (int)128, (int)4, (bool)0, (bool)0, cutlass::half_t, Flash_kernel_traits<(int)64, (int)128, (int)128, (int)4, cutlass::half_t>>, (bool)0, (bool)0, (bool)0, (bool)0, (bool)1, (bool)0>(Flash_fwd_params)+0xa10
=========     by thread (25,0,0) in block (0,0,0)
=========     Address 0xe28954010
=========     Saved host backtrace up to driver entry point at kernel launch time
=========         Host Frame: cudaLaunchKernel [0x800837] in libctranslate2.so.4
=========         Host Frame: run_flash_fwd<Flash_fwd_kernel_traits<64, 128, 128, 4, false, false, cutlass::half_t, Flash_kernel_traits<64, 128, 128, 4, cutlass::half_t> >, false>(Flash_fwd_params&, CUstream_st*)::{lambda()#1}::operator()() const::{lambda()#2}::operator()() const::{lambda()#1}::operator()() const::{lambda()#1}::operator()() const::{lambda()#1}::operator()() const::{lambda()#2}::operator()() const::{lambda()#1}::operator()() const::{lambda()#2}::operator()() const::{lambda()#1}::operator()() const::{lambda()#2}::operator()() const [0x4b40c6] in libctranslate2.so.4
=========         Host Frame: void run_flash_fwd<Flash_fwd_kernel_traits<64, 128, 128, 4, false, false, cutlass::half_t, Flash_kernel_traits<64, 128, 128, 4, cutlass::half_t> >, false>(Flash_fwd_params&, CUstream_st*) [0x4b64db] in libctranslate2.so.4
=========         Host Frame: void ctranslate2::ops::FlashAttention::compute<(ctranslate2::Device)1>(ctranslate2::StorageView&, ctranslate2::StorageView&, ctranslate2::StorageView&, ctranslate2::StorageView&, ctranslate2::StorageView*, ctranslate2::StorageView*, ctranslate2::StorageView*, bool, ctranslate2::StorageView*, ctranslate2::StorageView*, bool, ctranslate2::StorageView*, long) const [0x764940] in libctranslate2.so.4
=========         Host Frame: ctranslate2::layers::FlashMultiHeadAttention::operator()(ctranslate2::StorageView const&, ctranslate2::StorageView const&, ctranslate2::StorageView const*, ctranslate2::StorageView&, ctranslate2::StorageView*, ctranslate2::StorageView*, ctranslate2::StorageView*, ctranslate2::Padder const*, ctranslate2::Padder const*, bool, ctranslate2::StorageView*, long, ctranslate2::layers::DecodeWorkspace*) const [0x347c9a] in libctranslate2.so.4
=========         Host Frame: ctranslate2::layers::TransformerEncoderLayer::operator()(ctranslate2::StorageView const&, ctranslate2::StorageView const*, ctranslate2::StorageView&, ctranslate2::Padder const*, ctranslate2::StorageView*) const [0x355978] in libctranslate2.so.4
=========         Host Frame: ctranslate2::layers::WhisperEncoder::operator()(ctranslate2::StorageView const&, ctranslate2::StorageView&) [0x36c5b6] in libctranslate2.so.4
=========         Host Frame: ctranslate2::models::WhisperReplica::maybe_encode(ctranslate2::StorageView) [0x3ca619] in libctranslate2.so.4
=========         Host Frame: ctranslate2::models::WhisperReplica::generate(ctranslate2::StorageView, std::vector<std::vector<unsigned long, std::allocator<unsigned long> >, std::allocator<std::vector<unsigned long, std::allocator<unsigned long> > > > const&, ctranslate2::models::WhisperOptions const&) [0x3d2702] in libctranslate2.so.4
=========         Host Frame: ctranslate2::models::WhisperReplica::generate(ctranslate2::StorageView, std::vector<std::vector<std::__cxx11::basic_string<char, std::char_traits<char>, std::allocator<char> >, std::allocator<std::__cxx11::basic_string<char, std::char_traits<char>, std::allocator<char> > > >, std::allocator<std::vector<std::__cxx11::basic_string<char, std::char_traits<char>, std::allocator<char> >, std::allocator<std::__cxx11::basic_string<char, std::char_traits<char>, std::allocator<char> > > > > > const&, ctranslate2::models::WhisperOptions const&) [0x3d4709] in libctranslate2.so.4
=========         Host Frame: ctranslate2::ReplicaPool<ctranslate2::models::WhisperReplica>::BatchJob<ctranslate2::models::WhisperGenerationResult, ctranslate2::ReplicaPool<ctranslate2::models::WhisperReplica>::post_batch<ctranslate2::models::WhisperGenerationResult, ctranslate2::models::Whisper::generate(ctranslate2::StorageView const&, std::vector<std::vector<std::__cxx11::basic_string<char, std::char_traits<char>, std::allocator<char> >, std::allocator<std::__cxx11::basic_string<char, std::char_traits<char>, std::allocator<char> > > >, std::allocator<std::vector<std::__cxx11::basic_string<char, std::char_traits<char>, std::allocator<char> >, std::allocator<std::__cxx11::basic_string<char, std::char_traits<char>, std::allocator<char> > > > > >, ctranslate2::models::WhisperOptions)::{lambda(ctranslate2::models::WhisperReplica&)#1}>(ctranslate2::models::Whisper::generate(ctranslate2::StorageView const&, std::vector<std::vector<std::__cxx11::basic_string<char, std::char_traits<char>, std::allocator<char> >, std::allocator<std::__cxx11::basic_string<char, std::char_traits<char>, std::allocator<char> > > >, std::allocator<std::vector<std::__cxx11::basic_string<char, std::char_traits<char>, std::allocator<char> >, std::allocator<std::__cxx11::basic_string<char, std::char_traits<char>, std::allocator<char> > > > > >, ctranslate2::models::WhisperOptions)::{lambda(ctranslate2::models::WhisperReplica&)#1}, std::vector<std::promise<ctranslate2::models::WhisperGenerationResult>, std::allocator<ctranslate2::models::WhisperGenerationResult> >)::{lambda()#1}>::run() [0x3d4832] in libctranslate2.so.4
=========         Host Frame: ctranslate2::Worker::run(ctranslate2::JobQueue&) [0x427512] in libctranslate2.so.4
=========         Host Frame:  [0xdc252] in libstdc++.so.6
=========         Host Frame:  [0x94a82] in libc.so.6
=========         Host Frame:  [0x1268df] in libc.so.6
========= 
========= Uninitialized __global__ memory read of size 16 bytes
=========     at void flash_fwd_kernel<Flash_fwd_kernel_traits<(int)64, (int)128, (int)128, (int)4, (bool)0, (bool)0, cutlass::half_t, Flash_kernel_traits<(int)64, (int)128, (int)128, (int)4, cutlass::half_t>>, (bool)0, (bool)0, (bool)0, (bool)0, (bool)1, (bool)0>(Flash_fwd_params)+0xa10
=========     by thread (26,0,0) in block (0,0,0)
=========     Address 0xe28954020
=========     Saved host backtrace up to driver entry point at kernel launch time
=========         Host Frame: cudaLaunchKernel [0x800837] in libctranslate2.so.4
=========         Host Frame: run_flash_fwd<Flash_fwd_kernel_traits<64, 128, 128, 4, false, false, cutlass::half_t, Flash_kernel_traits<64, 128, 128, 4, cutlass::half_t> >, false>(Flash_fwd_params&, CUstream_st*)::{lambda()#1}::operator()() const::{lambda()#2}::operator()() const::{lambda()#1}::operator()() const::{lambda()#1}::operator()() const::{lambda()#1}::operator()() const::{lambda()#2}::operator()() const::{lambda()#1}::operator()() const::{lambda()#2}::operator()() const::{lambda()#1}::operator()() const::{lambda()#2}::operator()() const [0x4b40c6] in libctranslate2.so.4
=========         Host Frame: void run_flash_fwd<Flash_fwd_kernel_traits<64, 128, 128, 4, false, false, cutlass::half_t, Flash_kernel_traits<64, 128, 128, 4, cutlass::half_t> >, false>(Flash_fwd_params&, CUstream_st*) [0x4b64db] in libctranslate2.so.4
=========         Host Frame: void ctranslate2::ops::FlashAttention::compute<(ctranslate2::Device)1>(ctranslate2::StorageView&, ctranslate2::StorageView&, ctranslate2::StorageView&, ctranslate2::StorageView&, ctranslate2::StorageView*, ctranslate2::StorageView*, ctranslate2::StorageView*, bool, ctranslate2::StorageView*, ctranslate2::StorageView*, bool, ctranslate2::StorageView*, long) const [0x764940] in libctranslate2.so.4
=========         Host Frame: ctranslate2::layers::FlashMultiHeadAttention::operator()(ctranslate2::StorageView const&, ctranslate2::StorageView const&, ctranslate2::StorageView const*, ctranslate2::StorageView&, ctranslate2::StorageView*, ctranslate2::StorageView*, ctranslate2::StorageView*, ctranslate2::Padder const*, ctranslate2::Padder const*, bool, ctranslate2::StorageView*, long, ctranslate2::layers::DecodeWorkspace*) const [0x347c9a] in libctranslate2.so.4
=========         Host Frame: ctranslate2::layers::TransformerEncoderLayer::operator()(ctranslate2::StorageView const&, ctranslate2::StorageView const*, ctranslate2::StorageView&, ctranslate2::Padder const*, ctranslate2::StorageView*) const [0x355978] in libctranslate2.so.4
=========         Host Frame: ctranslate2::layers::WhisperEncoder::operator()(ctranslate2::StorageView const&, ctranslate2::StorageView&) [0x36c5b6] in libctranslate2.so.4
=========         Host Frame: ctranslate2::models::WhisperReplica::maybe_encode(ctranslate2::StorageView) [0x3ca619] in libctranslate2.so.4
=========         Host Frame: ctranslate2::models::WhisperReplica::generate(ctranslate2::StorageView, std::vector<std::vector<unsigned long, std::allocator<unsigned long> >, std::allocator<std::vector<unsigned long, std::allocator<unsigned long> > > > const&, ctranslate2::models::WhisperOptions const&) [0x3d2702] in libctranslate2.so.4
=========         Host Frame: ctranslate2::models::WhisperReplica::generate(ctranslate2::StorageView, std::vector<std::vector<std::__cxx11::basic_string<char, std::char_traits<char>, std::allocator<char> >, std::allocator<std::__cxx11::basic_string<char, std::char_traits<char>, std::allocator<char> > > >, std::allocator<std::vector<std::__cxx11::basic_string<char, std::char_traits<char>, std::allocator<char> >, std::allocator<std::__cxx11::basic_string<char, std::char_traits<char>, std::allocator<char> > > > > > const&, ctranslate2::models::WhisperOptions const&) [0x3d4709] in libctranslate2.so.4
=========         Host Frame: ctranslate2::ReplicaPool<ctranslate2::models::WhisperReplica>::BatchJob<ctranslate2::models::WhisperGenerationResult, ctranslate2::ReplicaPool<ctranslate2::models::WhisperReplica>::post_batch<ctranslate2::models::WhisperGenerationResult, ctranslate2::models::Whisper::generate(ctranslate2::StorageView const&, std::vector<std::vector<std::__cxx11::basic_string<char, std::char_traits<char>, std::allocator<char> >, std::allocator<std::__cxx11::basic_string<char, std::char_traits<char>, std::allocator<char> > > >, std::allocator<std::vector<std::__cxx11::basic_string<char, std::char_traits<char>, std::allocator<char> >, std::allocator<std::__cxx11::basic_string<char, std::char_traits<char>, std::allocator<char> > > > > >, ctranslate2::models::WhisperOptions)::{lambda(ctranslate2::models::WhisperReplica&)#1}>(ctranslate2::models::Whisper::generate(ctranslate2::StorageView const&, std::vector<std::vector<std::__cxx11::basic_string<char, std::char_traits<char>, std::allocator<char> >, std::allocator<std::__cxx11::basic_string<char, std::char_traits<char>, std::allocator<char> > > >, std::allocator<std::vector<std::__cxx11::basic_string<char, std::char_traits<char>, std::allocator<char> >, std::allocator<std::__cxx11::basic_string<char, std::char_traits<char>, std::allocator<char> > > > > >, ctranslate2::models::WhisperOptions)::{lambda(ctranslate2::models::WhisperReplica&)#1}, std::vector<std::promise<ctranslate2::models::WhisperGenerationResult>, std::allocator<ctranslate2::models::WhisperGenerationResult> >)::{lambda()#1}>::run() [0x3d4832] in libctranslate2.so.4
=========         Host Frame: ctranslate2::Worker::run(ctranslate2::JobQueue&) [0x427512] in libctranslate2.so.4
=========         Host Frame:  [0xdc252] in libstdc++.so.6
=========         Host Frame:  [0x94a82] in libc.so.6
=========         Host Frame:  [0x1268df] in libc.so.6
========= 
========= Uninitialized __global__ memory read of size 16 bytes
=========     at void flash_fwd_kernel<Flash_fwd_kernel_traits<(int)64, (int)128, (int)128, (int)4, (bool)0, (bool)0, cutlass::half_t, Flash_kernel_traits<(int)64, (int)128, (int)128, (int)4, cutlass::half_t>>, (bool)0, (bool)0, (bool)0, (bool)0, (bool)1, (bool)0>(Flash_fwd_params)+0xa10
=========     by thread (27,0,0) in block (0,0,0)
=========     Address 0xe28954030
=========     Saved host backtrace up to driver entry point at kernel launch time
=========         Host Frame: cudaLaunchKernel [0x800837] in libctranslate2.so.4
=========         Host Frame: run_flash_fwd<Flash_fwd_kernel_traits<64, 128, 128, 4, false, false, cutlass::half_t, Flash_kernel_traits<64, 128, 128, 4, cutlass::half_t> >, false>(Flash_fwd_params&, CUstream_st*)::{lambda()#1}::operator()() const::{lambda()#2}::operator()() const::{lambda()#1}::operator()() const::{lambda()#1}::operator()() const::{lambda()#1}::operator()() const::{lambda()#2}::operator()() const::{lambda()#1}::operator()() const::{lambda()#2}::operator()() const::{lambda()#1}::operator()() const::{lambda()#2}::operator()() const [0x4b40c6] in libctranslate2.so.4
=========         Host Frame: void run_flash_fwd<Flash_fwd_kernel_traits<64, 128, 128, 4, false, false, cutlass::half_t, Flash_kernel_traits<64, 128, 128, 4, cutlass::half_t> >, false>(Flash_fwd_params&, CUstream_st*) [0x4b64db] in libctranslate2.so.4
=========         Host Frame: void ctranslate2::ops::FlashAttention::compute<(ctranslate2::Device)1>(ctranslate2::StorageView&, ctranslate2::StorageView&, ctranslate2::StorageView&, ctranslate2::StorageView&, ctranslate2::StorageView*, ctranslate2::StorageView*, ctranslate2::StorageView*, bool, ctranslate2::StorageView*, ctranslate2::StorageView*, bool, ctranslate2::StorageView*, long) const [0x764940] in libctranslate2.so.4
=========         Host Frame: ctranslate2::layers::FlashMultiHeadAttention::operator()(ctranslate2::StorageView const&, ctranslate2::StorageView const&, ctranslate2::StorageView const*, ctranslate2::StorageView&, ctranslate2::StorageView*, ctranslate2::StorageView*, ctranslate2::StorageView*, ctranslate2::Padder const*, ctranslate2::Padder const*, bool, ctranslate2::StorageView*, long, ctranslate2::layers::DecodeWorkspace*) const [0x347c9a] in libctranslate2.so.4
=========         Host Frame: ctranslate2::layers::TransformerEncoderLayer::operator()(ctranslate2::StorageView const&, ctranslate2::StorageView const*, ctranslate2::StorageView&, ctranslate2::Padder const*, ctranslate2::StorageView*) const [0x355978] in libctranslate2.so.4
=========         Host Frame: ctranslate2::layers::WhisperEncoder::operator()(ctranslate2::StorageView const&, ctranslate2::StorageView&) [0x36c5b6] in libctranslate2.so.4
=========         Host Frame: ctranslate2::models::WhisperReplica::maybe_encode(ctranslate2::StorageView) [0x3ca619] in libctranslate2.so.4
=========         Host Frame: ctranslate2::models::WhisperReplica::generate(ctranslate2::StorageView, std::vector<std::vector<unsigned long, std::allocator<unsigned long> >, std::allocator<std::vector<unsigned long, std::allocator<unsigned long> > > > const&, ctranslate2::models::WhisperOptions const&) [0x3d2702] in libctranslate2.so.4
=========         Host Frame: ctranslate2::models::WhisperReplica::generate(ctranslate2::StorageView, std::vector<std::vector<std::__cxx11::basic_string<char, std::char_traits<char>, std::allocator<char> >, std::allocator<std::__cxx11::basic_string<char, std::char_traits<char>, std::allocator<char> > > >, std::allocator<std::vector<std::__cxx11::basic_string<char, std::char_traits<char>, std::allocator<char> >, std::allocator<std::__cxx11::basic_string<char, std::char_traits<char>, std::allocator<char> > > > > > const&, ctranslate2::models::WhisperOptions const&) [0x3d4709] in libctranslate2.so.4
=========         Host Frame: ctranslate2::ReplicaPool<ctranslate2::models::WhisperReplica>::BatchJob<ctranslate2::models::WhisperGenerationResult, ctranslate2::ReplicaPool<ctranslate2::models::WhisperReplica>::post_batch<ctranslate2::models::WhisperGenerationResult, ctranslate2::models::Whisper::generate(ctranslate2::StorageView const&, std::vector<std::vector<std::__cxx11::basic_string<char, std::char_traits<char>, std::allocator<char> >, std::allocator<std::__cxx11::basic_string<char, std::char_traits<char>, std::allocator<char> > > >, std::allocator<std::vector<std::__cxx11::basic_string<char, std::char_traits<char>, std::allocator<char> >, std::allocator<std::__cxx11::basic_string<char, std::char_traits<char>, std::allocator<char> > > > > >, ctranslate2::models::WhisperOptions)::{lambda(ctranslate2::models::WhisperReplica&)#1}>(ctranslate2::models::Whisper::generate(ctranslate2::StorageView const&, std::vector<std::vector<std::__cxx11::basic_string<char, std::char_traits<char>, std::allocator<char> >, std::allocator<std::__cxx11::basic_string<char, std::char_traits<char>, std::allocator<char> > > >, std::allocator<std::vector<std::__cxx11::basic_string<char, std::char_traits<char>, std::allocator<char> >, std::allocator<std::__cxx11::basic_string<char, std::char_traits<char>, std::allocator<char> > > > > >, ctranslate2::models::WhisperOptions)::{lambda(ctranslate2::models::WhisperReplica&)#1}, std::vector<std::promise<ctranslate2::models::WhisperGenerationResult>, std::allocator<ctranslate2::models::WhisperGenerationResult> >)::{lambda()#1}>::run() [0x3d4832] in libctranslate2.so.4
=========         Host Frame: ctranslate2::Worker::run(ctranslate2::JobQueue&) [0x427512] in libctranslate2.so.4
=========         Host Frame:  [0xdc252] in libstdc++.so.6
=========         Host Frame:  [0x94a82] in libc.so.6
=========         Host Frame:  [0x1268df] in libc.so.6
========= 
========= Uninitialized __global__ memory read of size 16 bytes
=========     at void flash_fwd_kernel<Flash_fwd_kernel_traits<(int)64, (int)128, (int)128, (int)4, (bool)0, (bool)0, cutlass::half_t, Flash_kernel_traits<(int)64, (int)128, (int)128, (int)4, cutlass::half_t>>, (bool)0, (bool)0, (bool)0, (bool)0, (bool)1, (bool)0>(Flash_fwd_params)+0xa10
=========     by thread (28,0,0) in block (0,0,0)
=========     Address 0xe28954040
=========     Saved host backtrace up to driver entry point at kernel launch time
=========         Host Frame: cudaLaunchKernel [0x800837] in libctranslate2.so.4
=========         Host Frame: run_flash_fwd<Flash_fwd_kernel_traits<64, 128, 128, 4, false, false, cutlass::half_t, Flash_kernel_traits<64, 128, 128, 4, cutlass::half_t> >, false>(Flash_fwd_params&, CUstream_st*)::{lambda()#1}::operator()() const::{lambda()#2}::operator()() const::{lambda()#1}::operator()() const::{lambda()#1}::operator()() const::{lambda()#1}::operator()() const::{lambda()#2}::operator()() const::{lambda()#1}::operator()() const::{lambda()#2}::operator()() const::{lambda()#1}::operator()() const::{lambda()#2}::operator()() const [0x4b40c6] in libctranslate2.so.4
=========         Host Frame: void run_flash_fwd<Flash_fwd_kernel_traits<64, 128, 128, 4, false, false, cutlass::half_t, Flash_kernel_traits<64, 128, 128, 4, cutlass::half_t> >, false>(Flash_fwd_params&, CUstream_st*) [0x4b64db] in libctranslate2.so.4
=========         Host Frame: void ctranslate2::ops::FlashAttention::compute<(ctranslate2::Device)1>(ctranslate2::StorageView&, ctranslate2::StorageView&, ctranslate2::StorageView&, ctranslate2::StorageView&, ctranslate2::StorageView*, ctranslate2::StorageView*, ctranslate2::StorageView*, bool, ctranslate2::StorageView*, ctranslate2::StorageView*, bool, ctranslate2::StorageView*, long) const [0x764940] in libctranslate2.so.4
=========         Host Frame: ctranslate2::layers::FlashMultiHeadAttention::operator()(ctranslate2::StorageView const&, ctranslate2::StorageView const&, ctranslate2::StorageView const*, ctranslate2::StorageView&, ctranslate2::StorageView*, ctranslate2::StorageView*, ctranslate2::StorageView*, ctranslate2::Padder const*, ctranslate2::Padder const*, bool, ctranslate2::StorageView*, long, ctranslate2::layers::DecodeWorkspace*) const [0x347c9a] in libctranslate2.so.4
=========         Host Frame: ctranslate2::layers::TransformerEncoderLayer::operator()(ctranslate2::StorageView const&, ctranslate2::StorageView const*, ctranslate2::StorageView&, ctranslate2::Padder const*, ctranslate2::StorageView*) const [0x355978] in libctranslate2.so.4
=========         Host Frame: ctranslate2::layers::WhisperEncoder::operator()(ctranslate2::StorageView const&, ctranslate2::StorageView&) [0x36c5b6] in libctranslate2.so.4
=========         Host Frame: ctranslate2::models::WhisperReplica::maybe_encode(ctranslate2::StorageView) [0x3ca619] in libctranslate2.so.4
=========         Host Frame: ctranslate2::models::WhisperReplica::generate(ctranslate2::StorageView, std::vector<std::vector<unsigned long, std::allocator<unsigned long> >, std::allocator<std::vector<unsigned long, std::allocator<unsigned long> > > > const&, ctranslate2::models::WhisperOptions const&) [0x3d2702] in libctranslate2.so.4
=========         Host Frame: ctranslate2::models::WhisperReplica::generate(ctranslate2::StorageView, std::vector<std::vector<std::__cxx11::basic_string<char, std::char_traits<char>, std::allocator<char> >, std::allocator<std::__cxx11::basic_string<char, std::char_traits<char>, std::allocator<char> > > >, std::allocator<std::vector<std::__cxx11::basic_string<char, std::char_traits<char>, std::allocator<char> >, std::allocator<std::__cxx11::basic_string<char, std::char_traits<char>, std::allocator<char> > > > > > const&, ctranslate2::models::WhisperOptions const&) [0x3d4709] in libctranslate2.so.4
=========         Host Frame: ctranslate2::ReplicaPool<ctranslate2::models::WhisperReplica>::BatchJob<ctranslate2::models::WhisperGenerationResult, ctranslate2::ReplicaPool<ctranslate2::models::WhisperReplica>::post_batch<ctranslate2::models::WhisperGenerationResult, ctranslate2::models::Whisper::generate(ctranslate2::StorageView const&, std::vector<std::vector<std::__cxx11::basic_string<char, std::char_traits<char>, std::allocator<char> >, std::allocator<std::__cxx11::basic_string<char, std::char_traits<char>, std::allocator<char> > > >, std::allocator<std::vector<std::__cxx11::basic_string<char, std::char_traits<char>, std::allocator<char> >, std::allocator<std::__cxx11::basic_string<char, std::char_traits<char>, std::allocator<char> > > > > >, ctranslate2::models::WhisperOptions)::{lambda(ctranslate2::models::WhisperReplica&)#1}>(ctranslate2::models::Whisper::generate(ctranslate2::StorageView const&, std::vector<std::vector<std::__cxx11::basic_string<char, std::char_traits<char>, std::allocator<char> >, std::allocator<std::__cxx11::basic_string<char, std::char_traits<char>, std::allocator<char> > > >, std::allocator<std::vector<std::__cxx11::basic_string<char, std::char_traits<char>, std::allocator<char> >, std::allocator<std::__cxx11::basic_string<char, std::char_traits<char>, std::allocator<char> > > > > >, ctranslate2::models::WhisperOptions)::{lambda(ctranslate2::models::WhisperReplica&)#1}, std::vector<std::promise<ctranslate2::models::WhisperGenerationResult>, std::allocator<ctranslate2::models::WhisperGenerationResult> >)::{lambda()#1}>::run() [0x3d4832] in libctranslate2.so.4
=========         Host Frame: ctranslate2::Worker::run(ctranslate2::JobQueue&) [0x427512] in libctranslate2.so.4
=========         Host Frame:  [0xdc252] in libstdc++.so.6
=========         Host Frame:  [0x94a82] in libc.so.6
=========         Host Frame:  [0x1268df] in libc.so.6
========= 
========= Uninitialized __global__ memory read of size 16 bytes
=========     at void flash_fwd_kernel<Flash_fwd_kernel_traits<(int)64, (int)128, (int)128, (int)4, (bool)0, (bool)0, cutlass::half_t, Flash_kernel_traits<(int)64, (int)128, (int)128, (int)4, cutlass::half_t>>, (bool)0, (bool)0, (bool)0, (bool)0, (bool)1, (bool)0>(Flash_fwd_params)+0xa10
=========     by thread (29,0,0) in block (0,0,0)
=========     Address 0xe28954050
=========     Saved host backtrace up to driver entry point at kernel launch time
=========         Host Frame: cudaLaunchKernel [0x800837] in libctranslate2.so.4
=========         Host Frame: run_flash_fwd<Flash_fwd_kernel_traits<64, 128, 128, 4, false, false, cutlass::half_t, Flash_kernel_traits<64, 128, 128, 4, cutlass::half_t> >, false>(Flash_fwd_params&, CUstream_st*)::{lambda()#1}::operator()() const::{lambda()#2}::operator()() const::{lambda()#1}::operator()() const::{lambda()#1}::operator()() const::{lambda()#1}::operator()() const::{lambda()#2}::operator()() const::{lambda()#1}::operator()() const::{lambda()#2}::operator()() const::{lambda()#1}::operator()() const::{lambda()#2}::operator()() const [0x4b40c6] in libctranslate2.so.4
=========         Host Frame: void run_flash_fwd<Flash_fwd_kernel_traits<64, 128, 128, 4, false, false, cutlass::half_t, Flash_kernel_traits<64, 128, 128, 4, cutlass::half_t> >, false>(Flash_fwd_params&, CUstream_st*) [0x4b64db] in libctranslate2.so.4
=========         Host Frame: void ctranslate2::ops::FlashAttention::compute<(ctranslate2::Device)1>(ctranslate2::StorageView&, ctranslate2::StorageView&, ctranslate2::StorageView&, ctranslate2::StorageView&, ctranslate2::StorageView*, ctranslate2::StorageView*, ctranslate2::StorageView*, bool, ctranslate2::StorageView*, ctranslate2::StorageView*, bool, ctranslate2::StorageView*, long) const [0x764940] in libctranslate2.so.4
=========         Host Frame: ctranslate2::layers::FlashMultiHeadAttention::operator()(ctranslate2::StorageView const&, ctranslate2::StorageView const&, ctranslate2::StorageView const*, ctranslate2::StorageView&, ctranslate2::StorageView*, ctranslate2::StorageView*, ctranslate2::StorageView*, ctranslate2::Padder const*, ctranslate2::Padder const*, bool, ctranslate2::StorageView*, long, ctranslate2::layers::DecodeWorkspace*) const [0x347c9a] in libctranslate2.so.4
=========         Host Frame: ctranslate2::layers::TransformerEncoderLayer::operator()(ctranslate2::StorageView const&, ctranslate2::StorageView const*, ctranslate2::StorageView&, ctranslate2::Padder const*, ctranslate2::StorageView*) const [0x355978] in libctranslate2.so.4
=========         Host Frame: ctranslate2::layers::WhisperEncoder::operator()(ctranslate2::StorageView const&, ctranslate2::StorageView&) [0x36c5b6] in libctranslate2.so.4
=========         Host Frame: ctranslate2::models::WhisperReplica::maybe_encode(ctranslate2::StorageView) [0x3ca619] in libctranslate2.so.4
=========         Host Frame: ctranslate2::models::WhisperReplica::generate(ctranslate2::StorageView, std::vector<std::vector<unsigned long, std::allocator<unsigned long> >, std::allocator<std::vector<unsigned long, std::allocator<unsigned long> > > > const&, ctranslate2::models::WhisperOptions const&) [0x3d2702] in libctranslate2.so.4
=========         Host Frame: ctranslate2::models::WhisperReplica::generate(ctranslate2::StorageView, std::vector<std::vector<std::__cxx11::basic_string<char, std::char_traits<char>, std::allocator<char> >, std::allocator<std::__cxx11::basic_string<char, std::char_traits<char>, std::allocator<char> > > >, std::allocator<std::vector<std::__cxx11::basic_string<char, std::char_traits<char>, std::allocator<char> >, std::allocator<std::__cxx11::basic_string<char, std::char_traits<char>, std::allocator<char> > > > > > const&, ctranslate2::models::WhisperOptions const&) [0x3d4709] in libctranslate2.so.4
=========         Host Frame: ctranslate2::ReplicaPool<ctranslate2::models::WhisperReplica>::BatchJob<ctranslate2::models::WhisperGenerationResult, ctranslate2::ReplicaPool<ctranslate2::models::WhisperReplica>::post_batch<ctranslate2::models::WhisperGenerationResult, ctranslate2::models::Whisper::generate(ctranslate2::StorageView const&, std::vector<std::vector<std::__cxx11::basic_string<char, std::char_traits<char>, std::allocator<char> >, std::allocator<std::__cxx11::basic_string<char, std::char_traits<char>, std::allocator<char> > > >, std::allocator<std::vector<std::__cxx11::basic_string<char, std::char_traits<char>, std::allocator<char> >, std::allocator<std::__cxx11::basic_string<char, std::char_traits<char>, std::allocator<char> > > > > >, ctranslate2::models::WhisperOptions)::{lambda(ctranslate2::models::WhisperReplica&)#1}>(ctranslate2::models::Whisper::generate(ctranslate2::StorageView const&, std::vector<std::vector<std::__cxx11::basic_string<char, std::char_traits<char>, std::allocator<char> >, std::allocator<std::__cxx11::basic_string<char, std::char_traits<char>, std::allocator<char> > > >, std::allocator<std::vector<std::__cxx11::basic_string<char, std::char_traits<char>, std::allocator<char> >, std::allocator<std::__cxx11::basic_string<char, std::char_traits<char>, std::allocator<char> > > > > >, ctranslate2::models::WhisperOptions)::{lambda(ctranslate2::models::WhisperReplica&)#1}, std::vector<std::promise<ctranslate2::models::WhisperGenerationResult>, std::allocator<ctranslate2::models::WhisperGenerationResult> >)::{lambda()#1}>::run() [0x3d4832] in libctranslate2.so.4
=========         Host Frame: ctranslate2::Worker::run(ctranslate2::JobQueue&) [0x427512] in libctranslate2.so.4
=========         Host Frame:  [0xdc252] in libstdc++.so.6
=========         Host Frame:  [0x94a82] in libc.so.6
=========         Host Frame:  [0x1268df] in libc.so.6
========= 
rc=124
