PKG /home/ubuntu/w/r6/python/ctranslate2/__init__.py /home/ubuntu/w/r6s2/install/lib/libctranslate2.so.4.8.2
========= COMPUTE-SANITIZER
========= Uninitialized __global__ memory read of size 2 bytes
=========     at void cub::CUB_200700_860_NS::detail::for_each::static_kernel<cub::CUB_200700_860_NS::detail::for_each::policy_hub_t::policy_350_t, long, thrust::THRUST_200700_860_NS::cuda_cub::__transform::unary_transform_f<const __half *, __half *, thrust::THRUST_200700_860_NS::cuda_cub::__transform::no_stencil_tag, ctranslate2::cuda::gelu_func<__half>, thrust::THRUST_200700_860_NS::cuda_cub::__transform::always_true_predicate>>(T2, T3)+0x680
=========     by thread (64,0,0) in block (0,0,0)
=========     Address 0xe26d95680
=========     Saved host backtrace up to driver entry point at kernel launch time
=========         Host Frame: cudaLaunchKernel [0x800867] in libctranslate2.so.4
=========         Host Frame: void ctranslate2::primitives<(ctranslate2::Device)1>::gelu<half_float::half>(half_float::half const*, half_float::half*, long) [0x706f31] in libctranslate2.so.4
=========         Host Frame: void ctranslate2::ops::Conv1D::compute<(ctranslate2::Device)1, half_float::half>(ctranslate2::StorageView const&, ctranslate2::StorageView const&, ctranslate2::StorageView const*, ctranslate2::StorageView&, ctranslate2::StorageView const*) const [0x78e9bf] in libctranslate2.so.4
=========         Host Frame: ctranslate2::layers::WhisperEncoder::operator()(ctranslate2::StorageView const&, ctranslate2::StorageView&) [0x36c58b] in libctranslate2.so.4
=========         Host Frame: ctranslate2::models::WhisperReplica::maybe_encode(ctranslate2::StorageView) [0x3ca649] in libctranslate2.so.4
=========         Host Frame: ctranslate2::models::WhisperReplica::generate(ctranslate2::StorageView, std::vector<std::vector<unsigned long, std::allocator<unsigned long> >, std::allocator<std::vector<unsigned long, std::allocator<unsigned long> > > > const&, ctranslate2::models::WhisperOptions const&) [0x3d2732] in libctranslate2.so.4
=========         Host Frame: ctranslate2::models::WhisperReplica::generate(ctranslate2::StorageView, std::vector<std::vector<std::__cxx11::basic_string<char, std::char_traits<char>, std::allocator<char> >, std::allocator<std::__cxx11::basic_string<char, std::char_traits<char>, std::allocator<char> > > >, std::allocator<std::vector<std::__cxx11::basic_string<char, std::char_traits<char>, std::allocator<char> >, std::allocator<std::__cxx11::basic_string<char, std::char_traits<char>, std::allocator<char> > > > > > const&, ctranslate2::models::WhisperOptions const&) [0x3d4739] in libctranslate2.so.4
=========         Host Frame: ctranslate2::ReplicaPool<ctranslate2::models::WhisperReplica>::BatchJob<ctranslate2::models::WhisperGenerationResult, ctranslate2::ReplicaPool<ctranslate2::models::WhisperReplica>::post_batch<ctranslate2::models::WhisperGenerationResult, ctranslate2::models::Whisper::generate(ctranslate2::StorageView const&, std::vector<std::vector<std::__cxx11::basic_string<char, std::char_traits<char>, std::allocator<char> >, std::allocator<std::__cxx11::basic_string<char, std::char_traits<char>, std::allocator<char> > > >, std::allocator<std::vector<std::__cxx11::basic_string<char, std::char_traits<char>, std::allocator<char> >, std::allocator<std::__cxx11::basic_string<char, std::char_traits<char>, std::allocator<char> > > > > >, ctranslate2::models::WhisperOptions)::{lambda(ctranslate2::models::WhisperReplica&)#1}>(ctranslate2::models::Whisper::generate(ctranslate2::StorageView const&, std::vector<std::vector<std::__cxx11::basic_string<char, std::char_traits<char>, std::allocator<char> >, std::allocator<std::__cxx11::basic_string<char, std::char_traits<char>, std::allocator<char> > > >, std::allocator<std::vector<std::__cxx11::basic_string<char, std::char_traits<char>, std::allocator<char> >, std::allocator<std::__cxx11::basic_string<char, std::char_traits<char>, std::allocator<char> > > > > >, ctranslate2::models::WhisperOptions)::{lambda(ctranslate2::models::WhisperReplica&)#1}, std::vector<std::promise<ctranslate2::models::WhisperGenerationResult>, std::allocator<ctranslate2::models::WhisperGenerationResult> >)::{lambda()#1}>::run() [0x3d4862] in libctranslate2.so.4
=========         Host Frame: ctranslate2::Worker::run(ctranslate2::JobQueue&) [0x427542] in libctranslate2.so.4
=========         Host Frame:  [0xdc252] in libstdc++.so.6
=========         Host Frame:  [0x94a82] in libc.so.6
=========         Host Frame:  [0x1268df] in libc.so.6
========= 
========= Uninitialized __global__ memory read of size 2 bytes
=========     at void cub::CUB_200700_860_NS::detail::for_each::static_kernel<cub::CUB_200700_860_NS::detail::for_each::policy_hub_t::policy_350_t, long, thrust::THRUST_200700_860_NS::cuda_cub::__transform::unary_transform_f<const __half *, __half *, thrust::THRUST_200700_860_NS::cuda_cub::__transform::no_stencil_tag, ctranslate2::cuda::gelu_func<__half>, thrust::THRUST_200700_860_NS::cuda_cub::__transform::always_true_predicate>>(T2, T3)+0x680
=========     by thread (65,0,0) in block (0,0,0)
=========     Address 0xe26d95682
=========     Saved host backtrace up to driver entry point at kernel launch time
=========         Host Frame: cudaLaunchKernel [0x800867] in libctranslate2.so.4
=========         Host Frame: void ctranslate2::primitives<(ctranslate2::Device)1>::gelu<half_float::half>(half_float::half const*, half_float::half*, long) [0x706f31] in libctranslate2.so.4
=========         Host Frame: void ctranslate2::ops::Conv1D::compute<(ctranslate2::Device)1, half_float::half>(ctranslate2::StorageView const&, ctranslate2::StorageView const&, ctranslate2::StorageView const*, ctranslate2::StorageView&, ctranslate2::StorageView const*) const [0x78e9bf] in libctranslate2.so.4
=========         Host Frame: ctranslate2::layers::WhisperEncoder::operator()(ctranslate2::StorageView const&, ctranslate2::StorageView&) [0x36c58b] in libctranslate2.so.4
=========         Host Frame: ctranslate2::models::WhisperReplica::maybe_encode(ctranslate2::StorageView) [0x3ca649] in libctranslate2.so.4
=========         Host Frame: ctranslate2::models::WhisperReplica::generate(ctranslate2::StorageView, std::vector<std::vector<unsigned long, std::allocator<unsigned long> >, std::allocator<std::vector<unsigned long, std::allocator<unsigned long> > > > const&, ctranslate2::models::WhisperOptions const&) [0x3d2732] in libctranslate2.so.4
=========         Host Frame: ctranslate2::models::WhisperReplica::generate(ctranslate2::StorageView, std::vector<std::vector<std::__cxx11::basic_string<char, std::char_traits<char>, std::allocator<char> >, std::allocator<std::__cxx11::basic_string<char, std::char_traits<char>, std::allocator<char> > > >, std::allocator<std::vector<std::__cxx11::basic_string<char, std::char_traits<char>, std::allocator<char> >, std::allocator<std::__cxx11::basic_string<char, std::char_traits<char>, std::allocator<char> > > > > > const&, ctranslate2::models::WhisperOptions const&) [0x3d4739] in libctranslate2.so.4
=========         Host Frame: ctranslate2::ReplicaPool<ctranslate2::models::WhisperReplica>::BatchJob<ctranslate2::models::WhisperGenerationResult, ctranslate2::ReplicaPool<ctranslate2::models::WhisperReplica>::post_batch<ctranslate2::models::WhisperGenerationResult, ctranslate2::models::Whisper::generate(ctranslate2::StorageView const&, std::vector<std::vector<std::__cxx11::basic_string<char, std::char_traits<char>, std::allocator<char> >, std::allocator<std::__cxx11::basic_string<char, std::char_traits<char>, std::allocator<char> > > >, std::allocator<std::vector<std::__cxx11::basic_string<char, std::char_traits<char>, std::allocator<char> >, std::allocator<std::__cxx11::basic_string<char, std::char_traits<char>, std::allocator<char> > > > > >, ctranslate2::models::WhisperOptions)::{lambda(ctranslate2::models::WhisperReplica&)#1}>(ctranslate2::models::Whisper::generate(ctranslate2::StorageView const&, std::vector<std::vector<std::__cxx11::basic_string<char, std::char_traits<char>, std::allocator<char> >, std::allocator<std::__cxx11::basic_string<char, std::char_traits<char>, std::allocator<char> > > >, std::allocator<std::vector<std::__cxx11::basic_string<char, std::char_traits<char>, std::allocator<char> >, std::allocator<std::__cxx11::basic_string<char, std::char_traits<char>, std::allocator<char> > > > > >, ctranslate2::models::WhisperOptions)::{lambda(ctranslate2::models::WhisperReplica&)#1}, std::vector<std::promise<ctranslate2::models::WhisperGenerationResult>, std::allocator<ctranslate2::models::WhisperGenerationResult> >)::{lambda()#1}>::run() [0x3d4862] in libctranslate2.so.4
=========         Host Frame: ctranslate2::Worker::run(ctranslate2::JobQueue&) [0x427542] in libctranslate2.so.4
=========         Host Frame:  [0xdc252] in libstdc++.so.6
=========         Host Frame:  [0x94a82] in libc.so.6
=========         Host Frame:  [0x1268df] in libc.so.6
========= 
========= Uninitialized __global__ memory read of size 2 bytes
=========     at void cub::CUB_200700_860_NS::detail::for_each::static_kernel<cub::CUB_200700_860_NS::detail::for_each::policy_hub_t::policy_350_t, long, thrust::THRUST_200700_860_NS::cuda_cub::__transform::unary_transform_f<const __half *, __half *, thrust::THRUST_200700_860_NS::cuda_cub::__transform::no_stencil_tag, ctranslate2::cuda::gelu_func<__half>, thrust::THRUST_200700_860_NS::cuda_cub::__transform::always_true_predicate>>(T2, T3)+0x680
=========     by thread (66,0,0) in block (0,0,0)
=========     Address 0xe26d95684
=========     Saved host backtrace up to driver entry point at kernel launch time
=========         Host Frame: cudaLaunchKernel [0x800867] in libctranslate2.so.4
=========         Host Frame: void ctranslate2::primitives<(ctranslate2::Device)1>::gelu<half_float::half>(half_float::half const*, half_float::half*, long) [0x706f31] in libctranslate2.so.4
=========         Host Frame: void ctranslate2::ops::Conv1D::compute<(ctranslate2::Device)1, half_float::half>(ctranslate2::StorageView const&, ctranslate2::StorageView const&, ctranslate2::StorageView const*, ctranslate2::StorageView&, ctranslate2::StorageView const*) const [0x78e9bf] in libctranslate2.so.4
=========         Host Frame: ctranslate2::layers::WhisperEncoder::operator()(ctranslate2::StorageView const&, ctranslate2::StorageView&) [0x36c58b] in libctranslate2.so.4
=========         Host Frame: ctranslate2::models::WhisperReplica::maybe_encode(ctranslate2::StorageView) [0x3ca649] in libctranslate2.so.4
=========         Host Frame: ctranslate2::models::WhisperReplica::generate(ctranslate2::StorageView, std::vector<std::vector<unsigned long, std::allocator<unsigned long> >, std::allocator<std::vector<unsigned long, std::allocator<unsigned long> > > > const&, ctranslate2::models::WhisperOptions const&) [0x3d2732] in libctranslate2.so.4
=========         Host Frame: ctranslate2::models::WhisperReplica::generate(ctranslate2::StorageView, std::vector<std::vector<std::__cxx11::basic_string<char, std::char_traits<char>, std::allocator<char> >, std::allocator<std::__cxx11::basic_string<char, std::char_traits<char>, std::allocator<char> > > >, std::allocator<std::vector<std::__cxx11::basic_string<char, std::char_traits<char>, std::allocator<char> >, std::allocator<std::__cxx11::basic_string<char, std::char_traits<char>, std::allocator<char> > > > > > const&, ctranslate2::models::WhisperOptions const&) [0x3d4739] in libctranslate2.so.4
=========         Host Frame: ctranslate2::ReplicaPool<ctranslate2::models::WhisperReplica>::BatchJob<ctranslate2::models::WhisperGenerationResult, ctranslate2::ReplicaPool<ctranslate2::models::WhisperReplica>::post_batch<ctranslate2::models::WhisperGenerationResult, ctranslate2::models::Whisper::generate(ctranslate2::StorageView const&, std::vector<std::vector<std::__cxx11::basic_string<char, std::char_traits<char>, std::allocator<char> >, std::allocator<std::__cxx11::basic_string<char, std::char_traits<char>, std::allocator<char> > > >, std::allocator<std::vector<std::__cxx11::basic_string<char, std::char_traits<char>, std::allocator<char> >, std::allocator<std::__cxx11::basic_string<char, std::char_traits<char>, std::allocator<char> > > > > >, ctranslate2::models::WhisperOptions)::{lambda(ctranslate2::models::WhisperReplica&)#1}>(ctranslate2::models::Whisper::generate(ctranslate2::StorageView const&, std::vector<std::vector<std::__cxx11::basic_string<char, std::char_traits<char>, std::allocator<char> >, std::allocator<std::__cxx11::basic_string<char, std::char_traits<char>, std::allocator<char> > > >, std::allocator<std::vector<std::__cxx11::basic_string<char, std::char_traits<char>, std::allocator<char> >, std::allocator<std::__cxx11::basic_string<char, std::char_traits<char>, std::allocator<char> > > > > >, ctranslate2::models::WhisperOptions)::{lambda(ctranslate2::models::WhisperReplica&)#1}, std::vector<std::promise<ctranslate2::models::WhisperGenerationResult>, std::allocator<ctranslate2::models::WhisperGenerationResult> >)::{lambda()#1}>::run() [0x3d4862] in libctranslate2.so.4
=========         Host Frame: ctranslate2::Worker::run(ctranslate2::JobQueue&) [0x427542] in libctranslate2.so.4
=========         Host Frame:  [0xdc252] in libstdc++.so.6
=========         Host Frame:  [0x94a82] in libc.so.6
=========         Host Frame:  [0x1268df] in libc.so.6
========= 
========= Uninitialized __global__ memory read of size 2 bytes
=========     at void cub::CUB_200700_860_NS::detail::for_each::static_kernel<cub::CUB_200700_860_NS::detail::for_each::policy_hub_t::policy_350_t, long, thrust::THRUST_200700_860_NS::cuda_cub::__transform::unary_transform_f<const __half *, __half *, thrust::THRUST_200700_860_NS::cuda_cub::__transform::no_stencil_tag, ctranslate2::cuda::gelu_func<__half>, thrust::THRUST_200700_860_NS::cuda_cub::__transform::always_true_predicate>>(T2, T3)+0x680
=========     by thread (67,0,0) in block (0,0,0)
=========     Address 0xe26d95686
=========     Saved host backtrace up to driver entry point at kernel launch time
=========         Host Frame: cudaLaunchKernel [0x800867] in libctranslate2.so.4
=========         Host Frame: void ctranslate2::primitives<(ctranslate2::Device)1>::gelu<half_float::half>(half_float::half const*, half_float::half*, long) [0x706f31] in libctranslate2.so.4
=========         Host Frame: void ctranslate2::ops::Conv1D::compute<(ctranslate2::Device)1, half_float::half>(ctranslate2::StorageView const&, ctranslate2::StorageView const&, ctranslate2::StorageView const*, ctranslate2::StorageView&, ctranslate2::StorageView const*) const [0x78e9bf] in libctranslate2.so.4
=========         Host Frame: ctranslate2::layers::WhisperEncoder::operator()(ctranslate2::StorageView const&, ctranslate2::StorageView&) [0x36c58b] in libctranslate2.so.4
=========         Host Frame: ctranslate2::models::WhisperReplica::maybe_encode(ctranslate2::StorageView) [0x3ca649] in libctranslate2.so.4
=========         Host Frame: ctranslate2::models::WhisperReplica::generate(ctranslate2::StorageView, std::vector<std::vector<unsigned long, std::allocator<unsigned long> >, std::allocator<std::vector<unsigned long, std::allocator<unsigned long> > > > const&, ctranslate2::models::WhisperOptions const&) [0x3d2732] in libctranslate2.so.4
=========         Host Frame: ctranslate2::models::WhisperReplica::generate(ctranslate2::StorageView, std::vector<std::vector<std::__cxx11::basic_string<char, std::char_traits<char>, std::allocator<char> >, std::allocator<std::__cxx11::basic_string<char, std::char_traits<char>, std::allocator<char> > > >, std::allocator<std::vector<std::__cxx11::basic_string<char, std::char_traits<char>, std::allocator<char> >, std::allocator<std::__cxx11::basic_string<char, std::char_traits<char>, std::allocator<char> > > > > > const&, ctranslate2::models::WhisperOptions const&) [0x3d4739] in libctranslate2.so.4
=========         Host Frame: ctranslate2::ReplicaPool<ctranslate2::models::WhisperReplica>::BatchJob<ctranslate2::models::WhisperGenerationResult, ctranslate2::ReplicaPool<ctranslate2::models::WhisperReplica>::post_batch<ctranslate2::models::WhisperGenerationResult, ctranslate2::models::Whisper::generate(ctranslate2::StorageView const&, std::vector<std::vector<std::__cxx11::basic_string<char, std::char_traits<char>, std::allocator<char> >, std::allocator<std::__cxx11::basic_string<char, std::char_traits<char>, std::allocator<char> > > >, std::allocator<std::vector<std::__cxx11::basic_string<char, std::char_traits<char>, std::allocator<char> >, std::allocator<std::__cxx11::basic_string<char, std::char_traits<char>, std::allocator<char> > > > > >, ctranslate2::models::WhisperOptions)::{lambda(ctranslate2::models::WhisperReplica&)#1}>(ctranslate2::models::Whisper::generate(ctranslate2::StorageView const&, std::vector<std::vector<std::__cxx11::basic_string<char, std::char_traits<char>, std::allocator<char> >, std::allocator<std::__cxx11::basic_string<char, std::char_traits<char>, std::allocator<char> > > >, std::allocator<std::vector<std::__cxx11::basic_string<char, std::char_traits<char>, std::allocator<char> >, std::allocator<std::__cxx11::basic_string<char, std::char_traits<char>, std::allocator<char> > > > > >, ctranslate2::models::WhisperOptions)::{lambda(ctranslate2::models::WhisperReplica&)#1}, std::vector<std::promise<ctranslate2::models::WhisperGenerationResult>, std::allocator<ctranslate2::models::WhisperGenerationResult> >)::{lambda()#1}>::run() [0x3d4862] in libctranslate2.so.4
=========         Host Frame: ctranslate2::Worker::run(ctranslate2::JobQueue&) [0x427542] in libctranslate2.so.4
=========         Host Frame:  [0xdc252] in libstdc++.so.6
=========         Host Frame:  [0x94a82] in libc.so.6
=========         Host Frame:  [0x1268df] in libc.so.6
========= 
========= Uninitialized __global__ memory read of size 2 bytes
=========     at void cub::CUB_200700_860_NS::detail::for_each::static_kernel<cub::CUB_200700_860_NS::detail::for_each::policy_hub_t::policy_350_t, long, thrust::THRUST_200700_860_NS::cuda_cub::__transform::unary_transform_f<const __half *, __half *, thrust::THRUST_200700_860_NS::cuda_cub::__transform::no_stencil_tag, ctranslate2::cuda::gelu_func<__half>, thrust::THRUST_200700_860_NS::cuda_cub::__transform::always_true_predicate>>(T2, T3)+0x680
=========     by thread (68,0,0) in block (0,0,0)
=========     Address 0xe26d95688
=========     Saved host backtrace up to driver entry point at kernel launch time
=========         Host Frame: cudaLaunchKernel [0x800867] in libctranslate2.so.4
=========         Host Frame: void ctranslate2::primitives<(ctranslate2::Device)1>::gelu<half_float::half>(half_float::half const*, half_float::half*, long) [0x706f31] in libctranslate2.so.4
=========         Host Frame: void ctranslate2::ops::Conv1D::compute<(ctranslate2::Device)1, half_float::half>(ctranslate2::StorageView const&, ctranslate2::StorageView const&, ctranslate2::StorageView const*, ctranslate2::StorageView&, ctranslate2::StorageView const*) const [0x78e9bf] in libctranslate2.so.4
=========         Host Frame: ctranslate2::layers::WhisperEncoder::operator()(ctranslate2::StorageView const&, ctranslate2::StorageView&) [0x36c58b] in libctranslate2.so.4
=========         Host Frame: ctranslate2::models::WhisperReplica::maybe_encode(ctranslate2::StorageView) [0x3ca649] in libctranslate2.so.4
=========         Host Frame: ctranslate2::models::WhisperReplica::generate(ctranslate2::StorageView, std::vector<std::vector<unsigned long, std::allocator<unsigned long> >, std::allocator<std::vector<unsigned long, std::allocator<unsigned long> > > > const&, ctranslate2::models::WhisperOptions const&) [0x3d2732] in libctranslate2.so.4
=========         Host Frame: ctranslate2::models::WhisperReplica::generate(ctranslate2::StorageView, std::vector<std::vector<std::__cxx11::basic_string<char, std::char_traits<char>, std::allocator<char> >, std::allocator<std::__cxx11::basic_string<char, std::char_traits<char>, std::allocator<char> > > >, std::allocator<std::vector<std::__cxx11::basic_string<char, std::char_traits<char>, std::allocator<char> >, std::allocator<std::__cxx11::basic_string<char, std::char_traits<char>, std::allocator<char> > > > > > const&, ctranslate2::models::WhisperOptions const&) [0x3d4739] in libctranslate2.so.4
=========         Host Frame: ctranslate2::ReplicaPool<ctranslate2::models::WhisperReplica>::BatchJob<ctranslate2::models::WhisperGenerationResult, ctranslate2::ReplicaPool<ctranslate2::models::WhisperReplica>::post_batch<ctranslate2::models::WhisperGenerationResult, ctranslate2::models::Whisper::generate(ctranslate2::StorageView const&, std::vector<std::vector<std::__cxx11::basic_string<char, std::char_traits<char>, std::allocator<char> >, std::allocator<std::__cxx11::basic_string<char, std::char_traits<char>, std::allocator<char> > > >, std::allocator<std::vector<std::__cxx11::basic_string<char, std::char_traits<char>, std::allocator<char> >, std::allocator<std::__cxx11::basic_string<char, std::char_traits<char>, std::allocator<char> > > > > >, ctranslate2::models::WhisperOptions)::{lambda(ctranslate2::models::WhisperReplica&)#1}>(ctranslate2::models::Whisper::generate(ctranslate2::StorageView const&, std::vector<std::vector<std::__cxx11::basic_string<char, std::char_traits<char>, std::allocator<char> >, std::allocator<std::__cxx11::basic_string<char, std::char_traits<char>, std::allocator<char> > > >, std::allocator<std::vector<std::__cxx11::basic_string<char, std::char_traits<char>, std::allocator<char> >, std::allocator<std::__cxx11::basic_string<char, std::char_traits<char>, std::allocator<char> > > > > >, ctranslate2::models::WhisperOptions)::{lambda(ctranslate2::models::WhisperReplica&)#1}, std::vector<std::promise<ctranslate2::models::WhisperGenerationResult>, std::allocator<ctranslate2::models::WhisperGenerationResult> >)::{lambda()#1}>::run() [0x3d4862] in libctranslate2.so.4
=========         Host Frame: ctranslate2::Worker::run(ctranslate2::JobQueue&) [0x427542] in libctranslate2.so.4
=========         Host Frame:  [0xdc252] in libstdc++.so.6
=========         Host Frame:  [0x94a82] in libc.so.6
=========         Host Frame:  [0x1268df] in libc.so.6
========= 
========= Uninitialized __global__ memory read of size 2 bytes
=========     at void cub::CUB_200700_860_NS::detail::for_each::static_kernel<cub::CUB_200700_860_NS::detail::for_each::policy_hub_t::policy_350_t, long, thrust::THRUST_200700_860_NS::cuda_cub::__transform::unary_transform_f<const __half *, __half *, thrust::THRUST_200700_860_NS::cuda_cub::__transform::no_stencil_tag, ctranslate2::cuda::gelu_func<__half>, thrust::THRUST_200700_860_NS::cuda_cub::__transform::always_true_predicate>>(T2, T3)+0x680
=========     by thread (69,0,0) in block (0,0,0)
=========     Address 0xe26d9568a
=========     Saved host backtrace up to driver entry point at kernel launch time
=========         Host Frame: cudaLaunchKernel [0x800867] in libctranslate2.so.4
=========         Host Frame: void ctranslate2::primitives<(ctranslate2::Device)1>::gelu<half_float::half>(half_float::half const*, half_float::half*, long) [0x706f31] in libctranslate2.so.4
=========         Host Frame: void ctranslate2::ops::Conv1D::compute<(ctranslate2::Device)1, half_float::half>(ctranslate2::StorageView const&, ctranslate2::StorageView const&, ctranslate2::StorageView const*, ctranslate2::StorageView&, ctranslate2::StorageView const*) const [0x78e9bf] in libctranslate2.so.4
=========         Host Frame: ctranslate2::layers::WhisperEncoder::operator()(ctranslate2::StorageView const&, ctranslate2::StorageView&) [0x36c58b] in libctranslate2.so.4
=========         Host Frame: ctranslate2::models::WhisperReplica::maybe_encode(ctranslate2::StorageView) [0x3ca649] in libctranslate2.so.4
=========         Host Frame: ctranslate2::models::WhisperReplica::generate(ctranslate2::StorageView, std::vector<std::vector<unsigned long, std::allocator<unsigned long> >, std::allocator<std::vector<unsigned long, std::allocator<unsigned long> > > > const&, ctranslate2::models::WhisperOptions const&) [0x3d2732] in libctranslate2.so.4
=========         Host Frame: ctranslate2::models::WhisperReplica::generate(ctranslate2::StorageView, std::vector<std::vector<std::__cxx11::basic_string<char, std::char_traits<char>, std::allocator<char> >, std::allocator<std::__cxx11::basic_string<char, std::char_traits<char>, std::allocator<char> > > >, std::allocator<std::vector<std::__cxx11::basic_string<char, std::char_traits<char>, std::allocator<char> >, std::allocator<std::__cxx11::basic_string<char, std::char_traits<char>, std::allocator<char> > > > > > const&, ctranslate2::models::WhisperOptions const&) [0x3d4739] in libctranslate2.so.4
=========         Host Frame: ctranslate2::ReplicaPool<ctranslate2::models::WhisperReplica>::BatchJob<ctranslate2::models::WhisperGenerationResult, ctranslate2::ReplicaPool<ctranslate2::models::WhisperReplica>::post_batch<ctranslate2::models::WhisperGenerationResult, ctranslate2::models::Whisper::generate(ctranslate2::StorageView const&, std::vector<std::vector<std::__cxx11::basic_string<char, std::char_traits<char>, std::allocator<char> >, std::allocator<std::__cxx11::basic_string<char, std::char_traits<char>, std::allocator<char> > > >, std::allocator<std::vector<std::__cxx11::basic_string<char, std::char_traits<char>, std::allocator<char> >, std::allocator<std::__cxx11::basic_string<char, std::char_traits<char>, std::allocator<char> > > > > >, ctranslate2::models::WhisperOptions)::{lambda(ctranslate2::models::WhisperReplica&)#1}>(ctranslate2::models::Whisper::generate(ctranslate2::StorageView const&, std::vector<std::vector<std::__cxx11::basic_string<char, std::char_traits<char>, std::allocator<char> >, std::allocator<std::__cxx11::basic_string<char, std::char_traits<char>, std::allocator<char> > > >, std::allocator<std::vector<std::__cxx11::basic_string<char, std::char_traits<char>, std::allocator<char> >, std::allocator<std::__cxx11::basic_string<char, std::char_traits<char>, std::allocator<char> > > > > >, ctranslate2::models::WhisperOptions)::{lambda(ctranslate2::models::WhisperReplica&)#1}, std::vector<std::promise<ctranslate2::models::WhisperGenerationResult>, std::allocator<ctranslate2::models::WhisperGenerationResult> >)::{lambda()#1}>::run() [0x3d4862] in libctranslate2.so.4
=========         Host Frame: ctranslate2::Worker::run(ctranslate2::JobQueue&) [0x427542] in libctranslate2.so.4
=========         Host Frame:  [0xdc252] in libstdc++.so.6
=========         Host Frame:  [0x94a82] in libc.so.6
=========         Host Frame:  [0x1268df] in libc.so.6
========= 
========= Uninitialized __global__ memory read of size 2 bytes
=========     at void cub::CUB_200700_860_NS::detail::for_each::static_kernel<cub::CUB_200700_860_NS::detail::for_each::policy_hub_t::policy_350_t, long, thrust::THRUST_200700_860_NS::cuda_cub::__transform::unary_transform_f<const __half *, __half *, thrust::THRUST_200700_860_NS::cuda_cub::__transform::no_stencil_tag, ctranslate2::cuda::gelu_func<__half>, thrust::THRUST_200700_860_NS::cuda_cub::__transform::always_true_predicate>>(T2, T3)+0x680
=========     by thread (70,0,0) in block (0,0,0)
=========     Address 0xe26d9568c
=========     Saved host backtrace up to driver entry point at kernel launch time
=========         Host Frame: cudaLaunchKernel [0x800867] in libctranslate2.so.4
=========         Host Frame: void ctranslate2::primitives<(ctranslate2::Device)1>::gelu<half_float::half>(half_float::half const*, half_float::half*, long) [0x706f31] in libctranslate2.so.4
=========         Host Frame: void ctranslate2::ops::Conv1D::compute<(ctranslate2::Device)1, half_float::half>(ctranslate2::StorageView const&, ctranslate2::StorageView const&, ctranslate2::StorageView const*, ctranslate2::StorageView&, ctranslate2::StorageView const*) const [0x78e9bf] in libctranslate2.so.4
=========         Host Frame: ctranslate2::layers::WhisperEncoder::operator()(ctranslate2::StorageView const&, ctranslate2::StorageView&) [0x36c58b] in libctranslate2.so.4
=========         Host Frame: ctranslate2::models::WhisperReplica::maybe_encode(ctranslate2::StorageView) [0x3ca649] in libctranslate2.so.4
=========         Host Frame: ctranslate2::models::WhisperReplica::generate(ctranslate2::StorageView, std::vector<std::vector<unsigned long, std::allocator<unsigned long> >, std::allocator<std::vector<unsigned long, std::allocator<unsigned long> > > > const&, ctranslate2::models::WhisperOptions const&) [0x3d2732] in libctranslate2.so.4
=========         Host Frame: ctranslate2::models::WhisperReplica::generate(ctranslate2::StorageView, std::vector<std::vector<std::__cxx11::basic_string<char, std::char_traits<char>, std::allocator<char> >, std::allocator<std::__cxx11::basic_string<char, std::char_traits<char>, std::allocator<char> > > >, std::allocator<std::vector<std::__cxx11::basic_string<char, std::char_traits<char>, std::allocator<char> >, std::allocator<std::__cxx11::basic_string<char, std::char_traits<char>, std::allocator<char> > > > > > const&, ctranslate2::models::WhisperOptions const&) [0x3d4739] in libctranslate2.so.4
=========         Host Frame: ctranslate2::ReplicaPool<ctranslate2::models::WhisperReplica>::BatchJob<ctranslate2::models::WhisperGenerationResult, ctranslate2::ReplicaPool<ctranslate2::models::WhisperReplica>::post_batch<ctranslate2::models::WhisperGenerationResult, ctranslate2::models::Whisper::generate(ctranslate2::StorageView const&, std::vector<std::vector<std::__cxx11::basic_string<char, std::char_traits<char>, std::allocator<char> >, std::allocator<std::__cxx11::basic_string<char, std::char_traits<char>, std::allocator<char> > > >, std::allocator<std::vector<std::__cxx11::basic_string<char, std::char_traits<char>, std::allocator<char> >, std::allocator<std::__cxx11::basic_string<char, std::char_traits<char>, std::allocator<char> > > > > >, ctranslate2::models::WhisperOptions)::{lambda(ctranslate2::models::WhisperReplica&)#1}>(ctranslate2::models::Whisper::generate(ctranslate2::StorageView const&, std::vector<std::vector<std::__cxx11::basic_string<char, std::char_traits<char>, std::allocator<char> >, std::allocator<std::__cxx11::basic_string<char, std::char_traits<char>, std::allocator<char> > > >, std::allocator<std::vector<std::__cxx11::basic_string<char, std::char_traits<char>, std::allocator<char> >, std::allocator<std::__cxx11::basic_string<char, std::char_traits<char>, std::allocator<char> > > > > >, ctranslate2::models::WhisperOptions)::{lambda(ctranslate2::models::WhisperReplica&)#1}, std::vector<std::promise<ctranslate2::models::WhisperGenerationResult>, std::allocator<ctranslate2::models::WhisperGenerationResult> >)::{lambda()#1}>::run() [0x3d4862] in libctranslate2.so.4
=========         Host Frame: ctranslate2::Worker::run(ctranslate2::JobQueue&) [0x427542] in libctranslate2.so.4
=========         Host Frame:  [0xdc252] in libstdc++.so.6
=========         Host Frame:  [0x94a82] in libc.so.6
=========         Host Frame:  [0x1268df] in libc.so.6
========= 
========= Uninitialized __global__ memory read of size 2 bytes
=========     at void cub::CUB_200700_860_NS::detail::for_each::static_kernel<cub::CUB_200700_860_NS::detail::for_each::policy_hub_t::policy_350_t, long, thrust::THRUST_200700_860_NS::cuda_cub::__transform::unary_transform_f<const __half *, __half *, thrust::THRUST_200700_860_NS::cuda_cub::__transform::no_stencil_tag, ctranslate2::cuda::gelu_func<__half>, thrust::THRUST_200700_860_NS::cuda_cub::__transform::always_true_predicate>>(T2, T3)+0x680
=========     by thread (71,0,0) in block (0,0,0)
=========     Address 0xe26d9568e
=========     Saved host backtrace up to driver entry point at kernel launch time
=========         Host Frame: cudaLaunchKernel [0x800867] in libctranslate2.so.4
=========         Host Frame: void ctranslate2::primitives<(ctranslate2::Device)1>::gelu<half_float::half>(half_float::half const*, half_float::half*, long) [0x706f31] in libctranslate2.so.4
=========         Host Frame: void ctranslate2::ops::Conv1D::compute<(ctranslate2::Device)1, half_float::half>(ctranslate2::StorageView const&, ctranslate2::StorageView const&, ctranslate2::StorageView const*, ctranslate2::StorageView&, ctranslate2::StorageView const*) const [0x78e9bf] in libctranslate2.so.4
=========         Host Frame: ctranslate2::layers::WhisperEncoder::operator()(ctranslate2::StorageView const&, ctranslate2::StorageView&) [0x36c58b] in libctranslate2.so.4
=========         Host Frame: ctranslate2::models::WhisperReplica::maybe_encode(ctranslate2::StorageView) [0x3ca649] in libctranslate2.so.4
=========         Host Frame: ctranslate2::models::WhisperReplica::generate(ctranslate2::StorageView, std::vector<std::vector<unsigned long, std::allocator<unsigned long> >, std::allocator<std::vector<unsigned long, std::allocator<unsigned long> > > > const&, ctranslate2::models::WhisperOptions const&) [0x3d2732] in libctranslate2.so.4
=========         Host Frame: ctranslate2::models::WhisperReplica::generate(ctranslate2::StorageView, std::vector<std::vector<std::__cxx11::basic_string<char, std::char_traits<char>, std::allocator<char> >, std::allocator<std::__cxx11::basic_string<char, std::char_traits<char>, std::allocator<char> > > >, std::allocator<std::vector<std::__cxx11::basic_string<char, std::char_traits<char>, std::allocator<char> >, std::allocator<std::__cxx11::basic_string<char, std::char_traits<char>, std::allocator<char> > > > > > const&, ctranslate2::models::WhisperOptions const&) [0x3d4739] in libctranslate2.so.4
=========         Host Frame: ctranslate2::ReplicaPool<ctranslate2::models::WhisperReplica>::BatchJob<ctranslate2::models::WhisperGenerationResult, ctranslate2::ReplicaPool<ctranslate2::models::WhisperReplica>::post_batch<ctranslate2::models::WhisperGenerationResult, ctranslate2::models::Whisper::generate(ctranslate2::StorageView const&, std::vector<std::vector<std::__cxx11::basic_string<char, std::char_traits<char>, std::allocator<char> >, std::allocator<std::__cxx11::basic_string<char, std::char_traits<char>, std::allocator<char> > > >, std::allocator<std::vector<std::__cxx11::basic_string<char, std::char_traits<char>, std::allocator<char> >, std::allocator<std::__cxx11::basic_string<char, std::char_traits<char>, std::allocator<char> > > > > >, ctranslate2::models::WhisperOptions)::{lambda(ctranslate2::models::WhisperReplica&)#1}>(ctranslate2::models::Whisper::generate(ctranslate2::StorageView const&, std::vector<std::vector<std::__cxx11::basic_string<char, std::char_traits<char>, std::allocator<char> >, std::allocator<std::__cxx11::basic_string<char, std::char_traits<char>, std::allocator<char> > > >, std::allocator<std::vector<std::__cxx11::basic_string<char, std::char_traits<char>, std::allocator<char> >, std::allocator<std::__cxx11::basic_string<char, std::char_traits<char>, std::allocator<char> > > > > >, ctranslate2::models::WhisperOptions)::{lambda(ctranslate2::models::WhisperReplica&)#1}, std::vector<std::promise<ctranslate2::models::WhisperGenerationResult>, std::allocator<ctranslate2::models::WhisperGenerationResult> >)::{lambda()#1}>::run() [0x3d4862] in libctranslate2.so.4
=========         Host Frame: ctranslate2::Worker::run(ctranslate2::JobQueue&) [0x427542] in libctranslate2.so.4
=========         Host Frame:  [0xdc252] in libstdc++.so.6
=========         Host Frame:  [0x94a82] in libc.so.6
=========         Host Frame:  [0x1268df] in libc.so.6
========= 
========= Uninitialized __global__ memory read of size 2 bytes
=========     at void cub::CUB_200700_860_NS::detail::for_each::static_kernel<cub::CUB_200700_860_NS::detail::for_each::policy_hub_t::policy_350_t, long, thrust::THRUST_200700_860_NS::cuda_cub::__transform::unary_transform_f<const __half *, __half *, thrust::THRUST_200700_860_NS::cuda_cub::__transform::no_stencil_tag, ctranslate2::cuda::gelu_func<__half>, thrust::THRUST_200700_860_NS::cuda_cub::__transform::always_true_predicate>>(T2, T3)+0x680
=========     by thread (72,0,0) in block (0,0,0)
=========     Address 0xe26d95690
=========     Saved host backtrace up to driver entry point at kernel launch time
=========         Host Frame: cudaLaunchKernel [0x800867] in libctranslate2.so.4
=========         Host Frame: void ctranslate2::primitives<(ctranslate2::Device)1>::gelu<half_float::half>(half_float::half const*, half_float::half*, long) [0x706f31] in libctranslate2.so.4
=========         Host Frame: void ctranslate2::ops::Conv1D::compute<(ctranslate2::Device)1, half_float::half>(ctranslate2::StorageView const&, ctranslate2::StorageView const&, ctranslate2::StorageView const*, ctranslate2::StorageView&, ctranslate2::StorageView const*) const [0x78e9bf] in libctranslate2.so.4
=========         Host Frame: ctranslate2::layers::WhisperEncoder::operator()(ctranslate2::StorageView const&, ctranslate2::StorageView&) [0x36c58b] in libctranslate2.so.4
=========         Host Frame: ctranslate2::models::WhisperReplica::maybe_encode(ctranslate2::StorageView) [0x3ca649] in libctranslate2.so.4
=========         Host Frame: ctranslate2::models::WhisperReplica::generate(ctranslate2::StorageView, std::vector<std::vector<unsigned long, std::allocator<unsigned long> >, std::allocator<std::vector<unsigned long, std::allocator<unsigned long> > > > const&, ctranslate2::models::WhisperOptions const&) [0x3d2732] in libctranslate2.so.4
=========         Host Frame: ctranslate2::models::WhisperReplica::generate(ctranslate2::StorageView, std::vector<std::vector<std::__cxx11::basic_string<char, std::char_traits<char>, std::allocator<char> >, std::allocator<std::__cxx11::basic_string<char, std::char_traits<char>, std::allocator<char> > > >, std::allocator<std::vector<std::__cxx11::basic_string<char, std::char_traits<char>, std::allocator<char> >, std::allocator<std::__cxx11::basic_string<char, std::char_traits<char>, std::allocator<char> > > > > > const&, ctranslate2::models::WhisperOptions const&) [0x3d4739] in libctranslate2.so.4
=========         Host Frame: ctranslate2::ReplicaPool<ctranslate2::models::WhisperReplica>::BatchJob<ctranslate2::models::WhisperGenerationResult, ctranslate2::ReplicaPool<ctranslate2::models::WhisperReplica>::post_batch<ctranslate2::models::WhisperGenerationResult, ctranslate2::models::Whisper::generate(ctranslate2::StorageView const&, std::vector<std::vector<std::__cxx11::basic_string<char, std::char_traits<char>, std::allocator<char> >, std::allocator<std::__cxx11::basic_string<char, std::char_traits<char>, std::allocator<char> > > >, std::allocator<std::vector<std::__cxx11::basic_string<char, std::char_traits<char>, std::allocator<char> >, std::allocator<std::__cxx11::basic_string<char, std::char_traits<char>, std::allocator<char> > > > > >, ctranslate2::models::WhisperOptions)::{lambda(ctranslate2::models::WhisperReplica&)#1}>(ctranslate2::models::Whisper::generate(ctranslate2::StorageView const&, std::vector<std::vector<std::__cxx11::basic_string<char, std::char_traits<char>, std::allocator<char> >, std::allocator<std::__cxx11::basic_string<char, std::char_traits<char>, std::allocator<char> > > >, std::allocator<std::vector<std::__cxx11::basic_string<char, std::char_traits<char>, std::allocator<char> >, std::allocator<std::__cxx11::basic_string<char, std::char_traits<char>, std::allocator<char> > > > > >, ctranslate2::models::WhisperOptions)::{lambda(ctranslate2::models::WhisperReplica&)#1}, std::vector<std::promise<ctranslate2::models::WhisperGenerationResult>, std::allocator<ctranslate2::models::WhisperGenerationResult> >)::{lambda()#1}>::run() [0x3d4862] in libctranslate2.so.4
=========         Host Frame: ctranslate2::Worker::run(ctranslate2::JobQueue&) [0x427542] in libctranslate2.so.4
=========         Host Frame:  [0xdc252] in libstdc++.so.6
=========         Host Frame:  [0x94a82] in libc.so.6
=========         Host Frame:  [0x1268df] in libc.so.6
========= 
========= Uninitialized __global__ memory read of size 2 bytes
=========     at void cub::CUB_200700_860_NS::detail::for_each::static_kernel<cub::CUB_200700_860_NS::detail::for_each::policy_hub_t::policy_350_t, long, thrust::THRUST_200700_860_NS::cuda_cub::__transform::unary_transform_f<const __half *, __half *, thrust::THRUST_200700_860_NS::cuda_cub::__transform::no_stencil_tag, ctranslate2::cuda::gelu_func<__half>, thrust::THRUST_200700_860_NS::cuda_cub::__transform::always_true_predicate>>(T2, T3)+0x680
=========     by thread (73,0,0) in block (0,0,0)
=========     Address 0xe26d95692
=========     Saved host backtrace up to driver entry point at kernel launch time
=========         Host Frame: cudaLaunchKernel [0x800867] in libctranslate2.so.4
=========         Host Frame: void ctranslate2::primitives<(ctranslate2::Device)1>::gelu<half_float::half>(half_float::half const*, half_float::half*, long) [0x706f31] in libctranslate2.so.4
=========         Host Frame: void ctranslate2::ops::Conv1D::compute<(ctranslate2::Device)1, half_float::half>(ctranslate2::StorageView const&, ctranslate2::StorageView const&, ctranslate2::StorageView const*, ctranslate2::StorageView&, ctranslate2::StorageView const*) const [0x78e9bf] in libctranslate2.so.4
=========         Host Frame: ctranslate2::layers::WhisperEncoder::operator()(ctranslate2::StorageView const&, ctranslate2::StorageView&) [0x36c58b] in libctranslate2.so.4
=========         Host Frame: ctranslate2::models::WhisperReplica::maybe_encode(ctranslate2::StorageView) [0x3ca649] in libctranslate2.so.4
=========         Host Frame: ctranslate2::models::WhisperReplica::generate(ctranslate2::StorageView, std::vector<std::vector<unsigned long, std::allocator<unsigned long> >, std::allocator<std::vector<unsigned long, std::allocator<unsigned long> > > > const&, ctranslate2::models::WhisperOptions const&) [0x3d2732] in libctranslate2.so.4
=========         Host Frame: ctranslate2::models::WhisperReplica::generate(ctranslate2::StorageView, std::vector<std::vector<std::__cxx11::basic_string<char, std::char_traits<char>, std::allocator<char> >, std::allocator<std::__cxx11::basic_string<char, std::char_traits<char>, std::allocator<char> > > >, std::allocator<std::vector<std::__cxx11::basic_string<char, std::char_traits<char>, std::allocator<char> >, std::allocator<std::__cxx11::basic_string<char, std::char_traits<char>, std::allocator<char> > > > > > const&, ctranslate2::models::WhisperOptions const&) [0x3d4739] in libctranslate2.so.4
=========         Host Frame: ctranslate2::ReplicaPool<ctranslate2::models::WhisperReplica>::BatchJob<ctranslate2::models::WhisperGenerationResult, ctranslate2::ReplicaPool<ctranslate2::models::WhisperReplica>::post_batch<ctranslate2::models::WhisperGenerationResult, ctranslate2::models::Whisper::generate(ctranslate2::StorageView const&, std::vector<std::vector<std::__cxx11::basic_string<char, std::char_traits<char>, std::allocator<char> >, std::allocator<std::__cxx11::basic_string<char, std::char_traits<char>, std::allocator<char> > > >, std::allocator<std::vector<std::__cxx11::basic_string<char, std::char_traits<char>, std::allocator<char> >, std::allocator<std::__cxx11::basic_string<char, std::char_traits<char>, std::allocator<char> > > > > >, ctranslate2::models::WhisperOptions)::{lambda(ctranslate2::models::WhisperReplica&)#1}>(ctranslate2::models::Whisper::generate(ctranslate2::StorageView const&, std::vector<std::vector<std::__cxx11::basic_string<char, std::char_traits<char>, std::allocator<char> >, std::allocator<std::__cxx11::basic_string<char, std::char_traits<char>, std::allocator<char> > > >, std::allocator<std::vector<std::__cxx11::basic_string<char, std::char_traits<char>, std::allocator<char> >, std::allocator<std::__cxx11::basic_string<char, std::char_traits<char>, std::allocator<char> > > > > >, ctranslate2::models::WhisperOptions)::{lambda(ctranslate2::models::WhisperReplica&)#1}, std::vector<std::promise<ctranslate2::models::WhisperGenerationResult>, std::allocator<ctranslate2::models::WhisperGenerationResult> >)::{lambda()#1}>::run() [0x3d4862] in libctranslate2.so.4
=========         Host Frame: ctranslate2::Worker::run(ctranslate2::JobQueue&) [0x427542] in libctranslate2.so.4
=========         Host Frame:  [0xdc252] in libstdc++.so.6
=========         Host Frame:  [0x94a82] in libc.so.6
=========         Host Frame:  [0x1268df] in libc.so.6
========= 
========= Uninitialized __global__ memory read of size 2 bytes
=========     at void cub::CUB_200700_860_NS::detail::for_each::static_kernel<cub::CUB_200700_860_NS::detail::for_each::policy_hub_t::policy_350_t, long, thrust::THRUST_200700_860_NS::cuda_cub::__transform::unary_transform_f<const __half *, __half *, thrust::THRUST_200700_860_NS::cuda_cub::__transform::no_stencil_tag, ctranslate2::cuda::gelu_func<__half>, thrust::THRUST_200700_860_NS::cuda_cub::__transform::always_true_predicate>>(T2, T3)+0x680
=========     by thread (74,0,0) in block (0,0,0)
=========     Address 0xe26d95694
=========     Saved host backtrace up to driver entry point at kernel launch time
=========         Host Frame: cudaLaunchKernel [0x800867] in libctranslate2.so.4
=========         Host Frame: void ctranslate2::primitives<(ctranslate2::Device)1>::gelu<half_float::half>(half_float::half const*, half_float::half*, long) [0x706f31] in libctranslate2.so.4
=========         Host Frame: void ctranslate2::ops::Conv1D::compute<(ctranslate2::Device)1, half_float::half>(ctranslate2::StorageView const&, ctranslate2::StorageView const&, ctranslate2::StorageView const*, ctranslate2::StorageView&, ctranslate2::StorageView const*) const [0x78e9bf] in libctranslate2.so.4
=========         Host Frame: ctranslate2::layers::WhisperEncoder::operator()(ctranslate2::StorageView const&, ctranslate2::StorageView&) [0x36c58b] in libctranslate2.so.4
=========         Host Frame: ctranslate2::models::WhisperReplica::maybe_encode(ctranslate2::StorageView) [0x3ca649] in libctranslate2.so.4
=========         Host Frame: ctranslate2::models::WhisperReplica::generate(ctranslate2::StorageView, std::vector<std::vector<unsigned long, std::allocator<unsigned long> >, std::allocator<std::vector<unsigned long, std::allocator<unsigned long> > > > const&, ctranslate2::models::WhisperOptions const&) [0x3d2732] in libctranslate2.so.4
=========         Host Frame: ctranslate2::models::WhisperReplica::generate(ctranslate2::StorageView, std::vector<std::vector<std::__cxx11::basic_string<char, std::char_traits<char>, std::allocator<char> >, std::allocator<std::__cxx11::basic_string<char, std::char_traits<char>, std::allocator<char> > > >, std::allocator<std::vector<std::__cxx11::basic_string<char, std::char_traits<char>, std::allocator<char> >, std::allocator<std::__cxx11::basic_string<char, std::char_traits<char>, std::allocator<char> > > > > > const&, ctranslate2::models::WhisperOptions const&) [0x3d4739] in libctranslate2.so.4
=========         Host Frame: ctranslate2::ReplicaPool<ctranslate2::models::WhisperReplica>::BatchJob<ctranslate2::models::WhisperGenerationResult, ctranslate2::ReplicaPool<ctranslate2::models::WhisperReplica>::post_batch<ctranslate2::models::WhisperGenerationResult, ctranslate2::models::Whisper::generate(ctranslate2::StorageView const&, std::vector<std::vector<std::__cxx11::basic_string<char, std::char_traits<char>, std::allocator<char> >, std::allocator<std::__cxx11::basic_string<char, std::char_traits<char>, std::allocator<char> > > >, std::allocator<std::vector<std::__cxx11::basic_string<char, std::char_traits<char>, std::allocator<char> >, std::allocator<std::__cxx11::basic_string<char, std::char_traits<char>, std::allocator<char> > > > > >, ctranslate2::models::WhisperOptions)::{lambda(ctranslate2::models::WhisperReplica&)#1}>(ctranslate2::models::Whisper::generate(ctranslate2::StorageView const&, std::vector<std::vector<std::__cxx11::basic_string<char, std::char_traits<char>, std::allocator<char> >, std::allocator<std::__cxx11::basic_string<char, std::char_traits<char>, std::allocator<char> > > >, std::allocator<std::vector<std::__cxx11::basic_string<char, std::char_traits<char>, std::allocator<char> >, std::allocator<std::__cxx11::basic_string<char, std::char_traits<char>, std::allocator<char> > > > > >, ctranslate2::models::WhisperOptions)::{lambda(ctranslate2::models::WhisperReplica&)#1}, std::vector<std::promise<ctranslate2::models::WhisperGenerationResult>, std::allocator<ctranslate2::models::WhisperGenerationResult> >)::{lambda()#1}>::run() [0x3d4862] in libctranslate2.so.4
=========         Host Frame: ctranslate2::Worker::run(ctranslate2::JobQueue&) [0x427542] in libctranslate2.so.4
=========         Host Frame:  [0xdc252] in libstdc++.so.6
=========         Host Frame:  [0x94a82] in libc.so.6
=========         Host Frame:  [0x1268df] in libc.so.6
========= 
========= Uninitialized __global__ memory read of size 2 bytes
=========     at void cub::CUB_200700_860_NS::detail::for_each::static_kernel<cub::CUB_200700_860_NS::detail::for_each::policy_hub_t::policy_350_t, long, thrust::THRUST_200700_860_NS::cuda_cub::__transform::unary_transform_f<const __half *, __half *, thrust::THRUST_200700_860_NS::cuda_cub::__transform::no_stencil_tag, ctranslate2::cuda::gelu_func<__half>, thrust::THRUST_200700_860_NS::cuda_cub::__transform::always_true_predicate>>(T2, T3)+0x680
=========     by thread (75,0,0) in block (0,0,0)
=========     Address 0xe26d95696
=========     Saved host backtrace up to driver entry point at kernel launch time
=========         Host Frame: cudaLaunchKernel [0x800867] in libctranslate2.so.4
=========         Host Frame: void ctranslate2::primitives<(ctranslate2::Device)1>::gelu<half_float::half>(half_float::half const*, half_float::half*, long) [0x706f31] in libctranslate2.so.4
=========         Host Frame: void ctranslate2::ops::Conv1D::compute<(ctranslate2::Device)1, half_float::half>(ctranslate2::StorageView const&, ctranslate2::StorageView const&, ctranslate2::StorageView const*, ctranslate2::StorageView&, ctranslate2::StorageView const*) const [0x78e9bf] in libctranslate2.so.4
=========         Host Frame: ctranslate2::layers::WhisperEncoder::operator()(ctranslate2::StorageView const&, ctranslate2::StorageView&) [0x36c58b] in libctranslate2.so.4
=========         Host Frame: ctranslate2::models::WhisperReplica::maybe_encode(ctranslate2::StorageView) [0x3ca649] in libctranslate2.so.4
=========         Host Frame: ctranslate2::models::WhisperReplica::generate(ctranslate2::StorageView, std::vector<std::vector<unsigned long, std::allocator<unsigned long> >, std::allocator<std::vector<unsigned long, std::allocator<unsigned long> > > > const&, ctranslate2::models::WhisperOptions const&) [0x3d2732] in libctranslate2.so.4
=========         Host Frame: ctranslate2::models::WhisperReplica::generate(ctranslate2::StorageView, std::vector<std::vector<std::__cxx11::basic_string<char, std::char_traits<char>, std::allocator<char> >, std::allocator<std::__cxx11::basic_string<char, std::char_traits<char>, std::allocator<char> > > >, std::allocator<std::vector<std::__cxx11::basic_string<char, std::char_traits<char>, std::allocator<char> >, std::allocator<std::__cxx11::basic_string<char, std::char_traits<char>, std::allocator<char> > > > > > const&, ctranslate2::models::WhisperOptions const&) [0x3d4739] in libctranslate2.so.4
=========         Host Frame: ctranslate2::ReplicaPool<ctranslate2::models::WhisperReplica>::BatchJob<ctranslate2::models::WhisperGenerationResult, ctranslate2::ReplicaPool<ctranslate2::models::WhisperReplica>::post_batch<ctranslate2::models::WhisperGenerationResult, ctranslate2::models::Whisper::generate(ctranslate2::StorageView const&, std::vector<std::vector<std::__cxx11::basic_string<char, std::char_traits<char>, std::allocator<char> >, std::allocator<std::__cxx11::basic_string<char, std::char_traits<char>, std::allocator<char> > > >, std::allocator<std::vector<std::__cxx11::basic_string<char, std::char_traits<char>, std::allocator<char> >, std::allocator<std::__cxx11::basic_string<char, std::char_traits<char>, std::allocator<char> > > > > >, ctranslate2::models::WhisperOptions)::{lambda(ctranslate2::models::WhisperReplica&)#1}>(ctranslate2::models::Whisper::generate(ctranslate2::StorageView const&, std::vector<std::vector<std::__cxx11::basic_string<char, std::char_traits<char>, std::allocator<char> >, std::allocator<std::__cxx11::basic_string<char, std::char_traits<char>, std::allocator<char> > > >, std::allocator<std::vector<std::__cxx11::basic_string<char, std::char_traits<char>, std::allocator<char> >, std::allocator<std::__cxx11::basic_string<char, std::char_traits<char>, std::allocator<char> > > > > >, ctranslate2::models::WhisperOptions)::{lambda(ctranslate2::models::WhisperReplica&)#1}, std::vector<std::promise<ctranslate2::models::WhisperGenerationResult>, std::allocator<ctranslate2::models::WhisperGenerationResult> >)::{lambda()#1}>::run() [0x3d4862] in libctranslate2.so.4
=========         Host Frame: ctranslate2::Worker::run(ctranslate2::JobQueue&) [0x427542] in libctranslate2.so.4
=========         Host Frame:  [0xdc252] in libstdc++.so.6
=========         Host Frame:  [0x94a82] in libc.so.6
=========         Host Frame:  [0x1268df] in libc.so.6
========= 
========= Uninitialized __global__ memory read of size 2 bytes
=========     at void cub::CUB_200700_860_NS::detail::for_each::static_kernel<cub::CUB_200700_860_NS::detail::for_each::policy_hub_t::policy_350_t, long, thrust::THRUST_200700_860_NS::cuda_cub::__transform::unary_transform_f<const __half *, __half *, thrust::THRUST_200700_860_NS::cuda_cub::__transform::no_stencil_tag, ctranslate2::cuda::gelu_func<__half>, thrust::THRUST_200700_860_NS::cuda_cub::__transform::always_true_predicate>>(T2, T3)+0x680
=========     by thread (76,0,0) in block (0,0,0)
=========     Address 0xe26d95698
=========     Saved host backtrace up to driver entry point at kernel launch time
=========         Host Frame: cudaLaunchKernel [0x800867] in libctranslate2.so.4
=========         Host Frame: void ctranslate2::primitives<(ctranslate2::Device)1>::gelu<half_float::half>(half_float::half const*, half_float::half*, long) [0x706f31] in libctranslate2.so.4
=========         Host Frame: void ctranslate2::ops::Conv1D::compute<(ctranslate2::Device)1, half_float::half>(ctranslate2::StorageView const&, ctranslate2::StorageView const&, ctranslate2::StorageView const*, ctranslate2::StorageView&, ctranslate2::StorageView const*) const [0x78e9bf] in libctranslate2.so.4
=========         Host Frame: ctranslate2::layers::WhisperEncoder::operator()(ctranslate2::StorageView const&, ctranslate2::StorageView&) [0x36c58b] in libctranslate2.so.4
=========         Host Frame: ctranslate2::models::WhisperReplica::maybe_encode(ctranslate2::StorageView) [0x3ca649] in libctranslate2.so.4
=========         Host Frame: ctranslate2::models::WhisperReplica::generate(ctranslate2::StorageView, std::vector<std::vector<unsigned long, std::allocator<unsigned long> >, std::allocator<std::vector<unsigned long, std::allocator<unsigned long> > > > const&, ctranslate2::models::WhisperOptions const&) [0x3d2732] in libctranslate2.so.4
=========         Host Frame: ctranslate2::models::WhisperReplica::generate(ctranslate2::StorageView, std::vector<std::vector<std::__cxx11::basic_string<char, std::char_traits<char>, std::allocator<char> >, std::allocator<std::__cxx11::basic_string<char, std::char_traits<char>, std::allocator<char> > > >, std::allocator<std::vector<std::__cxx11::basic_string<char, std::char_traits<char>, std::allocator<char> >, std::allocator<std::__cxx11::basic_string<char, std::char_traits<char>, std::allocator<char> > > > > > const&, ctranslate2::models::WhisperOptions const&) [0x3d4739] in libctranslate2.so.4
=========         Host Frame: ctranslate2::ReplicaPool<ctranslate2::models::WhisperReplica>::BatchJob<ctranslate2::models::WhisperGenerationResult, ctranslate2::ReplicaPool<ctranslate2::models::WhisperReplica>::post_batch<ctranslate2::models::WhisperGenerationResult, ctranslate2::models::Whisper::generate(ctranslate2::StorageView const&, std::vector<std::vector<std::__cxx11::basic_string<char, std::char_traits<char>, std::allocator<char> >, std::allocator<std::__cxx11::basic_string<char, std::char_traits<char>, std::allocator<char> > > >, std::allocator<std::vector<std::__cxx11::basic_string<char, std::char_traits<char>, std::allocator<char> >, std::allocator<std::__cxx11::basic_string<char, std::char_traits<char>, std::allocator<char> > > > > >, ctranslate2::models::WhisperOptions)::{lambda(ctranslate2::models::WhisperReplica&)#1}>(ctranslate2::models::Whisper::generate(ctranslate2::StorageView const&, std::vector<std::vector<std::__cxx11::basic_string<char, std::char_traits<char>, std::allocator<char> >, std::allocator<std::__cxx11::basic_string<char, std::char_traits<char>, std::allocator<char> > > >, std::allocator<std::vector<std::__cxx11::basic_string<char, std::char_traits<char>, std::allocator<char> >, std::allocator<std::__cxx11::basic_string<char, std::char_traits<char>, std::allocator<char> > > > > >, ctranslate2::models::WhisperOptions)::{lambda(ctranslate2::models::WhisperReplica&)#1}, std::vector<std::promise<ctranslate2::models::WhisperGenerationResult>, std::allocator<ctranslate2::models::WhisperGenerationResult> >)::{lambda()#1}>::run() [0x3d4862] in libctranslate2.so.4
=========         Host Frame: ctranslate2::Worker::run(ctranslate2::JobQueue&) [0x427542] in libctranslate2.so.4
=========         Host Frame:  [0xdc252] in libstdc++.so.6
=========         Host Frame:  [0x94a82] in libc.so.6
=========         Host Frame:  [0x1268df] in libc.so.6
========= 
========= Uninitialized __global__ memory read of size 2 bytes
=========     at void cub::CUB_200700_860_NS::detail::for_each::static_kernel<cub::CUB_200700_860_NS::detail::for_each::policy_hub_t::policy_350_t, long, thrust::THRUST_200700_860_NS::cuda_cub::__transform::unary_transform_f<const __half *, __half *, thrust::THRUST_200700_860_NS::cuda_cub::__transform::no_stencil_tag, ctranslate2::cuda::gelu_func<__half>, thrust::THRUST_200700_860_NS::cuda_cub::__transform::always_true_predicate>>(T2, T3)+0x680
=========     by thread (77,0,0) in block (0,0,0)
=========     Address 0xe26d9569a
=========     Saved host backtrace up to driver entry point at kernel launch time
=========         Host Frame: cudaLaunchKernel [0x800867] in libctranslate2.so.4
=========         Host Frame: void ctranslate2::primitives<(ctranslate2::Device)1>::gelu<half_float::half>(half_float::half const*, half_float::half*, long) [0x706f31] in libctranslate2.so.4
=========         Host Frame: void ctranslate2::ops::Conv1D::compute<(ctranslate2::Device)1, half_float::half>(ctranslate2::StorageView const&, ctranslate2::StorageView const&, ctranslate2::StorageView const*, ctranslate2::StorageView&, ctranslate2::StorageView const*) const [0x78e9bf] in libctranslate2.so.4
=========         Host Frame: ctranslate2::layers::WhisperEncoder::operator()(ctranslate2::StorageView const&, ctranslate2::StorageView&) [0x36c58b] in libctranslate2.so.4
=========         Host Frame: ctranslate2::models::WhisperReplica::maybe_encode(ctranslate2::StorageView) [0x3ca649] in libctranslate2.so.4
=========         Host Frame: ctranslate2::models::WhisperReplica::generate(ctranslate2::StorageView, std::vector<std::vector<unsigned long, std::allocator<unsigned long> >, std::allocator<std::vector<unsigned long, std::allocator<unsigned long> > > > const&, ctranslate2::models::WhisperOptions const&) [0x3d2732] in libctranslate2.so.4
=========         Host Frame: ctranslate2::models::WhisperReplica::generate(ctranslate2::StorageView, std::vector<std::vector<std::__cxx11::basic_string<char, std::char_traits<char>, std::allocator<char> >, std::allocator<std::__cxx11::basic_string<char, std::char_traits<char>, std::allocator<char> > > >, std::allocator<std::vector<std::__cxx11::basic_string<char, std::char_traits<char>, std::allocator<char> >, std::allocator<std::__cxx11::basic_string<char, std::char_traits<char>, std::allocator<char> > > > > > const&, ctranslate2::models::WhisperOptions const&) [0x3d4739] in libctranslate2.so.4
=========         Host Frame: ctranslate2::ReplicaPool<ctranslate2::models::WhisperReplica>::BatchJob<ctranslate2::models::WhisperGenerationResult, ctranslate2::ReplicaPool<ctranslate2::models::WhisperReplica>::post_batch<ctranslate2::models::WhisperGenerationResult, ctranslate2::models::Whisper::generate(ctranslate2::StorageView const&, std::vector<std::vector<std::__cxx11::basic_string<char, std::char_traits<char>, std::allocator<char> >, std::allocator<std::__cxx11::basic_string<char, std::char_traits<char>, std::allocator<char> > > >, std::allocator<std::vector<std::__cxx11::basic_string<char, std::char_traits<char>, std::allocator<char> >, std::allocator<std::__cxx11::basic_string<char, std::char_traits<char>, std::allocator<char> > > > > >, ctranslate2::models::WhisperOptions)::{lambda(ctranslate2::models::WhisperReplica&)#1}>(ctranslate2::models::Whisper::generate(ctranslate2::StorageView const&, std::vector<std::vector<std::__cxx11::basic_string<char, std::char_traits<char>, std::allocator<char> >, std::allocator<std::__cxx11::basic_string<char, std::char_traits<char>, std::allocator<char> > > >, std::allocator<std::vector<std::__cxx11::basic_string<char, std::char_traits<char>, std::allocator<char> >, std::allocator<std::__cxx11::basic_string<char, std::char_traits<char>, std::allocator<char> > > > > >, ctranslate2::models::WhisperOptions)::{lambda(ctranslate2::models::WhisperReplica&)#1}, std::vector<std::promise<ctranslate2::models::WhisperGenerationResult>, std::allocator<ctranslate2::models::WhisperGenerationResult> >)::{lambda()#1}>::run() [0x3d4862] in libctranslate2.so.4
=========         Host Frame: ctranslate2::Worker::run(ctranslate2::JobQueue&) [0x427542] in libctranslate2.so.4
=========         Host Frame:  [0xdc252] in libstdc++.so.6
=========         Host Frame:  [0x94a82] in libc.so.6
=========         Host Frame:  [0x1268df] in libc.so.6
========= 
========= Uninitialized __global__ memory read of size 2 bytes
=========     at void cub::CUB_200700_860_NS::detail::for_each::static_kernel<cub::CUB_200700_860_NS::detail::for_each::policy_hub_t::policy_350_t, long, thrust::THRUST_200700_860_NS::cuda_cub::__transform::unary_transform_f<const __half *, __half *, thrust::THRUST_200700_860_NS::cuda_cub::__transform::no_stencil_tag, ctranslate2::cuda::gelu_func<__half>, thrust::THRUST_200700_860_NS::cuda_cub::__transform::always_true_predicate>>(T2, T3)+0x680
=========     by thread (78,0,0) in block (0,0,0)
=========     Address 0xe26d9569c
=========     Saved host backtrace up to driver entry point at kernel launch time
=========         Host Frame: cudaLaunchKernel [0x800867] in libctranslate2.so.4
=========         Host Frame: void ctranslate2::primitives<(ctranslate2::Device)1>::gelu<half_float::half>(half_float::half const*, half_float::half*, long) [0x706f31] in libctranslate2.so.4
=========         Host Frame: void ctranslate2::ops::Conv1D::compute<(ctranslate2::Device)1, half_float::half>(ctranslate2::StorageView const&, ctranslate2::StorageView const&, ctranslate2::StorageView const*, ctranslate2::StorageView&, ctranslate2::StorageView const*) const [0x78e9bf] in libctranslate2.so.4
=========         Host Frame: ctranslate2::layers::WhisperEncoder::operator()(ctranslate2::StorageView const&, ctranslate2::StorageView&) [0x36c58b] in libctranslate2.so.4
=========         Host Frame: ctranslate2::models::WhisperReplica::maybe_encode(ctranslate2::StorageView) [0x3ca649] in libctranslate2.so.4
=========         Host Frame: ctranslate2::models::WhisperReplica::generate(ctranslate2::StorageView, std::vector<std::vector<unsigned long, std::allocator<unsigned long> >, std::allocator<std::vector<unsigned long, std::allocator<unsigned long> > > > const&, ctranslate2::models::WhisperOptions const&) [0x3d2732] in libctranslate2.so.4
=========         Host Frame: ctranslate2::models::WhisperReplica::generate(ctranslate2::StorageView, std::vector<std::vector<std::__cxx11::basic_string<char, std::char_traits<char>, std::allocator<char> >, std::allocator<std::__cxx11::basic_string<char, std::char_traits<char>, std::allocator<char> > > >, std::allocator<std::vector<std::__cxx11::basic_string<char, std::char_traits<char>, std::allocator<char> >, std::allocator<std::__cxx11::basic_string<char, std::char_traits<char>, std::allocator<char> > > > > > const&, ctranslate2::models::WhisperOptions const&) [0x3d4739] in libctranslate2.so.4
=========         Host Frame: ctranslate2::ReplicaPool<ctranslate2::models::WhisperReplica>::BatchJob<ctranslate2::models::WhisperGenerationResult, ctranslate2::ReplicaPool<ctranslate2::models::WhisperReplica>::post_batch<ctranslate2::models::WhisperGenerationResult, ctranslate2::models::Whisper::generate(ctranslate2::StorageView const&, std::vector<std::vector<std::__cxx11::basic_string<char, std::char_traits<char>, std::allocator<char> >, std::allocator<std::__cxx11::basic_string<char, std::char_traits<char>, std::allocator<char> > > >, std::allocator<std::vector<std::__cxx11::basic_string<char, std::char_traits<char>, std::allocator<char> >, std::allocator<std::__cxx11::basic_string<char, std::char_traits<char>, std::allocator<char> > > > > >, ctranslate2::models::WhisperOptions)::{lambda(ctranslate2::models::WhisperReplica&)#1}>(ctranslate2::models::Whisper::generate(ctranslate2::StorageView const&, std::vector<std::vector<std::__cxx11::basic_string<char, std::char_traits<char>, std::allocator<char> >, std::allocator<std::__cxx11::basic_string<char, std::char_traits<char>, std::allocator<char> > > >, std::allocator<std::vector<std::__cxx11::basic_string<char, std::char_traits<char>, std::allocator<char> >, std::allocator<std::__cxx11::basic_string<char, std::char_traits<char>, std::allocator<char> > > > > >, ctranslate2::models::WhisperOptions)::{lambda(ctranslate2::models::WhisperReplica&)#1}, std::vector<std::promise<ctranslate2::models::WhisperGenerationResult>, std::allocator<ctranslate2::models::WhisperGenerationResult> >)::{lambda()#1}>::run() [0x3d4862] in libctranslate2.so.4
=========         Host Frame: ctranslate2::Worker::run(ctranslate2::JobQueue&) [0x427542] in libctranslate2.so.4
=========         Host Frame:  [0xdc252] in libstdc++.so.6
=========         Host Frame:  [0x94a82] in libc.so.6
=========         Host Frame:  [0x1268df] in libc.so.6
========= 
========= Uninitialized __global__ memory read of size 2 bytes
=========     at void cub::CUB_200700_860_NS::detail::for_each::static_kernel<cub::CUB_200700_860_NS::detail::for_each::policy_hub_t::policy_350_t, long, thrust::THRUST_200700_860_NS::cuda_cub::__transform::unary_transform_f<const __half *, __half *, thrust::THRUST_200700_860_NS::cuda_cub::__transform::no_stencil_tag, ctranslate2::cuda::gelu_func<__half>, thrust::THRUST_200700_860_NS::cuda_cub::__transform::always_true_predicate>>(T2, T3)+0x680
=========     by thread (79,0,0) in block (0,0,0)
=========     Address 0xe26d9569e
=========     Saved host backtrace up to driver entry point at kernel launch time
=========         Host Frame: cudaLaunchKernel [0x800867] in libctranslate2.so.4
=========         Host Frame: void ctranslate2::primitives<(ctranslate2::Device)1>::gelu<half_float::half>(half_float::half const*, half_float::half*, long) [0x706f31] in libctranslate2.so.4
=========         Host Frame: void ctranslate2::ops::Conv1D::compute<(ctranslate2::Device)1, half_float::half>(ctranslate2::StorageView const&, ctranslate2::StorageView const&, ctranslate2::StorageView const*, ctranslate2::StorageView&, ctranslate2::StorageView const*) const [0x78e9bf] in libctranslate2.so.4
=========         Host Frame: ctranslate2::layers::WhisperEncoder::operator()(ctranslate2::StorageView const&, ctranslate2::StorageView&) [0x36c58b] in libctranslate2.so.4
=========         Host Frame: ctranslate2::models::WhisperReplica::maybe_encode(ctranslate2::StorageView) [0x3ca649] in libctranslate2.so.4
=========         Host Frame: ctranslate2::models::WhisperReplica::generate(ctranslate2::StorageView, std::vector<std::vector<unsigned long, std::allocator<unsigned long> >, std::allocator<std::vector<unsigned long, std::allocator<unsigned long> > > > const&, ctranslate2::models::WhisperOptions const&) [0x3d2732] in libctranslate2.so.4
=========         Host Frame: ctranslate2::models::WhisperReplica::generate(ctranslate2::StorageView, std::vector<std::vector<std::__cxx11::basic_string<char, std::char_traits<char>, std::allocator<char> >, std::allocator<std::__cxx11::basic_string<char, std::char_traits<char>, std::allocator<char> > > >, std::allocator<std::vector<std::__cxx11::basic_string<char, std::char_traits<char>, std::allocator<char> >, std::allocator<std::__cxx11::basic_string<char, std::char_traits<char>, std::allocator<char> > > > > > const&, ctranslate2::models::WhisperOptions const&) [0x3d4739] in libctranslate2.so.4
=========         Host Frame: ctranslate2::ReplicaPool<ctranslate2::models::WhisperReplica>::BatchJob<ctranslate2::models::WhisperGenerationResult, ctranslate2::ReplicaPool<ctranslate2::models::WhisperReplica>::post_batch<ctranslate2::models::WhisperGenerationResult, ctranslate2::models::Whisper::generate(ctranslate2::StorageView const&, std::vector<std::vector<std::__cxx11::basic_string<char, std::char_traits<char>, std::allocator<char> >, std::allocator<std::__cxx11::basic_string<char, std::char_traits<char>, std::allocator<char> > > >, std::allocator<std::vector<std::__cxx11::basic_string<char, std::char_traits<char>, std::allocator<char> >, std::allocator<std::__cxx11::basic_string<char, std::char_traits<char>, std::allocator<char> > > > > >, ctranslate2::models::WhisperOptions)::{lambda(ctranslate2::models::WhisperReplica&)#1}>(ctranslate2::models::Whisper::generate(ctranslate2::StorageView const&, std::vector<std::vector<std::__cxx11::basic_string<char, std::char_traits<char>, std::allocator<char> >, std::allocator<std::__cxx11::basic_string<char, std::char_traits<char>, std::allocator<char> > > >, std::allocator<std::vector<std::__cxx11::basic_string<char, std::char_traits<char>, std::allocator<char> >, std::allocator<std::__cxx11::basic_string<char, std::char_traits<char>, std::allocator<char> > > > > >, ctranslate2::models::WhisperOptions)::{lambda(ctranslate2::models::WhisperReplica&)#1}, std::vector<std::promise<ctranslate2::models::WhisperGenerationResult>, std::allocator<ctranslate2::models::WhisperGenerationResult> >)::{lambda()#1}>::run() [0x3d4862] in libctranslate2.so.4
=========         Host Frame: ctranslate2::Worker::run(ctranslate2::JobQueue&) [0x427542] in libctranslate2.so.4
=========         Host Frame:  [0xdc252] in libstdc++.so.6
=========         Host Frame:  [0x94a82] in libc.so.6
=========         Host Frame:  [0x1268df] in libc.so.6
========= 
========= Uninitialized __global__ memory read of size 2 bytes
=========     at void cub::CUB_200700_860_NS::detail::for_each::static_kernel<cub::CUB_200700_860_NS::detail::for_each::policy_hub_t::policy_350_t, long, thrust::THRUST_200700_860_NS::cuda_cub::__transform::unary_transform_f<const __half *, __half *, thrust::THRUST_200700_860_NS::cuda_cub::__transform::no_stencil_tag, ctranslate2::cuda::gelu_func<__half>, thrust::THRUST_200700_860_NS::cuda_cub::__transform::always_true_predicate>>(T2, T3)+0x680
=========     by thread (80,0,0) in block (0,0,0)
=========     Address 0xe26d956a0
=========     Saved host backtrace up to driver entry point at kernel launch time
=========         Host Frame: cudaLaunchKernel [0x800867] in libctranslate2.so.4
=========         Host Frame: void ctranslate2::primitives<(ctranslate2::Device)1>::gelu<half_float::half>(half_float::half const*, half_float::half*, long) [0x706f31] in libctranslate2.so.4
=========         Host Frame: void ctranslate2::ops::Conv1D::compute<(ctranslate2::Device)1, half_float::half>(ctranslate2::StorageView const&, ctranslate2::StorageView const&, ctranslate2::StorageView const*, ctranslate2::StorageView&, ctranslate2::StorageView const*) const [0x78e9bf] in libctranslate2.so.4
=========         Host Frame: ctranslate2::layers::WhisperEncoder::operator()(ctranslate2::StorageView const&, ctranslate2::StorageView&) [0x36c58b] in libctranslate2.so.4
=========         Host Frame: ctranslate2::models::WhisperReplica::maybe_encode(ctranslate2::StorageView) [0x3ca649] in libctranslate2.so.4
=========         Host Frame: ctranslate2::models::WhisperReplica::generate(ctranslate2::StorageView, std::vector<std::vector<unsigned long, std::allocator<unsigned long> >, std::allocator<std::vector<unsigned long, std::allocator<unsigned long> > > > const&, ctranslate2::models::WhisperOptions const&) [0x3d2732] in libctranslate2.so.4
=========         Host Frame: ctranslate2::models::WhisperReplica::generate(ctranslate2::StorageView, std::vector<std::vector<std::__cxx11::basic_string<char, std::char_traits<char>, std::allocator<char> >, std::allocator<std::__cxx11::basic_string<char, std::char_traits<char>, std::allocator<char> > > >, std::allocator<std::vector<std::__cxx11::basic_string<char, std::char_traits<char>, std::allocator<char> >, std::allocator<std::__cxx11::basic_string<char, std::char_traits<char>, std::allocator<char> > > > > > const&, ctranslate2::models::WhisperOptions const&) [0x3d4739] in libctranslate2.so.4
=========         Host Frame: ctranslate2::ReplicaPool<ctranslate2::models::WhisperReplica>::BatchJob<ctranslate2::models::WhisperGenerationResult, ctranslate2::ReplicaPool<ctranslate2::models::WhisperReplica>::post_batch<ctranslate2::models::WhisperGenerationResult, ctranslate2::models::Whisper::generate(ctranslate2::StorageView const&, std::vector<std::vector<std::__cxx11::basic_string<char, std::char_traits<char>, std::allocator<char> >, std::allocator<std::__cxx11::basic_string<char, std::char_traits<char>, std::allocator<char> > > >, std::allocator<std::vector<std::__cxx11::basic_string<char, std::char_traits<char>, std::allocator<char> >, std::allocator<std::__cxx11::basic_string<char, std::char_traits<char>, std::allocator<char> > > > > >, ctranslate2::models::WhisperOptions)::{lambda(ctranslate2::models::WhisperReplica&)#1}>(ctranslate2::models::Whisper::generate(ctranslate2::StorageView const&, std::vector<std::vector<std::__cxx11::basic_string<char, std::char_traits<char>, std::allocator<char> >, std::allocator<std::__cxx11::basic_string<char, std::char_traits<char>, std::allocator<char> > > >, std::allocator<std::vector<std::__cxx11::basic_string<char, std::char_traits<char>, std::allocator<char> >, std::allocator<std::__cxx11::basic_string<char, std::char_traits<char>, std::allocator<char> > > > > >, ctranslate2::models::WhisperOptions)::{lambda(ctranslate2::models::WhisperReplica&)#1}, std::vector<std::promise<ctranslate2::models::WhisperGenerationResult>, std::allocator<ctranslate2::models::WhisperGenerationResult> >)::{lambda()#1}>::run() [0x3d4862] in libctranslate2.so.4
=========         Host Frame: ctranslate2::Worker::run(ctranslate2::JobQueue&) [0x427542] in libctranslate2.so.4
=========         Host Frame:  [0xdc252] in libstdc++.so.6
=========         Host Frame:  [0x94a82] in libc.so.6
=========         Host Frame:  [0x1268df] in libc.so.6
========= 
========= Uninitialized __global__ memory read of size 2 bytes
=========     at void cub::CUB_200700_860_NS::detail::for_each::static_kernel<cub::CUB_200700_860_NS::detail::for_each::policy_hub_t::policy_350_t, long, thrust::THRUST_200700_860_NS::cuda_cub::__transform::unary_transform_f<const __half *, __half *, thrust::THRUST_200700_860_NS::cuda_cub::__transform::no_stencil_tag, ctranslate2::cuda::gelu_func<__half>, thrust::THRUST_200700_860_NS::cuda_cub::__transform::always_true_predicate>>(T2, T3)+0x680
=========     by thread (81,0,0) in block (0,0,0)
=========     Address 0xe26d956a2
=========     Saved host backtrace up to driver entry point at kernel launch time
=========         Host Frame: cudaLaunchKernel [0x800867] in libctranslate2.so.4
=========         Host Frame: void ctranslate2::primitives<(ctranslate2::Device)1>::gelu<half_float::half>(half_float::half const*, half_float::half*, long) [0x706f31] in libctranslate2.so.4
=========         Host Frame: void ctranslate2::ops::Conv1D::compute<(ctranslate2::Device)1, half_float::half>(ctranslate2::StorageView const&, ctranslate2::StorageView const&, ctranslate2::StorageView const*, ctranslate2::StorageView&, ctranslate2::StorageView const*) const [0x78e9bf] in libctranslate2.so.4
=========         Host Frame: ctranslate2::layers::WhisperEncoder::operator()(ctranslate2::StorageView const&, ctranslate2::StorageView&) [0x36c58b] in libctranslate2.so.4
=========         Host Frame: ctranslate2::models::WhisperReplica::maybe_encode(ctranslate2::StorageView) [0x3ca649] in libctranslate2.so.4
=========         Host Frame: ctranslate2::models::WhisperReplica::generate(ctranslate2::StorageView, std::vector<std::vector<unsigned long, std::allocator<unsigned long> >, std::allocator<std::vector<unsigned long, std::allocator<unsigned long> > > > const&, ctranslate2::models::WhisperOptions const&) [0x3d2732] in libctranslate2.so.4
=========         Host Frame: ctranslate2::models::WhisperReplica::generate(ctranslate2::StorageView, std::vector<std::vector<std::__cxx11::basic_string<char, std::char_traits<char>, std::allocator<char> >, std::allocator<std::__cxx11::basic_string<char, std::char_traits<char>, std::allocator<char> > > >, std::allocator<std::vector<std::__cxx11::basic_string<char, std::char_traits<char>, std::allocator<char> >, std::allocator<std::__cxx11::basic_string<char, std::char_traits<char>, std::allocator<char> > > > > > const&, ctranslate2::models::WhisperOptions const&) [0x3d4739] in libctranslate2.so.4
=========         Host Frame: ctranslate2::ReplicaPool<ctranslate2::models::WhisperReplica>::BatchJob<ctranslate2::models::WhisperGenerationResult, ctranslate2::ReplicaPool<ctranslate2::models::WhisperReplica>::post_batch<ctranslate2::models::WhisperGenerationResult, ctranslate2::models::Whisper::generate(ctranslate2::StorageView const&, std::vector<std::vector<std::__cxx11::basic_string<char, std::char_traits<char>, std::allocator<char> >, std::allocator<std::__cxx11::basic_string<char, std::char_traits<char>, std::allocator<char> > > >, std::allocator<std::vector<std::__cxx11::basic_string<char, std::char_traits<char>, std::allocator<char> >, std::allocator<std::__cxx11::basic_string<char, std::char_traits<char>, std::allocator<char> > > > > >, ctranslate2::models::WhisperOptions)::{lambda(ctranslate2::models::WhisperReplica&)#1}>(ctranslate2::models::Whisper::generate(ctranslate2::StorageView const&, std::vector<std::vector<std::__cxx11::basic_string<char, std::char_traits<char>, std::allocator<char> >, std::allocator<std::__cxx11::basic_string<char, std::char_traits<char>, std::allocator<char> > > >, std::allocator<std::vector<std::__cxx11::basic_string<char, std::char_traits<char>, std::allocator<char> >, std::allocator<std::__cxx11::basic_string<char, std::char_traits<char>, std::allocator<char> > > > > >, ctranslate2::models::WhisperOptions)::{lambda(ctranslate2::models::WhisperReplica&)#1}, std::vector<std::promise<ctranslate2::models::WhisperGenerationResult>, std::allocator<ctranslate2::models::WhisperGenerationResult> >)::{lambda()#1}>::run() [0x3d4862] in libctranslate2.so.4
=========         Host Frame: ctranslate2::Worker::run(ctranslate2::JobQueue&) [0x427542] in libctranslate2.so.4
=========         Host Frame:  [0xdc252] in libstdc++.so.6
=========         Host Frame:  [0x94a82] in libc.so.6
=========         Host Frame:  [0x1268df] in libc.so.6
========= 
========= Uninitialized __global__ memory read of size 2 bytes
=========     at void cub::CUB_200700_860_NS::detail::for_each::static_kernel<cub::CUB_200700_860_NS::detail::for_each::policy_hub_t::policy_350_t, long, thrust::THRUST_200700_860_NS::cuda_cub::__transform::unary_transform_f<const __half *, __half *, thrust::THRUST_200700_860_NS::cuda_cub::__transform::no_stencil_tag, ctranslate2::cuda::gelu_func<__half>, thrust::THRUST_200700_860_NS::cuda_cub::__transform::always_true_predicate>>(T2, T3)+0x680
=========     by thread (82,0,0) in block (0,0,0)
=========     Address 0xe26d956a4
=========     Saved host backtrace up to driver entry point at kernel launch time
=========         Host Frame: cudaLaunchKernel [0x800867] in libctranslate2.so.4
=========         Host Frame: void ctranslate2::primitives<(ctranslate2::Device)1>::gelu<half_float::half>(half_float::half const*, half_float::half*, long) [0x706f31] in libctranslate2.so.4
=========         Host Frame: void ctranslate2::ops::Conv1D::compute<(ctranslate2::Device)1, half_float::half>(ctranslate2::StorageView const&, ctranslate2::StorageView const&, ctranslate2::StorageView const*, ctranslate2::StorageView&, ctranslate2::StorageView const*) const [0x78e9bf] in libctranslate2.so.4
=========         Host Frame: ctranslate2::layers::WhisperEncoder::operator()(ctranslate2::StorageView const&, ctranslate2::StorageView&) [0x36c58b] in libctranslate2.so.4
=========         Host Frame: ctranslate2::models::WhisperReplica::maybe_encode(ctranslate2::StorageView) [0x3ca649] in libctranslate2.so.4
=========         Host Frame: ctranslate2::models::WhisperReplica::generate(ctranslate2::StorageView, std::vector<std::vector<unsigned long, std::allocator<unsigned long> >, std::allocator<std::vector<unsigned long, std::allocator<unsigned long> > > > const&, ctranslate2::models::WhisperOptions const&) [0x3d2732] in libctranslate2.so.4
=========         Host Frame: ctranslate2::models::WhisperReplica::generate(ctranslate2::StorageView, std::vector<std::vector<std::__cxx11::basic_string<char, std::char_traits<char>, std::allocator<char> >, std::allocator<std::__cxx11::basic_string<char, std::char_traits<char>, std::allocator<char> > > >, std::allocator<std::vector<std::__cxx11::basic_string<char, std::char_traits<char>, std::allocator<char> >, std::allocator<std::__cxx11::basic_string<char, std::char_traits<char>, std::allocator<char> > > > > > const&, ctranslate2::models::WhisperOptions const&) [0x3d4739] in libctranslate2.so.4
=========         Host Frame: ctranslate2::ReplicaPool<ctranslate2::models::WhisperReplica>::BatchJob<ctranslate2::models::WhisperGenerationResult, ctranslate2::ReplicaPool<ctranslate2::models::WhisperReplica>::post_batch<ctranslate2::models::WhisperGenerationResult, ctranslate2::models::Whisper::generate(ctranslate2::StorageView const&, std::vector<std::vector<std::__cxx11::basic_string<char, std::char_traits<char>, std::allocator<char> >, std::allocator<std::__cxx11::basic_string<char, std::char_traits<char>, std::allocator<char> > > >, std::allocator<std::vector<std::__cxx11::basic_string<char, std::char_traits<char>, std::allocator<char> >, std::allocator<std::__cxx11::basic_string<char, std::char_traits<char>, std::allocator<char> > > > > >, ctranslate2::models::WhisperOptions)::{lambda(ctranslate2::models::WhisperReplica&)#1}>(ctranslate2::models::Whisper::generate(ctranslate2::StorageView const&, std::vector<std::vector<std::__cxx11::basic_string<char, std::char_traits<char>, std::allocator<char> >, std::allocator<std::__cxx11::basic_string<char, std::char_traits<char>, std::allocator<char> > > >, std::allocator<std::vector<std::__cxx11::basic_string<char, std::char_traits<char>, std::allocator<char> >, std::allocator<std::__cxx11::basic_string<char, std::char_traits<char>, std::allocator<char> > > > > >, ctranslate2::models::WhisperOptions)::{lambda(ctranslate2::models::WhisperReplica&)#1}, std::vector<std::promise<ctranslate2::models::WhisperGenerationResult>, std::allocator<ctranslate2::models::WhisperGenerationResult> >)::{lambda()#1}>::run() [0x3d4862] in libctranslate2.so.4
=========         Host Frame: ctranslate2::Worker::run(ctranslate2::JobQueue&) [0x427542] in libctranslate2.so.4
=========         Host Frame:  [0xdc252] in libstdc++.so.6
=========         Host Frame:  [0x94a82] in libc.so.6
=========         Host Frame:  [0x1268df] in libc.so.6
========= 
========= Uninitialized __global__ memory read of size 2 bytes
=========     at void cub::CUB_200700_860_NS::detail::for_each::static_kernel<cub::CUB_200700_860_NS::detail::for_each::policy_hub_t::policy_350_t, long, thrust::THRUST_200700_860_NS::cuda_cub::__transform::unary_transform_f<const __half *, __half *, thrust::THRUST_200700_860_NS::cuda_cub::__transform::no_stencil_tag, ctranslate2::cuda::gelu_func<__half>, thrust::THRUST_200700_860_NS::cuda_cub::__transform::always_true_predicate>>(T2, T3)+0x680
=========     by thread (83,0,0) in block (0,0,0)
=========     Address 0xe26d956a6
=========     Saved host backtrace up to driver entry point at kernel launch time
=========         Host Frame: cudaLaunchKernel [0x800867] in libctranslate2.so.4
=========         Host Frame: void ctranslate2::primitives<(ctranslate2::Device)1>::gelu<half_float::half>(half_float::half const*, half_float::half*, long) [0x706f31] in libctranslate2.so.4
=========         Host Frame: void ctranslate2::ops::Conv1D::compute<(ctranslate2::Device)1, half_float::half>(ctranslate2::StorageView const&, ctranslate2::StorageView const&, ctranslate2::StorageView const*, ctranslate2::StorageView&, ctranslate2::StorageView const*) const [0x78e9bf] in libctranslate2.so.4
=========         Host Frame: ctranslate2::layers::WhisperEncoder::operator()(ctranslate2::StorageView const&, ctranslate2::StorageView&) [0x36c58b] in libctranslate2.so.4
=========         Host Frame: ctranslate2::models::WhisperReplica::maybe_encode(ctranslate2::StorageView) [0x3ca649] in libctranslate2.so.4
=========         Host Frame: ctranslate2::models::WhisperReplica::generate(ctranslate2::StorageView, std::vector<std::vector<unsigned long, std::allocator<unsigned long> >, std::allocator<std::vector<unsigned long, std::allocator<unsigned long> > > > const&, ctranslate2::models::WhisperOptions const&) [0x3d2732] in libctranslate2.so.4
=========         Host Frame: ctranslate2::models::WhisperReplica::generate(ctranslate2::StorageView, std::vector<std::vector<std::__cxx11::basic_string<char, std::char_traits<char>, std::allocator<char> >, std::allocator<std::__cxx11::basic_string<char, std::char_traits<char>, std::allocator<char> > > >, std::allocator<std::vector<std::__cxx11::basic_string<char, std::char_traits<char>, std::allocator<char> >, std::allocator<std::__cxx11::basic_string<char, std::char_traits<char>, std::allocator<char> > > > > > const&, ctranslate2::models::WhisperOptions const&) [0x3d4739] in libctranslate2.so.4
=========         Host Frame: ctranslate2::ReplicaPool<ctranslate2::models::WhisperReplica>::BatchJob<ctranslate2::models::WhisperGenerationResult, ctranslate2::ReplicaPool<ctranslate2::models::WhisperReplica>::post_batch<ctranslate2::models::WhisperGenerationResult, ctranslate2::models::Whisper::generate(ctranslate2::StorageView const&, std::vector<std::vector<std::__cxx11::basic_string<char, std::char_traits<char>, std::allocator<char> >, std::allocator<std::__cxx11::basic_string<char, std::char_traits<char>, std::allocator<char> > > >, std::allocator<std::vector<std::__cxx11::basic_string<char, std::char_traits<char>, std::allocator<char> >, std::allocator<std::__cxx11::basic_string<char, std::char_traits<char>, std::allocator<char> > > > > >, ctranslate2::models::WhisperOptions)::{lambda(ctranslate2::models::WhisperReplica&)#1}>(ctranslate2::models::Whisper::generate(ctranslate2::StorageView const&, std::vector<std::vector<std::__cxx11::basic_string<char, std::char_traits<char>, std::allocator<char> >, std::allocator<std::__cxx11::basic_string<char, std::char_traits<char>, std::allocator<char> > > >, std::allocator<std::vector<std::__cxx11::basic_string<char, std::char_traits<char>, std::allocator<char> >, std::allocator<std::__cxx11::basic_string<char, std::char_traits<char>, std::allocator<char> > > > > >, ctranslate2::models::WhisperOptions)::{lambda(ctranslate2::models::WhisperReplica&)#1}, std::vector<std::promise<ctranslate2::models::WhisperGenerationResult>, std::allocator<ctranslate2::models::WhisperGenerationResult> >)::{lambda()#1}>::run() [0x3d4862] in libctranslate2.so.4
=========         Host Frame: ctranslate2::Worker::run(ctranslate2::JobQueue&) [0x427542] in libctranslate2.so.4
=========         Host Frame:  [0xdc252] in libstdc++.so.6
=========         Host Frame:  [0x94a82] in libc.so.6
=========         Host Frame:  [0x1268df] in libc.so.6
========= 
========= Uninitialized __global__ memory read of size 2 bytes
=========     at void cub::CUB_200700_860_NS::detail::for_each::static_kernel<cub::CUB_200700_860_NS::detail::for_each::policy_hub_t::policy_350_t, long, thrust::THRUST_200700_860_NS::cuda_cub::__transform::unary_transform_f<const __half *, __half *, thrust::THRUST_200700_860_NS::cuda_cub::__transform::no_stencil_tag, ctranslate2::cuda::gelu_func<__half>, thrust::THRUST_200700_860_NS::cuda_cub::__transform::always_true_predicate>>(T2, T3)+0x680
=========     by thread (84,0,0) in block (0,0,0)
=========     Address 0xe26d956a8
=========     Saved host backtrace up to driver entry point at kernel launch time
=========         Host Frame: cudaLaunchKernel [0x800867] in libctranslate2.so.4
=========         Host Frame: void ctranslate2::primitives<(ctranslate2::Device)1>::gelu<half_float::half>(half_float::half const*, half_float::half*, long) [0x706f31] in libctranslate2.so.4
=========         Host Frame: void ctranslate2::ops::Conv1D::compute<(ctranslate2::Device)1, half_float::half>(ctranslate2::StorageView const&, ctranslate2::StorageView const&, ctranslate2::StorageView const*, ctranslate2::StorageView&, ctranslate2::StorageView const*) const [0x78e9bf] in libctranslate2.so.4
=========         Host Frame: ctranslate2::layers::WhisperEncoder::operator()(ctranslate2::StorageView const&, ctranslate2::StorageView&) [0x36c58b] in libctranslate2.so.4
=========         Host Frame: ctranslate2::models::WhisperReplica::maybe_encode(ctranslate2::StorageView) [0x3ca649] in libctranslate2.so.4
=========         Host Frame: ctranslate2::models::WhisperReplica::generate(ctranslate2::StorageView, std::vector<std::vector<unsigned long, std::allocator<unsigned long> >, std::allocator<std::vector<unsigned long, std::allocator<unsigned long> > > > const&, ctranslate2::models::WhisperOptions const&) [0x3d2732] in libctranslate2.so.4
=========         Host Frame: ctranslate2::models::WhisperReplica::generate(ctranslate2::StorageView, std::vector<std::vector<std::__cxx11::basic_string<char, std::char_traits<char>, std::allocator<char> >, std::allocator<std::__cxx11::basic_string<char, std::char_traits<char>, std::allocator<char> > > >, std::allocator<std::vector<std::__cxx11::basic_string<char, std::char_traits<char>, std::allocator<char> >, std::allocator<std::__cxx11::basic_string<char, std::char_traits<char>, std::allocator<char> > > > > > const&, ctranslate2::models::WhisperOptions const&) [0x3d4739] in libctranslate2.so.4
=========         Host Frame: ctranslate2::ReplicaPool<ctranslate2::models::WhisperReplica>::BatchJob<ctranslate2::models::WhisperGenerationResult, ctranslate2::ReplicaPool<ctranslate2::models::WhisperReplica>::post_batch<ctranslate2::models::WhisperGenerationResult, ctranslate2::models::Whisper::generate(ctranslate2::StorageView const&, std::vector<std::vector<std::__cxx11::basic_string<char, std::char_traits<char>, std::allocator<char> >, std::allocator<std::__cxx11::basic_string<char, std::char_traits<char>, std::allocator<char> > > >, std::allocator<std::vector<std::__cxx11::basic_string<char, std::char_traits<char>, std::allocator<char> >, std::allocator<std::__cxx11::basic_string<char, std::char_traits<char>, std::allocator<char> > > > > >, ctranslate2::models::WhisperOptions)::{lambda(ctranslate2::models::WhisperReplica&)#1}>(ctranslate2::models::Whisper::generate(ctranslate2::StorageView const&, std::vector<std::vector<std::__cxx11::basic_string<char, std::char_traits<char>, std::allocator<char> >, std::allocator<std::__cxx11::basic_string<char, std::char_traits<char>, std::allocator<char> > > >, std::allocator<std::vector<std::__cxx11::basic_string<char, std::char_traits<char>, std::allocator<char> >, std::allocator<std::__cxx11::basic_string<char, std::char_traits<char>, std::allocator<char> > > > > >, ctranslate2::models::WhisperOptions)::{lambda(ctranslate2::models::WhisperReplica&)#1}, std::vector<std::promise<ctranslate2::models::WhisperGenerationResult>, std::allocator<ctranslate2::models::WhisperGenerationResult> >)::{lambda()#1}>::run() [0x3d4862] in libctranslate2.so.4
=========         Host Frame: ctranslate2::Worker::run(ctranslate2::JobQueue&) [0x427542] in libctranslate2.so.4
=========         Host Frame:  [0xdc252] in libstdc++.so.6
=========         Host Frame:  [0x94a82] in libc.so.6
=========         Host Frame:  [0x1268df] in libc.so.6
========= 
========= Uninitialized __global__ memory read of size 2 bytes
=========     at void cub::CUB_200700_860_NS::detail::for_each::static_kernel<cub::CUB_200700_860_NS::detail::for_each::policy_hub_t::policy_350_t, long, thrust::THRUST_200700_860_NS::cuda_cub::__transform::unary_transform_f<const __half *, __half *, thrust::THRUST_200700_860_NS::cuda_cub::__transform::no_stencil_tag, ctranslate2::cuda::gelu_func<__half>, thrust::THRUST_200700_860_NS::cuda_cub::__transform::always_true_predicate>>(T2, T3)+0x680
=========     by thread (85,0,0) in block (0,0,0)
=========     Address 0xe26d956aa
=========     Saved host backtrace up to driver entry point at kernel launch time
=========         Host Frame: cudaLaunchKernel [0x800867] in libctranslate2.so.4
=========         Host Frame: void ctranslate2::primitives<(ctranslate2::Device)1>::gelu<half_float::half>(half_float::half const*, half_float::half*, long) [0x706f31] in libctranslate2.so.4
=========         Host Frame: void ctranslate2::ops::Conv1D::compute<(ctranslate2::Device)1, half_float::half>(ctranslate2::StorageView const&, ctranslate2::StorageView const&, ctranslate2::StorageView const*, ctranslate2::StorageView&, ctranslate2::StorageView const*) const [0x78e9bf] in libctranslate2.so.4
=========         Host Frame: ctranslate2::layers::WhisperEncoder::operator()(ctranslate2::StorageView const&, ctranslate2::StorageView&) [0x36c58b] in libctranslate2.so.4
=========         Host Frame: ctranslate2::models::WhisperReplica::maybe_encode(ctranslate2::StorageView) [0x3ca649] in libctranslate2.so.4
=========         Host Frame: ctranslate2::models::WhisperReplica::generate(ctranslate2::StorageView, std::vector<std::vector<unsigned long, std::allocator<unsigned long> >, std::allocator<std::vector<unsigned long, std::allocator<unsigned long> > > > const&, ctranslate2::models::WhisperOptions const&) [0x3d2732] in libctranslate2.so.4
=========         Host Frame: ctranslate2::models::WhisperReplica::generate(ctranslate2::StorageView, std::vector<std::vector<std::__cxx11::basic_string<char, std::char_traits<char>, std::allocator<char> >, std::allocator<std::__cxx11::basic_string<char, std::char_traits<char>, std::allocator<char> > > >, std::allocator<std::vector<std::__cxx11::basic_string<char, std::char_traits<char>, std::allocator<char> >, std::allocator<std::__cxx11::basic_string<char, std::char_traits<char>, std::allocator<char> > > > > > const&, ctranslate2::models::WhisperOptions const&) [0x3d4739] in libctranslate2.so.4
=========         Host Frame: ctranslate2::ReplicaPool<ctranslate2::models::WhisperReplica>::BatchJob<ctranslate2::models::WhisperGenerationResult, ctranslate2::ReplicaPool<ctranslate2::models::WhisperReplica>::post_batch<ctranslate2::models::WhisperGenerationResult, ctranslate2::models::Whisper::generate(ctranslate2::StorageView const&, std::vector<std::vector<std::__cxx11::basic_string<char, std::char_traits<char>, std::allocator<char> >, std::allocator<std::__cxx11::basic_string<char, std::char_traits<char>, std::allocator<char> > > >, std::allocator<std::vector<std::__cxx11::basic_string<char, std::char_traits<char>, std::allocator<char> >, std::allocator<std::__cxx11::basic_string<char, std::char_traits<char>, std::allocator<char> > > > > >, ctranslate2::models::WhisperOptions)::{lambda(ctranslate2::models::WhisperReplica&)#1}>(ctranslate2::models::Whisper::generate(ctranslate2::StorageView const&, std::vector<std::vector<std::__cxx11::basic_string<char, std::char_traits<char>, std::allocator<char> >, std::allocator<std::__cxx11::basic_string<char, std::char_traits<char>, std::allocator<char> > > >, std::allocator<std::vector<std::__cxx11::basic_string<char, std::char_traits<char>, std::allocator<char> >, std::allocator<std::__cxx11::basic_string<char, std::char_traits<char>, std::allocator<char> > > > > >, ctranslate2::models::WhisperOptions)::{lambda(ctranslate2::models::WhisperReplica&)#1}, std::vector<std::promise<ctranslate2::models::WhisperGenerationResult>, std::allocator<ctranslate2::models::WhisperGenerationResult> >)::{lambda()#1}>::run() [0x3d4862] in libctranslate2.so.4
=========         Host Frame: ctranslate2::Worker::run(ctranslate2::JobQueue&) [0x427542] in libctranslate2.so.4
=========         Host Frame:  [0xdc252] in libstdc++.so.6
=========         Host Frame:  [0x94a82] in libc.so.6
=========         Host Frame:  [0x1268df] in libc.so.6
========= 
========= Uninitialized __global__ memory read of size 2 bytes
=========     at void cub::CUB_200700_860_NS::detail::for_each::static_kernel<cub::CUB_200700_860_NS::detail::for_each::policy_hub_t::policy_350_t, long, thrust::THRUST_200700_860_NS::cuda_cub::__transform::unary_transform_f<const __half *, __half *, thrust::THRUST_200700_860_NS::cuda_cub::__transform::no_stencil_tag, ctranslate2::cuda::gelu_func<__half>, thrust::THRUST_200700_860_NS::cuda_cub::__transform::always_true_predicate>>(T2, T3)+0x680
=========     by thread (86,0,0) in block (0,0,0)
=========     Address 0xe26d956ac
=========     Saved host backtrace up to driver entry point at kernel launch time
=========         Host Frame: cudaLaunchKernel [0x800867] in libctranslate2.so.4
=========         Host Frame: void ctranslate2::primitives<(ctranslate2::Device)1>::gelu<half_float::half>(half_float::half const*, half_float::half*, long) [0x706f31] in libctranslate2.so.4
=========         Host Frame: void ctranslate2::ops::Conv1D::compute<(ctranslate2::Device)1, half_float::half>(ctranslate2::StorageView const&, ctranslate2::StorageView const&, ctranslate2::StorageView const*, ctranslate2::StorageView&, ctranslate2::StorageView const*) const [0x78e9bf] in libctranslate2.so.4
=========         Host Frame: ctranslate2::layers::WhisperEncoder::operator()(ctranslate2::StorageView const&, ctranslate2::StorageView&) [0x36c58b] in libctranslate2.so.4
=========         Host Frame: ctranslate2::models::WhisperReplica::maybe_encode(ctranslate2::StorageView) [0x3ca649] in libctranslate2.so.4
=========         Host Frame: ctranslate2::models::WhisperReplica::generate(ctranslate2::StorageView, std::vector<std::vector<unsigned long, std::allocator<unsigned long> >, std::allocator<std::vector<unsigned long, std::allocator<unsigned long> > > > const&, ctranslate2::models::WhisperOptions const&) [0x3d2732] in libctranslate2.so.4
=========         Host Frame: ctranslate2::models::WhisperReplica::generate(ctranslate2::StorageView, std::vector<std::vector<std::__cxx11::basic_string<char, std::char_traits<char>, std::allocator<char> >, std::allocator<std::__cxx11::basic_string<char, std::char_traits<char>, std::allocator<char> > > >, std::allocator<std::vector<std::__cxx11::basic_string<char, std::char_traits<char>, std::allocator<char> >, std::allocator<std::__cxx11::basic_string<char, std::char_traits<char>, std::allocator<char> > > > > > const&, ctranslate2::models::WhisperOptions const&) [0x3d4739] in libctranslate2.so.4
=========         Host Frame: ctranslate2::ReplicaPool<ctranslate2::models::WhisperReplica>::BatchJob<ctranslate2::models::WhisperGenerationResult, ctranslate2::ReplicaPool<ctranslate2::models::WhisperReplica>::post_batch<ctranslate2::models::WhisperGenerationResult, ctranslate2::models::Whisper::generate(ctranslate2::StorageView const&, std::vector<std::vector<std::__cxx11::basic_string<char, std::char_traits<char>, std::allocator<char> >, std::allocator<std::__cxx11::basic_string<char, std::char_traits<char>, std::allocator<char> > > >, std::allocator<std::vector<std::__cxx11::basic_string<char, std::char_traits<char>, std::allocator<char> >, std::allocator<std::__cxx11::basic_string<char, std::char_traits<char>, std::allocator<char> > > > > >, ctranslate2::models::WhisperOptions)::{lambda(ctranslate2::models::WhisperReplica&)#1}>(ctranslate2::models::Whisper::generate(ctranslate2::StorageView const&, std::vector<std::vector<std::__cxx11::basic_string<char, std::char_traits<char>, std::allocator<char> >, std::allocator<std::__cxx11::basic_string<char, std::char_traits<char>, std::allocator<char> > > >, std::allocator<std::vector<std::__cxx11::basic_string<char, std::char_traits<char>, std::allocator<char> >, std::allocator<std::__cxx11::basic_string<char, std::char_traits<char>, std::allocator<char> > > > > >, ctranslate2::models::WhisperOptions)::{lambda(ctranslate2::models::WhisperReplica&)#1}, std::vector<std::promise<ctranslate2::models::WhisperGenerationResult>, std::allocator<ctranslate2::models::WhisperGenerationResult> >)::{lambda()#1}>::run() [0x3d4862] in libctranslate2.so.4
=========         Host Frame: ctranslate2::Worker::run(ctranslate2::JobQueue&) [0x427542] in libctranslate2.so.4
=========         Host Frame:  [0xdc252] in libstdc++.so.6
=========         Host Frame:  [0x94a82] in libc.so.6
=========         Host Frame:  [0x1268df] in libc.so.6
========= 
========= Uninitialized __global__ memory read of size 2 bytes
=========     at void cub::CUB_200700_860_NS::detail::for_each::static_kernel<cub::CUB_200700_860_NS::detail::for_each::policy_hub_t::policy_350_t, long, thrust::THRUST_200700_860_NS::cuda_cub::__transform::unary_transform_f<const __half *, __half *, thrust::THRUST_200700_860_NS::cuda_cub::__transform::no_stencil_tag, ctranslate2::cuda::gelu_func<__half>, thrust::THRUST_200700_860_NS::cuda_cub::__transform::always_true_predicate>>(T2, T3)+0x680
=========     by thread (87,0,0) in block (0,0,0)
=========     Address 0xe26d956ae
=========     Saved host backtrace up to driver entry point at kernel launch time
=========         Host Frame: cudaLaunchKernel [0x800867] in libctranslate2.so.4
=========         Host Frame: void ctranslate2::primitives<(ctranslate2::Device)1>::gelu<half_float::half>(half_float::half const*, half_float::half*, long) [0x706f31] in libctranslate2.so.4
=========         Host Frame: void ctranslate2::ops::Conv1D::compute<(ctranslate2::Device)1, half_float::half>(ctranslate2::StorageView const&, ctranslate2::StorageView const&, ctranslate2::StorageView const*, ctranslate2::StorageView&, ctranslate2::StorageView const*) const [0x78e9bf] in libctranslate2.so.4
=========         Host Frame: ctranslate2::layers::WhisperEncoder::operator()(ctranslate2::StorageView const&, ctranslate2::StorageView&) [0x36c58b] in libctranslate2.so.4
=========         Host Frame: ctranslate2::models::WhisperReplica::maybe_encode(ctranslate2::StorageView) [0x3ca649] in libctranslate2.so.4
=========         Host Frame: ctranslate2::models::WhisperReplica::generate(ctranslate2::StorageView, std::vector<std::vector<unsigned long, std::allocator<unsigned long> >, std::allocator<std::vector<unsigned long, std::allocator<unsigned long> > > > const&, ctranslate2::models::WhisperOptions const&) [0x3d2732] in libctranslate2.so.4
=========         Host Frame: ctranslate2::models::WhisperReplica::generate(ctranslate2::StorageView, std::vector<std::vector<std::__cxx11::basic_string<char, std::char_traits<char>, std::allocator<char> >, std::allocator<std::__cxx11::basic_string<char, std::char_traits<char>, std::allocator<char> > > >, std::allocator<std::vector<std::__cxx11::basic_string<char, std::char_traits<char>, std::allocator<char> >, std::allocator<std::__cxx11::basic_string<char, std::char_traits<char>, std::allocator<char> > > > > > const&, ctranslate2::models::WhisperOptions const&) [0x3d4739] in libctranslate2.so.4
=========         Host Frame: ctranslate2::ReplicaPool<ctranslate2::models::WhisperReplica>::BatchJob<ctranslate2::models::WhisperGenerationResult, ctranslate2::ReplicaPool<ctranslate2::models::WhisperReplica>::post_batch<ctranslate2::models::WhisperGenerationResult, ctranslate2::models::Whisper::generate(ctranslate2::StorageView const&, std::vector<std::vector<std::__cxx11::basic_string<char, std::char_traits<char>, std::allocator<char> >, std::allocator<std::__cxx11::basic_string<char, std::char_traits<char>, std::allocator<char> > > >, std::allocator<std::vector<std::__cxx11::basic_string<char, std::char_traits<char>, std::allocator<char> >, std::allocator<std::__cxx11::basic_string<char, std::char_traits<char>, std::allocator<char> > > > > >, ctranslate2::models::WhisperOptions)::{lambda(ctranslate2::models::WhisperReplica&)#1}>(ctranslate2::models::Whisper::generate(ctranslate2::StorageView const&, std::vector<std::vector<std::__cxx11::basic_string<char, std::char_traits<char>, std::allocator<char> >, std::allocator<std::__cxx11::basic_string<char, std::char_traits<char>, std::allocator<char> > > >, std::allocator<std::vector<std::__cxx11::basic_string<char, std::char_traits<char>, std::allocator<char> >, std::allocator<std::__cxx11::basic_string<char, std::char_traits<char>, std::allocator<char> > > > > >, ctranslate2::models::WhisperOptions)::{lambda(ctranslate2::models::WhisperReplica&)#1}, std::vector<std::promise<ctranslate2::models::WhisperGenerationResult>, std::allocator<ctranslate2::models::WhisperGenerationResult> >)::{lambda()#1}>::run() [0x3d4862] in libctranslate2.so.4
=========         Host Frame: ctranslate2::Worker::run(ctranslate2::JobQueue&) [0x427542] in libctranslate2.so.4
=========         Host Frame:  [0xdc252] in libstdc++.so.6
=========         Host Frame:  [0x94a82] in libc.so.6
=========         Host Frame:  [0x1268df] in libc.so.6
========= 
========= Uninitialized __global__ memory read of size 2 bytes
=========     at void cub::CUB_200700_860_NS::detail::for_each::static_kernel<cub::CUB_200700_860_NS::detail::for_each::policy_hub_t::policy_350_t, long, thrust::THRUST_200700_860_NS::cuda_cub::__transform::unary_transform_f<const __half *, __half *, thrust::THRUST_200700_860_NS::cuda_cub::__transform::no_stencil_tag, ctranslate2::cuda::gelu_func<__half>, thrust::THRUST_200700_860_NS::cuda_cub::__transform::always_true_predicate>>(T2, T3)+0x680
=========     by thread (88,0,0) in block (0,0,0)
=========     Address 0xe26d956b0
=========     Saved host backtrace up to driver entry point at kernel launch time
=========         Host Frame: cudaLaunchKernel [0x800867] in libctranslate2.so.4
=========         Host Frame: void ctranslate2::primitives<(ctranslate2::Device)1>::gelu<half_float::half>(half_float::half const*, half_float::half*, long) [0x706f31] in libctranslate2.so.4
=========         Host Frame: void ctranslate2::ops::Conv1D::compute<(ctranslate2::Device)1, half_float::half>(ctranslate2::StorageView const&, ctranslate2::StorageView const&, ctranslate2::StorageView const*, ctranslate2::StorageView&, ctranslate2::StorageView const*) const [0x78e9bf] in libctranslate2.so.4
=========         Host Frame: ctranslate2::layers::WhisperEncoder::operator()(ctranslate2::StorageView const&, ctranslate2::StorageView&) [0x36c58b] in libctranslate2.so.4
=========         Host Frame: ctranslate2::models::WhisperReplica::maybe_encode(ctranslate2::StorageView) [0x3ca649] in libctranslate2.so.4
=========         Host Frame: ctranslate2::models::WhisperReplica::generate(ctranslate2::StorageView, std::vector<std::vector<unsigned long, std::allocator<unsigned long> >, std::allocator<std::vector<unsigned long, std::allocator<unsigned long> > > > const&, ctranslate2::models::WhisperOptions const&) [0x3d2732] in libctranslate2.so.4
=========         Host Frame: ctranslate2::models::WhisperReplica::generate(ctranslate2::StorageView, std::vector<std::vector<std::__cxx11::basic_string<char, std::char_traits<char>, std::allocator<char> >, std::allocator<std::__cxx11::basic_string<char, std::char_traits<char>, std::allocator<char> > > >, std::allocator<std::vector<std::__cxx11::basic_string<char, std::char_traits<char>, std::allocator<char> >, std::allocator<std::__cxx11::basic_string<char, std::char_traits<char>, std::allocator<char> > > > > > const&, ctranslate2::models::WhisperOptions const&) [0x3d4739] in libctranslate2.so.4
=========         Host Frame: ctranslate2::ReplicaPool<ctranslate2::models::WhisperReplica>::BatchJob<ctranslate2::models::WhisperGenerationResult, ctranslate2::ReplicaPool<ctranslate2::models::WhisperReplica>::post_batch<ctranslate2::models::WhisperGenerationResult, ctranslate2::models::Whisper::generate(ctranslate2::StorageView const&, std::vector<std::vector<std::__cxx11::basic_string<char, std::char_traits<char>, std::allocator<char> >, std::allocator<std::__cxx11::basic_string<char, std::char_traits<char>, std::allocator<char> > > >, std::allocator<std::vector<std::__cxx11::basic_string<char, std::char_traits<char>, std::allocator<char> >, std::allocator<std::__cxx11::basic_string<char, std::char_traits<char>, std::allocator<char> > > > > >, ctranslate2::models::WhisperOptions)::{lambda(ctranslate2::models::WhisperReplica&)#1}>(ctranslate2::models::Whisper::generate(ctranslate2::StorageView const&, std::vector<std::vector<std::__cxx11::basic_string<char, std::char_traits<char>, std::allocator<char> >, std::allocator<std::__cxx11::basic_string<char, std::char_traits<char>, std::allocator<char> > > >, std::allocator<std::vector<std::__cxx11::basic_string<char, std::char_traits<char>, std::allocator<char> >, std::allocator<std::__cxx11::basic_string<char, std::char_traits<char>, std::allocator<char> > > > > >, ctranslate2::models::WhisperOptions)::{lambda(ctranslate2::models::WhisperReplica&)#1}, std::vector<std::promise<ctranslate2::models::WhisperGenerationResult>, std::allocator<ctranslate2::models::WhisperGenerationResult> >)::{lambda()#1}>::run() [0x3d4862] in libctranslate2.so.4
=========         Host Frame: ctranslate2::Worker::run(ctranslate2::JobQueue&) [0x427542] in libctranslate2.so.4
=========         Host Frame:  [0xdc252] in libstdc++.so.6
=========         Host Frame:  [0x94a82] in libc.so.6
=========         Host Frame:  [0x1268df] in libc.so.6
========= 
========= Uninitialized __global__ memory read of size 2 bytes
=========     at void cub::CUB_200700_860_NS::detail::for_each::static_kernel<cub::CUB_200700_860_NS::detail::for_each::policy_hub_t::policy_350_t, long, thrust::THRUST_200700_860_NS::cuda_cub::__transform::unary_transform_f<const __half *, __half *, thrust::THRUST_200700_860_NS::cuda_cub::__transform::no_stencil_tag, ctranslate2::cuda::gelu_func<__half>, thrust::THRUST_200700_860_NS::cuda_cub::__transform::always_true_predicate>>(T2, T3)+0x680
=========     by thread (89,0,0) in block (0,0,0)
=========     Address 0xe26d956b2
=========     Saved host backtrace up to driver entry point at kernel launch time
=========         Host Frame: cudaLaunchKernel [0x800867] in libctranslate2.so.4
=========         Host Frame: void ctranslate2::primitives<(ctranslate2::Device)1>::gelu<half_float::half>(half_float::half const*, half_float::half*, long) [0x706f31] in libctranslate2.so.4
=========         Host Frame: void ctranslate2::ops::Conv1D::compute<(ctranslate2::Device)1, half_float::half>(ctranslate2::StorageView const&, ctranslate2::StorageView const&, ctranslate2::StorageView const*, ctranslate2::StorageView&, ctranslate2::StorageView const*) const [0x78e9bf] in libctranslate2.so.4
=========         Host Frame: ctranslate2::layers::WhisperEncoder::operator()(ctranslate2::StorageView const&, ctranslate2::StorageView&) [0x36c58b] in libctranslate2.so.4
=========         Host Frame: ctranslate2::models::WhisperReplica::maybe_encode(ctranslate2::StorageView) [0x3ca649] in libctranslate2.so.4
=========         Host Frame: ctranslate2::models::WhisperReplica::generate(ctranslate2::StorageView, std::vector<std::vector<unsigned long, std::allocator<unsigned long> >, std::allocator<std::vector<unsigned long, std::allocator<unsigned long> > > > const&, ctranslate2::models::WhisperOptions const&) [0x3d2732] in libctranslate2.so.4
=========         Host Frame: ctranslate2::models::WhisperReplica::generate(ctranslate2::StorageView, std::vector<std::vector<std::__cxx11::basic_string<char, std::char_traits<char>, std::allocator<char> >, std::allocator<std::__cxx11::basic_string<char, std::char_traits<char>, std::allocator<char> > > >, std::allocator<std::vector<std::__cxx11::basic_string<char, std::char_traits<char>, std::allocator<char> >, std::allocator<std::__cxx11::basic_string<char, std::char_traits<char>, std::allocator<char> > > > > > const&, ctranslate2::models::WhisperOptions const&) [0x3d4739] in libctranslate2.so.4
=========         Host Frame: ctranslate2::ReplicaPool<ctranslate2::models::WhisperReplica>::BatchJob<ctranslate2::models::WhisperGenerationResult, ctranslate2::ReplicaPool<ctranslate2::models::WhisperReplica>::post_batch<ctranslate2::models::WhisperGenerationResult, ctranslate2::models::Whisper::generate(ctranslate2::StorageView const&, std::vector<std::vector<std::__cxx11::basic_string<char, std::char_traits<char>, std::allocator<char> >, std::allocator<std::__cxx11::basic_string<char, std::char_traits<char>, std::allocator<char> > > >, std::allocator<std::vector<std::__cxx11::basic_string<char, std::char_traits<char>, std::allocator<char> >, std::allocator<std::__cxx11::basic_string<char, std::char_traits<char>, std::allocator<char> > > > > >, ctranslate2::models::WhisperOptions)::{lambda(ctranslate2::models::WhisperReplica&)#1}>(ctranslate2::models::Whisper::generate(ctranslate2::StorageView const&, std::vector<std::vector<std::__cxx11::basic_string<char, std::char_traits<char>, std::allocator<char> >, std::allocator<std::__cxx11::basic_string<char, std::char_traits<char>, std::allocator<char> > > >, std::allocator<std::vector<std::__cxx11::basic_string<char, std::char_traits<char>, std::allocator<char> >, std::allocator<std::__cxx11::basic_string<char, std::char_traits<char>, std::allocator<char> > > > > >, ctranslate2::models::WhisperOptions)::{lambda(ctranslate2::models::WhisperReplica&)#1}, std::vector<std::promise<ctranslate2::models::WhisperGenerationResult>, std::allocator<ctranslate2::models::WhisperGenerationResult> >)::{lambda()#1}>::run() [0x3d4862] in libctranslate2.so.4
=========         Host Frame: ctranslate2::Worker::run(ctranslate2::JobQueue&) [0x427542] in libctranslate2.so.4
=========         Host Frame:  [0xdc252] in libstdc++.so.6
=========         Host Frame:  [0x94a82] in libc.so.6
=========         Host Frame:  [0x1268df] in libc.so.6
========= 
========= Uninitialized __global__ memory read of size 2 bytes
=========     at void cub::CUB_200700_860_NS::detail::for_each::static_kernel<cub::CUB_200700_860_NS::detail::for_each::policy_hub_t::policy_350_t, long, thrust::THRUST_200700_860_NS::cuda_cub::__transform::unary_transform_f<const __half *, __half *, thrust::THRUST_200700_860_NS::cuda_cub::__transform::no_stencil_tag, ctranslate2::cuda::gelu_func<__half>, thrust::THRUST_200700_860_NS::cuda_cub::__transform::always_true_predicate>>(T2, T3)+0x680
=========     by thread (90,0,0) in block (0,0,0)
=========     Address 0xe26d956b4
=========     Saved host backtrace up to driver entry point at kernel launch time
=========         Host Frame: cudaLaunchKernel [0x800867] in libctranslate2.so.4
=========         Host Frame: void ctranslate2::primitives<(ctranslate2::Device)1>::gelu<half_float::half>(half_float::half const*, half_float::half*, long) [0x706f31] in libctranslate2.so.4
=========         Host Frame: void ctranslate2::ops::Conv1D::compute<(ctranslate2::Device)1, half_float::half>(ctranslate2::StorageView const&, ctranslate2::StorageView const&, ctranslate2::StorageView const*, ctranslate2::StorageView&, ctranslate2::StorageView const*) const [0x78e9bf] in libctranslate2.so.4
=========         Host Frame: ctranslate2::layers::WhisperEncoder::operator()(ctranslate2::StorageView const&, ctranslate2::StorageView&) [0x36c58b] in libctranslate2.so.4
=========         Host Frame: ctranslate2::models::WhisperReplica::maybe_encode(ctranslate2::StorageView) [0x3ca649] in libctranslate2.so.4
=========         Host Frame: ctranslate2::models::WhisperReplica::generate(ctranslate2::StorageView, std::vector<std::vector<unsigned long, std::allocator<unsigned long> >, std::allocator<std::vector<unsigned long, std::allocator<unsigned long> > > > const&, ctranslate2::models::WhisperOptions const&) [0x3d2732] in libctranslate2.so.4
=========         Host Frame: ctranslate2::models::WhisperReplica::generate(ctranslate2::StorageView, std::vector<std::vector<std::__cxx11::basic_string<char, std::char_traits<char>, std::allocator<char> >, std::allocator<std::__cxx11::basic_string<char, std::char_traits<char>, std::allocator<char> > > >, std::allocator<std::vector<std::__cxx11::basic_string<char, std::char_traits<char>, std::allocator<char> >, std::allocator<std::__cxx11::basic_string<char, std::char_traits<char>, std::allocator<char> > > > > > const&, ctranslate2::models::WhisperOptions const&) [0x3d4739] in libctranslate2.so.4
=========         Host Frame: ctranslate2::ReplicaPool<ctranslate2::models::WhisperReplica>::BatchJob<ctranslate2::models::WhisperGenerationResult, ctranslate2::ReplicaPool<ctranslate2::models::WhisperReplica>::post_batch<ctranslate2::models::WhisperGenerationResult, ctranslate2::models::Whisper::generate(ctranslate2::StorageView const&, std::vector<std::vector<std::__cxx11::basic_string<char, std::char_traits<char>, std::allocator<char> >, std::allocator<std::__cxx11::basic_string<char, std::char_traits<char>, std::allocator<char> > > >, std::allocator<std::vector<std::__cxx11::basic_string<char, std::char_traits<char>, std::allocator<char> >, std::allocator<std::__cxx11::basic_string<char, std::char_traits<char>, std::allocator<char> > > > > >, ctranslate2::models::WhisperOptions)::{lambda(ctranslate2::models::WhisperReplica&)#1}>(ctranslate2::models::Whisper::generate(ctranslate2::StorageView const&, std::vector<std::vector<std::__cxx11::basic_string<char, std::char_traits<char>, std::allocator<char> >, std::allocator<std::__cxx11::basic_string<char, std::char_traits<char>, std::allocator<char> > > >, std::allocator<std::vector<std::__cxx11::basic_string<char, std::char_traits<char>, std::allocator<char> >, std::allocator<std::__cxx11::basic_string<char, std::char_traits<char>, std::allocator<char> > > > > >, ctranslate2::models::WhisperOptions)::{lambda(ctranslate2::models::WhisperReplica&)#1}, std::vector<std::promise<ctranslate2::models::WhisperGenerationResult>, std::allocator<ctranslate2::models::WhisperGenerationResult> >)::{lambda()#1}>::run() [0x3d4862] in libctranslate2.so.4
=========         Host Frame: ctranslate2::Worker::run(ctranslate2::JobQueue&) [0x427542] in libctranslate2.so.4
=========         Host Frame:  [0xdc252] in libstdc++.so.6
=========         Host Frame:  [0x94a82] in libc.so.6
=========         Host Frame:  [0x1268df] in libc.so.6
========= 
========= Uninitialized __global__ memory read of size 2 bytes
=========     at void cub::CUB_200700_860_NS::detail::for_each::static_kernel<cub::CUB_200700_860_NS::detail::for_each::policy_hub_t::policy_350_t, long, thrust::THRUST_200700_860_NS::cuda_cub::__transform::unary_transform_f<const __half *, __half *, thrust::THRUST_200700_860_NS::cuda_cub::__transform::no_stencil_tag, ctranslate2::cuda::gelu_func<__half>, thrust::THRUST_200700_860_NS::cuda_cub::__transform::always_true_predicate>>(T2, T3)+0x680
=========     by thread (91,0,0) in block (0,0,0)
=========     Address 0xe26d956b6
=========     Saved host backtrace up to driver entry point at kernel launch time
=========         Host Frame: cudaLaunchKernel [0x800867] in libctranslate2.so.4
=========         Host Frame: void ctranslate2::primitives<(ctranslate2::Device)1>::gelu<half_float::half>(half_float::half const*, half_float::half*, long) [0x706f31] in libctranslate2.so.4
=========         Host Frame: void ctranslate2::ops::Conv1D::compute<(ctranslate2::Device)1, half_float::half>(ctranslate2::StorageView const&, ctranslate2::StorageView const&, ctranslate2::StorageView const*, ctranslate2::StorageView&, ctranslate2::StorageView const*) const [0x78e9bf] in libctranslate2.so.4
=========         Host Frame: ctranslate2::layers::WhisperEncoder::operator()(ctranslate2::StorageView const&, ctranslate2::StorageView&) [0x36c58b] in libctranslate2.so.4
=========         Host Frame: ctranslate2::models::WhisperReplica::maybe_encode(ctranslate2::StorageView) [0x3ca649] in libctranslate2.so.4
=========         Host Frame: ctranslate2::models::WhisperReplica::generate(ctranslate2::StorageView, std::vector<std::vector<unsigned long, std::allocator<unsigned long> >, std::allocator<std::vector<unsigned long, std::allocator<unsigned long> > > > const&, ctranslate2::models::WhisperOptions const&) [0x3d2732] in libctranslate2.so.4
=========         Host Frame: ctranslate2::models::WhisperReplica::generate(ctranslate2::StorageView, std::vector<std::vector<std::__cxx11::basic_string<char, std::char_traits<char>, std::allocator<char> >, std::allocator<std::__cxx11::basic_string<char, std::char_traits<char>, std::allocator<char> > > >, std::allocator<std::vector<std::__cxx11::basic_string<char, std::char_traits<char>, std::allocator<char> >, std::allocator<std::__cxx11::basic_string<char, std::char_traits<char>, std::allocator<char> > > > > > const&, ctranslate2::models::WhisperOptions const&) [0x3d4739] in libctranslate2.so.4
=========         Host Frame: ctranslate2::ReplicaPool<ctranslate2::models::WhisperReplica>::BatchJob<ctranslate2::models::WhisperGenerationResult, ctranslate2::ReplicaPool<ctranslate2::models::WhisperReplica>::post_batch<ctranslate2::models::WhisperGenerationResult, ctranslate2::models::Whisper::generate(ctranslate2::StorageView const&, std::vector<std::vector<std::__cxx11::basic_string<char, std::char_traits<char>, std::allocator<char> >, std::allocator<std::__cxx11::basic_string<char, std::char_traits<char>, std::allocator<char> > > >, std::allocator<std::vector<std::__cxx11::basic_string<char, std::char_traits<char>, std::allocator<char> >, std::allocator<std::__cxx11::basic_string<char, std::char_traits<char>, std::allocator<char> > > > > >, ctranslate2::models::WhisperOptions)::{lambda(ctranslate2::models::WhisperReplica&)#1}>(ctranslate2::models::Whisper::generate(ctranslate2::StorageView const&, std::vector<std::vector<std::__cxx11::basic_string<char, std::char_traits<char>, std::allocator<char> >, std::allocator<std::__cxx11::basic_string<char, std::char_traits<char>, std::allocator<char> > > >, std::allocator<std::vector<std::__cxx11::basic_string<char, std::char_traits<char>, std::allocator<char> >, std::allocator<std::__cxx11::basic_string<char, std::char_traits<char>, std::allocator<char> > > > > >, ctranslate2::models::WhisperOptions)::{lambda(ctranslate2::models::WhisperReplica&)#1}, std::vector<std::promise<ctranslate2::models::WhisperGenerationResult>, std::allocator<ctranslate2::models::WhisperGenerationResult> >)::{lambda()#1}>::run() [0x3d4862] in libctranslate2.so.4
=========         Host Frame: ctranslate2::Worker::run(ctranslate2::JobQueue&) [0x427542] in libctranslate2.so.4
=========         Host Frame:  [0xdc252] in libstdc++.so.6
=========         Host Frame:  [0x94a82] in libc.so.6
=========         Host Frame:  [0x1268df] in libc.so.6
========= 
========= Uninitialized __global__ memory read of size 2 bytes
=========     at void cub::CUB_200700_860_NS::detail::for_each::static_kernel<cub::CUB_200700_860_NS::detail::for_each::policy_hub_t::policy_350_t, long, thrust::THRUST_200700_860_NS::cuda_cub::__transform::unary_transform_f<const __half *, __half *, thrust::THRUST_200700_860_NS::cuda_cub::__transform::no_stencil_tag, ctranslate2::cuda::gelu_func<__half>, thrust::THRUST_200700_860_NS::cuda_cub::__transform::always_true_predicate>>(T2, T3)+0x680
=========     by thread (92,0,0) in block (0,0,0)
=========     Address 0xe26d956b8
=========     Saved host backtrace up to driver entry point at kernel launch time
=========         Host Frame: cudaLaunchKernel [0x800867] in libctranslate2.so.4
=========         Host Frame: void ctranslate2::primitives<(ctranslate2::Device)1>::gelu<half_float::half>(half_float::half const*, half_float::half*, long) [0x706f31] in libctranslate2.so.4
=========         Host Frame: void ctranslate2::ops::Conv1D::compute<(ctranslate2::Device)1, half_float::half>(ctranslate2::StorageView const&, ctranslate2::StorageView const&, ctranslate2::StorageView const*, ctranslate2::StorageView&, ctranslate2::StorageView const*) const [0x78e9bf] in libctranslate2.so.4
=========         Host Frame: ctranslate2::layers::WhisperEncoder::operator()(ctranslate2::StorageView const&, ctranslate2::StorageView&) [0x36c58b] in libctranslate2.so.4
=========         Host Frame: ctranslate2::models::WhisperReplica::maybe_encode(ctranslate2::StorageView) [0x3ca649] in libctranslate2.so.4
=========         Host Frame: ctranslate2::models::WhisperReplica::generate(ctranslate2::StorageView, std::vector<std::vector<unsigned long, std::allocator<unsigned long> >, std::allocator<std::vector<unsigned long, std::allocator<unsigned long> > > > const&, ctranslate2::models::WhisperOptions const&) [0x3d2732] in libctranslate2.so.4
=========         Host Frame: ctranslate2::models::WhisperReplica::generate(ctranslate2::StorageView, std::vector<std::vector<std::__cxx11::basic_string<char, std::char_traits<char>, std::allocator<char> >, std::allocator<std::__cxx11::basic_string<char, std::char_traits<char>, std::allocator<char> > > >, std::allocator<std::vector<std::__cxx11::basic_string<char, std::char_traits<char>, std::allocator<char> >, std::allocator<std::__cxx11::basic_string<char, std::char_traits<char>, std::allocator<char> > > > > > const&, ctranslate2::models::WhisperOptions const&) [0x3d4739] in libctranslate2.so.4
=========         Host Frame: ctranslate2::ReplicaPool<ctranslate2::models::WhisperReplica>::BatchJob<ctranslate2::models::WhisperGenerationResult, ctranslate2::ReplicaPool<ctranslate2::models::WhisperReplica>::post_batch<ctranslate2::models::WhisperGenerationResult, ctranslate2::models::Whisper::generate(ctranslate2::StorageView const&, std::vector<std::vector<std::__cxx11::basic_string<char, std::char_traits<char>, std::allocator<char> >, std::allocator<std::__cxx11::basic_string<char, std::char_traits<char>, std::allocator<char> > > >, std::allocator<std::vector<std::__cxx11::basic_string<char, std::char_traits<char>, std::allocator<char> >, std::allocator<std::__cxx11::basic_string<char, std::char_traits<char>, std::allocator<char> > > > > >, ctranslate2::models::WhisperOptions)::{lambda(ctranslate2::models::WhisperReplica&)#1}>(ctranslate2::models::Whisper::generate(ctranslate2::StorageView const&, std::vector<std::vector<std::__cxx11::basic_string<char, std::char_traits<char>, std::allocator<char> >, std::allocator<std::__cxx11::basic_string<char, std::char_traits<char>, std::allocator<char> > > >, std::allocator<std::vector<std::__cxx11::basic_string<char, std::char_traits<char>, std::allocator<char> >, std::allocator<std::__cxx11::basic_string<char, std::char_traits<char>, std::allocator<char> > > > > >, ctranslate2::models::WhisperOptions)::{lambda(ctranslate2::models::WhisperReplica&)#1}, std::vector<std::promise<ctranslate2::models::WhisperGenerationResult>, std::allocator<ctranslate2::models::WhisperGenerationResult> >)::{lambda()#1}>::run() [0x3d4862] in libctranslate2.so.4
=========         Host Frame: ctranslate2::Worker::run(ctranslate2::JobQueue&) [0x427542] in libctranslate2.so.4
=========         Host Frame:  [0xdc252] in libstdc++.so.6
=========         Host Frame:  [0x94a82] in libc.so.6
=========         Host Frame:  [0x1268df] in libc.so.6
========= 
========= Uninitialized __global__ memory read of size 2 bytes
=========     at void cub::CUB_200700_860_NS::detail::for_each::static_kernel<cub::CUB_200700_860_NS::detail::for_each::policy_hub_t::policy_350_t, long, thrust::THRUST_200700_860_NS::cuda_cub::__transform::unary_transform_f<const __half *, __half *, thrust::THRUST_200700_860_NS::cuda_cub::__transform::no_stencil_tag, ctranslate2::cuda::gelu_func<__half>, thrust::THRUST_200700_860_NS::cuda_cub::__transform::always_true_predicate>>(T2, T3)+0x680
=========     by thread (93,0,0) in block (0,0,0)
=========     Address 0xe26d956ba
=========     Saved host backtrace up to driver entry point at kernel launch time
=========         Host Frame: cudaLaunchKernel [0x800867] in libctranslate2.so.4
=========         Host Frame: void ctranslate2::primitives<(ctranslate2::Device)1>::gelu<half_float::half>(half_float::half const*, half_float::half*, long) [0x706f31] in libctranslate2.so.4
=========         Host Frame: void ctranslate2::ops::Conv1D::compute<(ctranslate2::Device)1, half_float::half>(ctranslate2::StorageView const&, ctranslate2::StorageView const&, ctranslate2::StorageView const*, ctranslate2::StorageView&, ctranslate2::StorageView const*) const [0x78e9bf] in libctranslate2.so.4
=========         Host Frame: ctranslate2::layers::WhisperEncoder::operator()(ctranslate2::StorageView const&, ctranslate2::StorageView&) [0x36c58b] in libctranslate2.so.4
=========         Host Frame: ctranslate2::models::WhisperReplica::maybe_encode(ctranslate2::StorageView) [0x3ca649] in libctranslate2.so.4
=========         Host Frame: ctranslate2::models::WhisperReplica::generate(ctranslate2::StorageView, std::vector<std::vector<unsigned long, std::allocator<unsigned long> >, std::allocator<std::vector<unsigned long, std::allocator<unsigned long> > > > const&, ctranslate2::models::WhisperOptions const&) [0x3d2732] in libctranslate2.so.4
=========         Host Frame: ctranslate2::models::WhisperReplica::generate(ctranslate2::StorageView, std::vector<std::vector<std::__cxx11::basic_string<char, std::char_traits<char>, std::allocator<char> >, std::allocator<std::__cxx11::basic_string<char, std::char_traits<char>, std::allocator<char> > > >, std::allocator<std::vector<std::__cxx11::basic_string<char, std::char_traits<char>, std::allocator<char> >, std::allocator<std::__cxx11::basic_string<char, std::char_traits<char>, std::allocator<char> > > > > > const&, ctranslate2::models::WhisperOptions const&) [0x3d4739] in libctranslate2.so.4
=========         Host Frame: ctranslate2::ReplicaPool<ctranslate2::models::WhisperReplica>::BatchJob<ctranslate2::models::WhisperGenerationResult, ctranslate2::ReplicaPool<ctranslate2::models::WhisperReplica>::post_batch<ctranslate2::models::WhisperGenerationResult, ctranslate2::models::Whisper::generate(ctranslate2::StorageView const&, std::vector<std::vector<std::__cxx11::basic_string<char, std::char_traits<char>, std::allocator<char> >, std::allocator<std::__cxx11::basic_string<char, std::char_traits<char>, std::allocator<char> > > >, std::allocator<std::vector<std::__cxx11::basic_string<char, std::char_traits<char>, std::allocator<char> >, std::allocator<std::__cxx11::basic_string<char, std::char_traits<char>, std::allocator<char> > > > > >, ctranslate2::models::WhisperOptions)::{lambda(ctranslate2::models::WhisperReplica&)#1}>(ctranslate2::models::Whisper::generate(ctranslate2::StorageView const&, std::vector<std::vector<std::__cxx11::basic_string<char, std::char_traits<char>, std::allocator<char> >, std::allocator<std::__cxx11::basic_string<char, std::char_traits<char>, std::allocator<char> > > >, std::allocator<std::vector<std::__cxx11::basic_string<char, std::char_traits<char>, std::allocator<char> >, std::allocator<std::__cxx11::basic_string<char, std::char_traits<char>, std::allocator<char> > > > > >, ctranslate2::models::WhisperOptions)::{lambda(ctranslate2::models::WhisperReplica&)#1}, std::vector<std::promise<ctranslate2::models::WhisperGenerationResult>, std::allocator<ctranslate2::models::WhisperGenerationResult> >)::{lambda()#1}>::run() [0x3d4862] in libctranslate2.so.4
=========         Host Frame: ctranslate2::Worker::run(ctranslate2::JobQueue&) [0x427542] in libctranslate2.so.4
=========         Host Frame:  [0xdc252] in libstdc++.so.6
=========         Host Frame:  [0x94a82] in libc.so.6
=========         Host Frame:  [0x1268df] in libc.so.6
========= 
rc=124
